Device_id,Model ID,Task ID,Stream ID,Name,Type,OP State,Accelerator Core,Start Time(us),Duration(us),Wait Time(us),Block Num,Mix Block Num,HF32 Eligible,Input Shapes,Input Data Types,Input Formats,Output Shapes,Output Data Types,Output Formats,Context ID,aicore_time(us),aic_total_cycles,aic_mac_time(us),aic_mac_ratio,aic_scalar_time(us),aic_scalar_ratio,aic_mte1_time(us),aic_mte1_ratio,aic_mte2_time(us),aic_mte2_ratio,aic_mte3_time(us),aic_mte3_ratio,aic_fixpipe_time(us),aic_fixpipe_ratio,aic_icache_miss_rate,aiv_time(us),aiv_total_cycles,aiv_vec_time(us),aiv_vec_ratio,aiv_scalar_time(us),aiv_scalar_ratio,aiv_mte2_time(us),aiv_mte2_ratio,aiv_mte3_time(us),aiv_mte3_ratio,aiv_icache_miss_rate,cube_utilization(%)
5,4294967295,1298,61,_swa_bwd_dkdv_kernel,_swa_bwd_dkdv_kernel,static,AI_CORE,1783586155350392.872	,123.459,0,28,0,YES,"""1964,16,96;16,1964;16,1964""",DT_BF16;FLOAT;FLOAT,ND;ND;ND,"""1964,4,96;1964,4,96""",DT_BF16;DT_BF16,ND;ND,N/A,122.75,3909892,55.129,0.449,69.48,0.566,50.105,0.408,76.459,0.623,0.002,0.0,32.438,0.264,0.001,122.77,7986600,81.515,0.664,33.177,0.27,34.488,0.281,15.487,0.126,0.002,68.549
5,4294967295,1299,61,_swa_bwd_dkdv_kernel,_swa_bwd_dkdv_kernel,static,AI_CORE,1783586155350623.530	,123.21,107.199,28,0,YES,"""1964,16,96;16,1964;16,1964""",DT_BF16;FLOAT;FLOAT,ND;ND;ND,"""1964,4,96;1964,4,96""",DT_BF16;DT_BF16,ND;ND,N/A,122.91,3909049,55.188,0.449,70.23,0.571,50.261,0.409,76.225,0.62,0.002,0.0,32.467,0.264,0.0,122.94,7976730,81.416,0.662,34.107,0.277,34.734,0.283,14.961,0.122,0.0,68.673
5,4294967295,1300,61,_swa_bwd_dkdv_kernel,_swa_bwd_dkdv_kernel,static,AI_CORE,1783586155350819.675	,122.928,72.935,28,0,YES,"""1964,16,96;16,1964;16,1964""",DT_BF16;FLOAT;FLOAT,ND;ND;ND,"""1964,4,96;1964,4,96""",DT_BF16;DT_BF16,ND;ND,N/A,122.59,3885790,55.419,0.452,69.734,0.569,50.433,0.411,76.366,0.623,0.002,0.0,32.587,0.266,0.0,122.61,7932212,81.659,0.666,33.699,0.275,34.781,0.284,14.935,0.122,0.0,68.421
5,4294967295,1301,61,_swa_bwd_dkdv_kernel,_swa_bwd_dkdv_kernel,static,AI_CORE,1783586155351009.788	,123.358,67.185,28,0,YES,"""1964,16,96;16,1964;16,1964""",DT_BF16;FLOAT;FLOAT,ND;ND;ND,"""1964,4,96;1964,4,96""",DT_BF16;DT_BF16,ND;ND,N/A,123.02,3900434,55.357,0.45,70.222,0.571,50.404,0.41,76.411,0.621,0.002,0.0,32.565,0.265,0.0,123.04,7959547,81.659,0.664,33.991,0.276,34.836,0.283,14.94,0.121,0.0,68.439
5,4294967295,1302,61,_swa_bwd_dkdv_kernel,_swa_bwd_dkdv_kernel,static,AI_CORE,1783586155351195.299	,122.631,62.153,28,0,YES,"""1964,16,96;16,1964;16,1964""",DT_BF16;FLOAT;FLOAT,ND;ND;ND,"""1964,4,96;1964,4,96""",DT_BF16;DT_BF16,ND;ND,N/A,122.34,3889459,55.179,0.451,69.646,0.569,50.271,0.411,76.15,0.622,0.002,0.0,32.5,0.266,0.0,122.36,7940603,81.402,0.665,33.705,0.275,34.671,0.283,14.89,0.122,0.0,68.651
5,4294967295,1303,61,_swa_bwd_dkdv_kernel,_swa_bwd_dkdv_kernel,static,AI_CORE,1783586155351378.438	,122.036,60.508,28,0,YES,"""1964,16,96;16,1964;16,1964""",DT_BF16;FLOAT;FLOAT,ND;ND;ND,"""1964,4,96;1964,4,96""",DT_BF16;DT_BF16,ND;ND,N/A,121.74,3863528,55.376,0.455,68.961,0.566,50.349,0.414,76.401,0.628,0.002,0.0,32.534,0.267,0.0,121.77,7888262,81.545,0.67,32.91,0.27,34.803,0.286,14.937,0.123,0.0,68.526
5,4294967295,1304,61,_swa_bwd_dkdv_kernel,_swa_bwd_dkdv_kernel,static,AI_CORE,1783586155351560.768	,123.807,60.294,28,0,YES,"""1964,16,96;16,1964;16,1964""",DT_BF16;FLOAT;FLOAT,ND;ND;ND,"""1964,4,96;1964,4,96""",DT_BF16;DT_BF16,ND;ND,N/A,123.35,3904146,55.457,0.45,70.423,0.571,50.458,0.409,76.444,0.62,0.002,0.0,32.63,0.265,0.0,123.38,7967285,81.8,0.663,34.265,0.278,34.908,0.283,14.929,0.121,0.0,68.256
5,4294967295,1305,61,_swa_bwd_dkdv_kernel,_swa_bwd_dkdv_kernel,static,AI_CORE,1783586155351747.104	,123.538,62.529,28,0,YES,"""1964,16,96;16,1964;16,1964""",DT_BF16;FLOAT;FLOAT,ND;ND;ND,"""1964,4,96;1964,4,96""",DT_BF16;DT_BF16,ND;ND,N/A,123.22,3903499,55.394,0.45,70.272,0.57,50.486,0.41,76.398,0.62,0.002,0.0,32.601,0.265,0.0,123.24,7967726,81.711,0.663,34.27,0.278,34.9,0.283,14.905,0.121,0.0,68.393
5,4294967295,1306,61,_swa_bwd_dkdv_kernel,_swa_bwd_dkdv_kernel,static,AI_CORE,1783586155351926.941	,122.291,56.299,28,0,YES,"""1964,16,96;16,1964;16,1964""",DT_BF16;FLOAT;FLOAT,ND;ND;ND,"""1964,4,96;1964,4,96""",DT_BF16;DT_BF16,ND;ND,N/A,121.99,3878532,55.162,0.452,69.363,0.569,50.221,0.412,76.299,0.625,0.002,0.0,32.489,0.266,0.0,122.02,7916454,81.423,0.667,33.557,0.275,34.692,0.284,14.883,0.122,0.0,68.648
5,4294967295,1307,61,_swa_bwd_dkdv_kernel,_swa_bwd_dkdv_kernel,static,AI_CORE,1783586155352106.768	,123.144,57.536,28,0,YES,"""1964,16,96;16,1964;16,1964""",DT_BF16;FLOAT;FLOAT,ND;ND;ND,"""1964,4,96;1964,4,96""",DT_BF16;DT_BF16,ND;ND,N/A,122.85,3902742,55.267,0.45,70.074,0.57,50.308,0.41,76.388,0.622,0.002,0.0,32.516,0.265,0.0,122.87,7960339,81.542,0.664,33.932,0.276,34.83,0.283,14.915,0.121,0.0,68.598
5,4294967295,1308,61,_swa_bwd_dkdv_kernel,_swa_bwd_dkdv_kernel,static,AI_CORE,1783586155352288.389	,122.495,58.477,28,0,YES,"""1964,16,96;16,1964;16,1964""",DT_BF16;FLOAT;FLOAT,ND;ND;ND,"""1964,4,96;1964,4,96""",DT_BF16;DT_BF16,ND;ND,N/A,122.14,3866716,55.468,0.454,69.219,0.567,50.481,0.413,76.531,0.627,0.002,0.0,32.619,0.267,0.0,122.16,7894312,81.744,0.669,33.048,0.271,34.897,0.286,14.964,0.122,0.0,68.325
5,4294967295,1309,61,_swa_bwd_dkdv_kernel,_swa_bwd_dkdv_kernel,static,AI_CORE,1783586155352469.416	,123.446,58.532,28,0,YES,"""1964,16,96;16,1964;16,1964""",DT_BF16;FLOAT;FLOAT,ND;ND;ND,"""1964,4,96;1964,4,96""",DT_BF16;DT_BF16,ND;ND,N/A,123.09,3909083,55.296,0.449,70.26,0.571,50.325,0.409,76.329,0.62,0.002,0.0,32.517,0.264,0.0,123.11,7977449,81.523,0.662,34.359,0.279,34.727,0.282,14.909,0.121,0.0,68.542
5,4294967295,1310,61,_swa_bwd_dkdv_kernel,_swa_bwd_dkdv_kernel,static,AI_CORE,1783586155352656.630	,123.005,63.768,28,0,YES,"""1964,16,96;16,1964;16,1964""",DT_BF16;FLOAT;FLOAT,ND;ND;ND,"""1964,4,96;1964,4,96""",DT_BF16;DT_BF16,ND;ND,N/A,122.71,3889638,55.365,0.451,69.907,0.57,50.399,0.411,76.449,0.623,0.002,0.0,32.63,0.266,0.0,122.74,7941489,81.646,0.665,33.831,0.276,34.801,0.284,14.927,0.122,0.0,68.445
5,4294967295,1311,61,_swa_bwd_dkdv_kernel,_swa_bwd_dkdv_kernel,static,AI_CORE,1783586155352835.368	,122.805,55.733,28,0,YES,"""1964,16,96;16,1964;16,1964""",DT_BF16;FLOAT;FLOAT,ND;ND;ND,"""1964,4,96;1964,4,96""",DT_BF16;DT_BF16,ND;ND,N/A,122.51,3888448,55.284,0.451,69.712,0.569,50.364,0.411,76.327,0.623,0.002,0.0,32.546,0.266,0.0,122.53,7937004,81.556,0.666,33.713,0.275,34.796,0.284,14.895,0.122,0.0,68.536
5,4294967295,1312,61,_swa_bwd_dkdv_kernel,_swa_bwd_dkdv_kernel,static,AI_CORE,1783586155353015.714	,123.186,57.541,28,0,YES,"""1964,16,96;16,1964;16,1964""",DT_BF16;FLOAT;FLOAT,ND;ND;ND,"""1964,4,96;1964,4,96""",DT_BF16;DT_BF16,ND;ND,N/A,122.85,3886932,55.468,0.452,69.979,0.57,50.545,0.411,76.584,0.623,0.002,0.0,32.638,0.266,0.0,122.88,7933672,81.825,0.666,33.824,0.275,34.886,0.284,14.976,0.122,0.0,68.297
5,4294967295,1313,61,_swa_bwd_dkdv_kernel,_swa_bwd_dkdv_kernel,static,AI_CORE,1783586155353196.214	,123.13,57.314,28,0,YES,"""1964,16,96;16,1964;16,1964""",DT_BF16;FLOAT;FLOAT,ND;ND;ND,"""1964,4,96;1964,4,96""",DT_BF16;DT_BF16,ND;ND,N/A,122.8,3883210,55.499,0.452,69.778,0.568,50.531,0.411,76.575,0.624,0.002,0.0,32.638,0.266,0.0,122.82,7925812,81.858,0.666,33.704,0.274,34.837,0.284,14.956,0.122,0.0,68.263
5,4294967295,1314,61,_swa_bwd_dkdv_kernel,_swa_bwd_dkdv_kernel,static,AI_CORE,1783586155353376.066	,122.387,56.722,28,0,YES,"""1964,16,96;16,1964;16,1964""",DT_BF16;FLOAT;FLOAT,ND;ND;ND,"""1964,4,96;1964,4,96""",DT_BF16;DT_BF16,ND;ND,N/A,121.94,3861484,55.447,0.455,69.15,0.567,50.466,0.414,76.49,0.627,0.002,0.0,32.601,0.267,0.0,121.97,7883409,81.729,0.67,33.007,0.271,34.872,0.286,14.981,0.123,0.0,68.293
5,4294967295,1315,61,_swa_bwd_dkdv_kernel,_swa_bwd_dkdv_kernel,static,AI_CORE,1783586155353552.213	,122.126,53.76,28,0,YES,"""1964,16,96;16,1964;16,1964""",DT_BF16;FLOAT;FLOAT,ND;ND;ND,"""1964,4,96;1964,4,96""",DT_BF16;DT_BF16,ND;ND,N/A,121.83,3884492,55.054,0.452,69.322,0.569,50.076,0.411,75.912,0.623,0.002,0.0,32.37,0.266,0.0,121.86,7929224,81.181,0.666,33.474,0.275,34.535,0.283,14.834,0.122,0.0,68.847
5,4294967295,1316,61,_swa_bwd_dkdv_kernel,_swa_bwd_dkdv_kernel,static,AI_CORE,1783586155353731.822	,122.605,57.483,28,0,YES,"""1964,16,96;16,1964;16,1964""",DT_BF16;FLOAT;FLOAT,ND;ND;ND,"""1964,4,96;1964,4,96""",DT_BF16;DT_BF16,ND;ND,N/A,122.26,3890132,55.222,0.452,69.56,0.569,50.213,0.411,76.116,0.623,0.002,0.0,32.463,0.266,0.0,122.28,7935752,81.405,0.666,33.654,0.275,34.691,0.284,14.891,0.122,0.0,68.677
5,4294967295,1317,61,_swa_bwd_dkdv_kernel,_swa_bwd_dkdv_kernel,static,AI_CORE,1783586155353913.341	,123.175,58.914,28,0,YES,"""1964,16,96;16,1964;16,1964""",DT_BF16;FLOAT;FLOAT,ND;ND;ND,"""1964,4,96;1964,4,96""",DT_BF16;DT_BF16,ND;ND,N/A,122.83,3890512,55.427,0.451,70.027,0.57,50.467,0.411,76.334,0.621,0.002,0.0,32.623,0.266,0.0,122.85,7942066,81.713,0.665,33.789,0.275,34.866,0.284,14.932,0.122,0.0,68.366
5,4294967295,1318,61,_swa_bwd_dkdv_kernel,_swa_bwd_dkdv_kernel,static,AI_CORE,1783586155354092.444	,123.043,55.928,28,0,YES,"""1964,16,96;16,1964;16,1964""",DT_BF16;FLOAT;FLOAT,ND;ND;ND,"""1964,4,96;1964,4,96""",DT_BF16;DT_BF16,ND;ND,N/A,122.76,3880923,55.507,0.452,69.75,0.568,50.562,0.412,76.873,0.626,0.002,0.0,32.655,0.266,0.0,122.78,7924020,81.852,0.667,33.75,0.275,34.865,0.284,14.982,0.122,0.0,68.271
5,4294967295,1319,61,_swa_bwd_dkdv_kernel,_swa_bwd_dkdv_kernel,static,AI_CORE,1783586155354273.170	,122.061,57.683,28,0,YES,"""1964,16,96;16,1964;16,1964""",DT_BF16;FLOAT;FLOAT,ND;ND;ND,"""1964,4,96;1964,4,96""",DT_BF16;DT_BF16,ND;ND,N/A,121.77,3858281,55.426,0.455,68.954,0.566,50.426,0.414,76.444,0.628,0.002,0.0,32.602,0.268,0.0,121.8,7877854,81.68,0.671,32.929,0.27,34.845,0.286,14.945,0.123,0.0,68.419
5,4294967295,1320,61,_swa_bwd_dkdv_kernel,_swa_bwd_dkdv_kernel,static,AI_CORE,1783586155354449.679	,123.636,54.448,28,0,YES,"""1964,16,96;16,1964;16,1964""",DT_BF16;FLOAT;FLOAT,ND;ND;ND,"""1964,4,96;1964,4,96""",DT_BF16;DT_BF16,ND;ND,N/A,123.3,3901782,55.408,0.449,70.434,0.571,50.493,0.41,76.528,0.621,0.002,0.0,32.636,0.265,0.0,123.33,7961758,81.834,0.664,34.184,0.277,34.986,0.284,14.982,0.121,0.0,68.309
5,4294967295,1321,61,_swa_bwd_dkdv_kernel,_swa_bwd_dkdv_kernel,static,AI_CORE,1783586155354626.802	,123.551,53.487,28,0,YES,"""1964,16,96;16,1964;16,1964""",DT_BF16;FLOAT;FLOAT,ND;ND;ND,"""1964,4,96;1964,4,96""",DT_BF16;DT_BF16,ND;ND,N/A,123.22,3903696,55.394,0.45,70.382,0.571,50.454,0.409,76.427,0.62,0.002,0.0,32.619,0.265,0.0,123.24,7967730,81.711,0.663,34.128,0.277,34.901,0.283,14.914,0.121,0.0,68.389
5,4294967295,1322,61,_swa_bwd_dkdv_kernel,_swa_bwd_dkdv_kernel,static,AI_CORE,1783586155354805.413	,122.85,55.06,28,0,YES,"""1964,16,96;16,1964;16,1964""",DT_BF16;FLOAT;FLOAT,ND;ND;ND,"""1964,4,96;1964,4,96""",DT_BF16;DT_BF16,ND;ND,N/A,122.56,3879292,55.476,0.453,69.772,0.569,50.481,0.412,76.463,0.624,0.002,0.0,32.63,0.266,0.0,122.58,7921151,81.753,0.667,33.649,0.275,34.886,0.285,14.926,0.122,0.0,68.349
5,4294967295,1323,61,_swa_bwd_dkdv_kernel,_swa_bwd_dkdv_kernel,static,AI_CORE,1783586155354986.093	,123.047,57.83,28,0,YES,"""1964,16,96;16,1964;16,1964""",DT_BF16;FLOAT;FLOAT,ND;ND;ND,"""1964,4,96;1964,4,96""",DT_BF16;DT_BF16,ND;ND,N/A,122.76,3891863,55.364,0.451,69.857,0.569,50.382,0.41,76.466,0.623,0.002,0.0,32.596,0.266,0.0,122.78,7945240,81.634,0.665,33.768,0.275,34.784,0.283,14.915,0.121,0.0,68.461
5,4294967295,1324,61,_swa_bwd_dkdv_kernel,_swa_bwd_dkdv_kernel,static,AI_CORE,1783586155355190.635	,122.646,81.495,28,0,YES,"""1964,16,96;16,1964;16,1964""",DT_BF16;FLOAT;FLOAT,ND;ND;ND,"""1964,4,96;1964,4,96""",DT_BF16;DT_BF16,ND;ND,N/A,122.3,3868569,55.504,0.454,69.359,0.567,50.501,0.413,76.75,0.628,0.002,0.0,32.629,0.267,0.0,122.32,7898449,81.813,0.669,33.101,0.271,34.945,0.286,14.962,0.122,0.0,68.274
5,4294967295,1325,61,_swa_bwd_dkdv_kernel,_swa_bwd_dkdv_kernel,static,AI_CORE,1783586155355374.659	,123.515,61.378,28,0,YES,"""1964,16,96;16,1964;16,1964""",DT_BF16;FLOAT;FLOAT,ND;ND;ND,"""1964,4,96;1964,4,96""",DT_BF16;DT_BF16,ND;ND,N/A,123.17,3907662,55.335,0.449,70.442,0.572,50.373,0.409,76.224,0.619,0.002,0.0,32.536,0.264,0.0,123.19,7968342,81.667,0.663,34.233,0.278,34.855,0.283,14.939,0.121,0.0,68.479
5,4294967295,1326,61,_swa_bwd_dkdv_kernel,_swa_bwd_dkdv_kernel,static,AI_CORE,1783586155355551.776	,123.404,53.602,28,0,YES,"""1964,16,96;16,1964;16,1964""",DT_BF16;FLOAT;FLOAT,ND;ND;ND,"""1964,4,96;1964,4,96""",DT_BF16;DT_BF16,ND;ND,N/A,123.12,3889067,55.539,0.451,70.124,0.57,50.618,0.411,76.722,0.623,0.002,0.0,32.695,0.266,0.0,123.14,7938566,81.944,0.665,34.013,0.276,34.994,0.284,15.017,0.122,0.0,68.214
5,4294967295,1327,61,_swa_bwd_dkdv_kernel,_swa_bwd_dkdv_kernel,static,AI_CORE,1783586155355732.477	,123.036,57.297,28,0,YES,"""1964,16,96;16,1964;16,1964""",DT_BF16;FLOAT;FLOAT,ND;ND;ND,"""1964,4,96;1964,4,96""",DT_BF16;DT_BF16,ND;ND,N/A,122.69,3891285,55.324,0.451,69.913,0.57,50.394,0.411,76.331,0.622,0.002,0.0,32.527,0.265,0.0,122.71,7942032,81.618,0.665,33.814,0.276,34.801,0.284,14.926,0.122,0.0,68.457
5,4294967295,1328,61,_swa_bwd_dkdv_kernel,_swa_bwd_dkdv_kernel,static,AI_CORE,1783586155355910.527	,123.473,55.014,28,0,YES,"""1964,16,96;16,1964;16,1964""",DT_BF16;FLOAT;FLOAT,ND;ND;ND,"""1964,4,96;1964,4,96""",DT_BF16;DT_BF16,ND;ND,N/A,123.14,3893410,55.439,0.45,70.169,0.57,50.523,0.41,76.654,0.622,0.002,0.0,32.616,0.265,0.0,123.17,7941130,81.93,0.665,34.048,0.276,34.914,0.283,15.007,0.122,0.0,68.252
5,4294967295,1329,61,_swa_bwd_dkdv_kernel,_swa_bwd_dkdv_kernel,static,AI_CORE,1783586155356087.810	,122.907,53.81,28,0,YES,"""1964,16,96;16,1964;16,1964""",DT_BF16;FLOAT;FLOAT,ND;ND;ND,"""1964,4,96;1964,4,96""",DT_BF16;DT_BF16,ND;ND,N/A,122.58,3877782,55.509,0.453,69.698,0.569,50.543,0.412,76.508,0.624,0.002,0.0,32.614,0.266,0.0,122.6,7917403,81.805,0.667,33.522,0.273,34.918,0.285,14.96,0.122,0.0,68.291
5,4294967295,1330,61,_swa_bwd_dkdv_kernel,_swa_bwd_dkdv_kernel,static,AI_CORE,1783586155356265.114	,122.976,54.397,28,0,YES,"""1964,16,96;16,1964;16,1964""",DT_BF16;FLOAT;FLOAT,ND;ND;ND,"""1964,4,96;1964,4,96""",DT_BF16;DT_BF16,ND;ND,N/A,122.52,3880324,55.476,0.453,69.681,0.569,50.467,0.412,76.452,0.624,0.002,0.0,32.602,0.266,0.0,122.54,7920716,81.732,0.667,33.504,0.273,34.864,0.285,14.95,0.122,0.0,68.298
5,4294967295,1331,61,_swa_bwd_dkdv_kernel,_swa_bwd_dkdv_kernel,static,AI_CORE,1783586155356443.620	,123.686,55.53,28,0,YES,"""1964,16,96;16,1964;16,1964""",DT_BF16;FLOAT;FLOAT,ND;ND;ND,"""1964,4,96;1964,4,96""",DT_BF16;DT_BF16,ND;ND,N/A,123.38,3909410,55.381,0.449,70.499,0.571,50.443,0.409,76.428,0.619,0.002,0.0,32.613,0.264,0.0,123.4,7977703,81.717,0.662,34.364,0.278,34.851,0.282,14.915,0.121,0.0,68.415
5,4294967295,1332,61,_swa_bwd_dkdv_kernel,_swa_bwd_dkdv_kernel,static,AI_CORE,1783586155356621.977	,123.462,54.671,28,0,YES,"""1964,16,96;16,1964;16,1964""",DT_BF16;FLOAT;FLOAT,ND;ND;ND,"""1964,4,96;1964,4,96""",DT_BF16;DT_BF16,ND;ND,N/A,123.13,3901429,55.388,0.45,70.234,0.57,50.431,0.41,76.501,0.621,0.002,0.0,32.574,0.265,0.0,123.15,7963720,81.694,0.663,34.249,0.278,34.835,0.283,14.92,0.121,0.0,68.399
5,4294967295,1333,61,_swa_bwd_dkdv_kernel,_swa_bwd_dkdv_kernel,static,AI_CORE,1783586155356811.612	,121.911,66.173,28,0,YES,"""1964,16,96;16,1964;16,1964""",DT_BF16;FLOAT;FLOAT,ND;ND;ND,"""1964,4,96;1964,4,96""",DT_BF16;DT_BF16,ND;ND,N/A,121.58,3904508,54.415,0.448,53.972,0.444,49.727,0.409,74.62,0.614,0.002,0.0,31.537,0.259,0.001,121.6,7969305,80.636,0.663,32.784,0.27,34.573,0.284,14.724,0.121,0.002,69.324
5,4294967295,1334,61,_swa_bwd_dkdv_kernel,_swa_bwd_dkdv_kernel,static,AI_CORE,1783586155356988.412	,123.136,54.889,28,0,YES,"""1964,16,96;16,1964;16,1964""",DT_BF16;FLOAT;FLOAT,ND;ND;ND,"""1964,4,96;1964,4,96""",DT_BF16;DT_BF16,ND;ND,N/A,122.83,3912138,54.919,0.447,55.137,0.449,50.088,0.408,75.098,0.611,0.002,0.0,31.814,0.259,0.0,122.86,7983216,81.316,0.662,33.837,0.275,34.856,0.284,14.817,0.121,0.0,68.768
5,4294967295,1335,61,_swa_bwd_dkdv_kernel,_swa_bwd_dkdv_kernel,static,AI_CORE,1783586155357166.856	,121.947,55.308,28,0,YES,"""1964,16,96;16,1964;16,1964""",DT_BF16;FLOAT;FLOAT,ND;ND;ND,"""1964,4,96;1964,4,96""",DT_BF16;DT_BF16,ND;ND,N/A,121.64,3879505,54.855,0.451,54.089,0.445,50.071,0.412,74.933,0.616,0.002,0.0,31.786,0.261,0.0,121.67,7921520,81.156,0.667,32.742,0.269,34.864,0.287,14.838,0.122,0.0,68.859
5,4294967295,1336,61,_swa_bwd_dkdv_kernel,_swa_bwd_dkdv_kernel,static,AI_CORE,1783586155357344.371	,122.962,55.568,28,0,YES,"""1964,16,96;16,1964;16,1964""",DT_BF16;FLOAT;FLOAT,ND;ND;ND,"""1964,4,96;1964,4,96""",DT_BF16;DT_BF16,ND;ND,N/A,122.64,3908709,54.925,0.448,55.005,0.449,50.085,0.408,75.191,0.613,0.002,0.0,31.803,0.259,0.0,122.66,7976648,81.253,0.662,33.699,0.275,34.855,0.284,14.826,0.121,0.0,68.805
5,4294967295,1337,61,_swa_bwd_dkdv_kernel,_swa_bwd_dkdv_kernel,static,AI_CORE,1783586155357522.245	,123.469,54.912,28,0,YES,"""1964,16,96;16,1964;16,1964""",DT_BF16;FLOAT;FLOAT,ND;ND;ND,"""1964,4,96;1964,4,96""",DT_BF16;DT_BF16,ND;ND,N/A,123.15,3929817,54.796,0.445,55.613,0.452,50.085,0.407,74.93,0.608,0.002,0.0,31.746,0.258,0.0,123.17,8016572,81.183,0.659,34.039,0.276,34.885,0.283,14.823,0.12,0.0,68.893
5,4294967295,1338,61,_swa_bwd_dkdv_kernel,_swa_bwd_dkdv_kernel,static,AI_CORE,1783586155357698.610	,122.871,52.896,28,0,YES,"""1964,16,96;16,1964;16,1964""",DT_BF16;FLOAT;FLOAT,ND;ND;ND,"""1964,4,96;1964,4,96""",DT_BF16;DT_BF16,ND;ND,N/A,122.57,3904777,54.922,0.448,54.918,0.448,50.107,0.409,74.952,0.612,0.002,0.0,31.804,0.259,0.0,122.59,7969113,81.278,0.663,33.597,0.274,34.842,0.284,14.82,0.121,0.0,68.787
5,4294967295,1339,61,_swa_bwd_dkdv_kernel,_swa_bwd_dkdv_kernel,static,AI_CORE,1783586155357878.791	,123.056,57.31,28,0,YES,"""1964,16,96;16,1964;16,1964""",DT_BF16;FLOAT;FLOAT,ND;ND;ND,"""1964,4,96;1964,4,96""",DT_BF16;DT_BF16,ND;ND,N/A,122.75,3903746,54.985,0.448,54.962,0.448,50.164,0.409,75.258,0.613,0.002,0.0,31.831,0.259,0.0,122.77,7968411,81.403,0.663,33.69,0.274,34.889,0.284,14.843,0.121,0.0,68.665
5,4294967295,1340,61,_swa_bwd_dkdv_kernel,_swa_bwd_dkdv_kernel,static,AI_CORE,1783586155358054.211	,122.503,52.364,28,0,YES,"""1964,16,96;16,1964;16,1964""",DT_BF16;FLOAT;FLOAT,ND;ND;ND,"""1964,4,96;1964,4,96""",DT_BF16;DT_BF16,ND;ND,N/A,122.17,3889766,54.973,0.45,54.567,0.447,50.144,0.41,75.014,0.614,0.002,0.0,31.842,0.261,0.0,122.19,7939559,81.318,0.666,33.11,0.271,34.864,0.285,14.809,0.121,0.0,68.728
5,4294967295,1341,61,_swa_bwd_dkdv_kernel,_swa_bwd_dkdv_kernel,static,AI_CORE,1783586155358231.283	,122.845,54.569,28,0,YES,"""1964,16,96;16,1964;16,1964""",DT_BF16;FLOAT;FLOAT,ND;ND;ND,"""1964,4,96;1964,4,96""",DT_BF16;DT_BF16,ND;ND,N/A,122.51,3909515,54.778,0.447,55.012,0.449,50.057,0.409,74.911,0.611,0.002,0.0,31.746,0.259,0.0,122.53,7979701,81.131,0.662,33.802,0.276,34.769,0.284,14.793,0.121,0.0,68.885
5,4294967295,1342,61,_swa_bwd_dkdv_kernel,_swa_bwd_dkdv_kernel,static,AI_CORE,1783586155358407.775	,122.363,53.647,28,0,YES,"""1964,16,96;16,1964;16,1964""",DT_BF16;FLOAT;FLOAT,ND;ND;ND,"""1964,4,96;1964,4,96""",DT_BF16;DT_BF16,ND;ND,N/A,122.06,3902573,54.629,0.448,54.521,0.447,49.95,0.409,74.85,0.613,0.002,0.0,31.688,0.26,0.0,122.08,7963571,80.993,0.663,33.274,0.273,34.765,0.285,14.782,0.121,0.0,69.033
5,4294967295,1343,61,_swa_bwd_dkdv_kernel,_swa_bwd_dkdv_kernel,static,AI_CORE,1783586155358585.709	,123.125,55.571,28,0,YES,"""1964,16,96;16,1964;16,1964""",DT_BF16;FLOAT;FLOAT,ND;ND;ND,"""1964,4,96;1964,4,96""",DT_BF16;DT_BF16,ND;ND,N/A,122.82,3917472,54.855,0.447,55.248,0.45,50.045,0.407,74.982,0.611,0.002,0.0,31.783,0.259,0.0,122.85,7993802,81.199,0.661,33.805,0.275,34.8,0.283,14.795,0.12,0.0,68.868
5,4294967295,1344,61,_swa_bwd_dkdv_kernel,_swa_bwd_dkdv_kernel,static,AI_CORE,1783586155358766.700	,122.855,57.866,28,0,YES,"""1964,16,96;16,1964;16,1964""",DT_BF16;FLOAT;FLOAT,ND;ND;ND,"""1964,4,96;1964,4,96""",DT_BF16;DT_BF16,ND;ND,N/A,122.54,3908029,54.898,0.448,55.017,0.449,50.062,0.409,74.821,0.611,0.002,0.0,31.791,0.259,0.0,122.56,7976054,81.19,0.662,33.614,0.274,34.769,0.284,14.789,0.121,0.0,68.853
5,4294967295,1345,61,_swa_bwd_dkdv_kernel,_swa_bwd_dkdv_kernel,static,AI_CORE,1783586155358945.301	,122.688,55.746,28,0,YES,"""1964,16,96;16,1964;16,1964""",DT_BF16;FLOAT;FLOAT,ND;ND;ND,"""1964,4,96;1964,4,96""",DT_BF16;DT_BF16,ND;ND,N/A,122.37,3902401,54.853,0.448,54.737,0.447,50.017,0.409,74.912,0.612,0.002,0.0,31.773,0.26,0.0,122.39,7965305,81.185,0.663,33.47,0.273,34.815,0.284,14.775,0.121,0.0,68.847
5,4294967295,1346,61,_swa_bwd_dkdv_kernel,_swa_bwd_dkdv_kernel,static,AI_CORE,1783586155359122.433	,122.913,54.444,28,0,YES,"""1964,16,96;16,1964;16,1964""",DT_BF16;FLOAT;FLOAT,ND;ND;ND,"""1964,4,96;1964,4,96""",DT_BF16;DT_BF16,ND;ND,N/A,122.12,3902755,54.757,0.448,54.708,0.448,49.955,0.409,74.808,0.613,0.002,0.0,31.714,0.26,0.0,122.15,7966071,81.019,0.663,33.287,0.273,34.768,0.285,14.797,0.121,0.0,68.728
5,4294967295,1347,61,_swa_bwd_dkdv_kernel,_swa_bwd_dkdv_kernel,static,AI_CORE,1783586155359298.158	,122.224,52.812,28,0,YES,"""1964,16,96;16,1964;16,1964""",DT_BF16;FLOAT;FLOAT,ND;ND;ND,"""1964,4,96;1964,4,96""",DT_BF16;DT_BF16,ND;ND,N/A,121.93,3901789,54.696,0.449,54.551,0.447,49.892,0.409,74.59,0.612,0.002,0.0,31.694,0.26,0.0,121.95,7963565,80.913,0.663,33.344,0.273,34.689,0.284,14.715,0.121,0.0,69.098
5,4294967295,1348,61,_swa_bwd_dkdv_kernel,_swa_bwd_dkdv_kernel,static,AI_CORE,1783586155359476.965	,123.152,56.583,28,0,YES,"""1964,16,96;16,1964;16,1964""",DT_BF16;FLOAT;FLOAT,ND;ND;ND,"""1964,4,96;1964,4,96""",DT_BF16;DT_BF16,ND;ND,N/A,122.81,3916244,54.787,0.446,55.108,0.449,50.073,0.408,74.925,0.61,0.002,0.0,31.759,0.259,0.0,122.83,7990297,81.223,0.661,33.916,0.276,34.851,0.284,14.849,0.121,0.0,68.831
5,4294967295,1349,61,_swa_bwd_dkdv_kernel,_swa_bwd_dkdv_kernel,static,AI_CORE,1783586155359652.957	,123.023,52.84,28,0,YES,"""1964,16,96;16,1964;16,1964""",DT_BF16;FLOAT;FLOAT,ND;ND;ND,"""1964,4,96;1964,4,96""",DT_BF16;DT_BF16,ND;ND,N/A,122.68,3911348,54.852,0.447,55.161,0.45,50.091,0.408,74.941,0.611,0.002,0.0,31.755,0.259,0.0,122.7,7981668,81.224,0.662,33.879,0.276,34.812,0.284,14.815,0.121,0.0,68.817
5,4294967295,1350,61,_swa_bwd_dkdv_kernel,_swa_bwd_dkdv_kernel,static,AI_CORE,1783586155359827.117	,122.64,51.137,28,0,YES,"""1964,16,96;16,1964;16,1964""",DT_BF16;FLOAT;FLOAT,ND;ND;ND,"""1964,4,96;1964,4,96""",DT_BF16;DT_BF16,ND;ND,N/A,122.34,3899269,54.871,0.449,54.754,0.448,50.092,0.409,74.987,0.613,0.002,0.0,31.785,0.26,0.0,122.37,7958956,81.236,0.664,33.376,0.273,34.826,0.285,14.821,0.121,0.0,68.819
5,4294967295,1351,61,_swa_bwd_dkdv_kernel,_swa_bwd_dkdv_kernel,static,AI_CORE,1783586155360003.721	,121.559,53.964,28,0,YES,"""1964,16,96;16,1964;16,1964""",DT_BF16;FLOAT;FLOAT,ND;ND;ND,"""1964,4,96;1964,4,96""",DT_BF16;DT_BF16,ND;ND,N/A,121.26,3876209,54.672,0.451,53.873,0.444,49.965,0.412,74.666,0.616,0.002,0.0,31.685,0.261,0.0,121.29,7911978,80.997,0.668,32.589,0.269,34.774,0.287,14.765,0.122,0.0,69.02
5,4294967295,1352,61,_swa_bwd_dkdv_kernel,_swa_bwd_dkdv_kernel,static,AI_CORE,1783586155360177.016	,122.224,51.736,28,0,YES,"""1964,16,96;16,1964;16,1964""",DT_BF16;FLOAT;FLOAT,ND;ND;ND,"""1964,4,96;1964,4,96""",DT_BF16;DT_BF16,ND;ND,N/A,121.9,3906846,54.592,0.448,54.681,0.449,49.83,0.409,74.539,0.611,0.002,0.0,31.617,0.259,0.0,121.93,7974268,80.789,0.663,33.436,0.274,34.632,0.284,14.704,0.121,0.0,69.188
5,4294967295,1353,61,_swa_bwd_dkdv_kernel,_swa_bwd_dkdv_kernel,static,AI_CORE,1783586155360361.544	,122.436,62.304,28,0,YES,"""1964,16,96;16,1964;16,1964""",DT_BF16;FLOAT;FLOAT,ND;ND;ND,"""1964,4,96;1964,4,96""",DT_BF16;DT_BF16,ND;ND,N/A,122.11,3902533,54.722,0.448,54.674,0.448,49.935,0.409,74.717,0.612,0.002,0.0,31.696,0.26,0.0,122.14,7966758,81.008,0.663,33.398,0.273,34.73,0.284,14.749,0.121,0.0,68.991
5,4294967295,1354,61,_swa_bwd_dkdv_kernel,_swa_bwd_dkdv_kernel,static,AI_CORE,1783586155360541.178	,122.429,57.198,28,0,YES,"""1964,16,96;16,1964;16,1964""",DT_BF16;FLOAT;FLOAT,ND;ND;ND,"""1964,4,96;1964,4,96""",DT_BF16;DT_BF16,ND;ND,N/A,122.13,3899681,54.788,0.449,54.588,0.447,50.021,0.41,74.961,0.614,0.002,0.0,31.717,0.26,0.0,122.15,7960160,81.08,0.664,33.254,0.272,34.795,0.285,14.787,0.121,0.0,68.945
5,4294967295,1355,61,_swa_bwd_dkdv_kernel,_swa_bwd_dkdv_kernel,static,AI_CORE,1783586155360714.198	,122.708,50.591,28,0,YES,"""1964,16,96;16,1964;16,1964""",DT_BF16;FLOAT;FLOAT,ND;ND;ND,"""1964,4,96;1964,4,96""",DT_BF16;DT_BF16,ND;ND,N/A,122.41,3906048,54.813,0.448,54.847,0.448,50.03,0.409,75.032,0.613,0.002,0.0,31.776,0.26,0.0,122.43,7971339,81.149,0.663,33.476,0.273,34.817,0.284,14.81,0.121,0.0,68.901
5,4294967295,1356,61,_swa_bwd_dkdv_kernel,_swa_bwd_dkdv_kernel,static,AI_CORE,1783586155360887.126	,122.444,50.22,28,0,YES,"""1964,16,96;16,1964;16,1964""",DT_BF16;FLOAT;FLOAT,ND;ND;ND,"""1964,4,96;1964,4,96""",DT_BF16;DT_BF16,ND;ND,N/A,122.09,3886191,55.042,0.451,54.487,0.446,50.142,0.411,75.045,0.615,0.002,0.0,31.877,0.261,0.0,122.11,7932201,81.343,0.666,33.136,0.271,34.865,0.286,14.81,0.121,0.0,68.698
5,4294967295,1357,61,_swa_bwd_dkdv_kernel,_swa_bwd_dkdv_kernel,static,AI_CORE,1783586155361061.530	,122.113,51.96,28,0,YES,"""1964,16,96;16,1964;16,1964""",DT_BF16;FLOAT;FLOAT,ND;ND;ND,"""1964,4,96;1964,4,96""",DT_BF16;DT_BF16,ND;ND,N/A,121.76,3901216,54.576,0.448,54.399,0.447,49.854,0.409,74.593,0.613,0.002,0.0,31.62,0.26,0.0,121.78,7962976,80.804,0.664,33.276,0.273,34.653,0.285,14.737,0.121,0.0,69.151
5,4294967295,1358,61,_swa_bwd_dkdv_kernel,_swa_bwd_dkdv_kernel,static,AI_CORE,1783586155361234.606	,122.049,50.963,28,0,YES,"""1964,16,96;16,1964;16,1964""",DT_BF16;FLOAT;FLOAT,ND;ND;ND,"""1964,4,96;1964,4,96""",DT_BF16;DT_BF16,ND;ND,N/A,121.75,3902469,54.588,0.448,54.498,0.448,49.796,0.409,74.78,0.614,0.002,0.0,31.612,0.26,0.0,121.78,7964842,80.783,0.663,33.44,0.275,34.646,0.284,14.735,0.121,0.0,69.209
5,4294967295,1359,61,_swa_bwd_dkdv_kernel,_swa_bwd_dkdv_kernel,static,AI_CORE,1783586155361410.011	,122.061,53.356,28,0,YES,"""1964,16,96;16,1964;16,1964""",DT_BF16;FLOAT;FLOAT,ND;ND;ND,"""1964,4,96;1964,4,96""",DT_BF16;DT_BF16,ND;ND,N/A,121.77,3901984,54.581,0.448,54.544,0.448,49.818,0.409,74.506,0.612,0.002,0.0,31.609,0.26,0.0,121.79,7962304,80.817,0.664,33.266,0.273,34.667,0.285,14.743,0.121,0.0,69.194
5,4294967295,1360,61,_swa_bwd_dkdv_kernel,_swa_bwd_dkdv_kernel,static,AI_CORE,1783586155361584.539	,122.844,52.467,28,0,YES,"""1964,16,96;16,1964;16,1964""",DT_BF16;FLOAT;FLOAT,ND;ND;ND,"""1964,4,96;1964,4,96""",DT_BF16;DT_BF16,ND;ND,N/A,122.51,3907274,54.821,0.447,54.886,0.448,50.048,0.409,74.978,0.612,0.002,0.0,31.765,0.259,0.0,122.53,7975250,81.176,0.663,33.579,0.274,34.784,0.284,14.829,0.121,0.0,68.846
5,4294967295,1361,61,_swa_bwd_dkdv_kernel,_swa_bwd_dkdv_kernel,static,AI_CORE,1783586155361760.963	,122.784,53.58,28,0,YES,"""1964,16,96;16,1964;16,1964""",DT_BF16;FLOAT;FLOAT,ND;ND;ND,"""1964,4,96;1964,4,96""",DT_BF16;DT_BF16,ND;ND,N/A,122.45,3899827,54.903,0.448,54.828,0.448,50.123,0.409,75.038,0.613,0.002,0.0,31.817,0.26,0.0,122.47,7958378,81.309,0.664,33.35,0.272,34.809,0.284,14.812,0.121,0.0,68.748
5,4294967295,1362,61,_swa_bwd_dkdv_kernel,_swa_bwd_dkdv_kernel,static,AI_CORE,1783586155361936.738	,123.08,52.991,28,0,YES,"""1964,16,96;16,1964;16,1964""",DT_BF16;FLOAT;FLOAT,ND;ND;ND,"""1964,4,96;1964,4,96""",DT_BF16;DT_BF16,ND;ND,N/A,122.33,3900138,54.854,0.448,54.708,0.447,50.069,0.409,74.935,0.613,0.002,0.0,31.778,0.26,0.0,122.35,7960965,81.203,0.664,33.365,0.273,34.816,0.285,14.821,0.121,0.0,68.588
5,4294967295,1363,61,_swa_bwd_dkdv_kernel,_swa_bwd_dkdv_kernel,static,AI_CORE,1783586155362117.227	,123.186,57.409,28,0,YES,"""1964,16,96;16,1964;16,1964""",DT_BF16;FLOAT;FLOAT,ND;ND;ND,"""1964,4,96;1964,4,96""",DT_BF16;DT_BF16,ND;ND,N/A,122.85,3914364,54.883,0.447,55.239,0.45,50.118,0.408,74.908,0.61,0.002,0.0,31.798,0.259,0.0,122.87,7986058,81.292,0.662,33.839,0.275,34.839,0.284,14.829,0.121,0.0,68.779
5,4294967295,1364,61,_swa_bwd_dkdv_kernel,_swa_bwd_dkdv_kernel,static,AI_CORE,1783586155362291.282	,123.098,50.869,28,0,YES,"""1964,16,96;16,1964;16,1964""",DT_BF16;FLOAT;FLOAT,ND;ND;ND,"""1964,4,96;1964,4,96""",DT_BF16;DT_BF16,ND;ND,N/A,122.81,3922459,54.778,0.446,55.261,0.45,50.012,0.407,74.788,0.609,0.002,0.0,31.723,0.258,0.0,122.83,8003991,81.086,0.66,33.877,0.276,34.787,0.283,14.775,0.12,0.0,68.971
5,4294967295,1365,61,_swa_bwd_dkdv_kernel,_swa_bwd_dkdv_kernel,static,AI_CORE,1783586155362465.640	,122.19,51.26,28,0,YES,"""1964,16,96;16,1964;16,1964""",DT_BF16;FLOAT;FLOAT,ND;ND;ND,"""1964,4,96;1964,4,96""",DT_BF16;DT_BF16,ND;ND,N/A,121.9,3904942,54.569,0.448,54.526,0.447,49.816,0.409,74.66,0.612,0.002,0.0,31.634,0.26,0.0,121.92,7971920,80.803,0.663,33.352,0.274,34.645,0.284,14.71,0.121,0.0,69.173
5,4294967295,1366,61,_swa_bwd_dkdv_kernel,_swa_bwd_dkdv_kernel,static,AI_CORE,1783586155362640.850	,122.868,53.02,28,0,YES,"""1964,16,96;16,1964;16,1964""",DT_BF16;FLOAT;FLOAT,ND;ND;ND,"""1964,4,96;1964,4,96""",DT_BF16;DT_BF16,ND;ND,N/A,122.52,3908952,54.779,0.447,54.878,0.448,50.033,0.408,74.868,0.611,0.002,0.0,31.751,0.259,0.0,122.54,7977830,81.156,0.662,33.533,0.274,34.831,0.284,14.787,0.121,0.0,68.862
5,4294967295,1367,61,_swa_bwd_dkdv_kernel,_swa_bwd_dkdv_kernel,static,AI_CORE,1783586155362816.175	,121.632,52.457,28,0,YES,"""1964,16,96;16,1964;16,1964""",DT_BF16;FLOAT;FLOAT,ND;ND;ND,"""1964,4,96;1964,4,96""",DT_BF16;DT_BF16,ND;ND,N/A,121.28,3882282,54.598,0.45,53.894,0.444,49.922,0.412,74.711,0.616,0.002,0.0,31.651,0.261,0.0,121.31,7923311,80.898,0.667,32.666,0.269,34.733,0.286,14.755,0.122,0.0,69.087
5,4294967295,1368,61,_swa_bwd_dkdv_kernel,_swa_bwd_dkdv_kernel,static,AI_CORE,1783586155362997.529	,99.298,59.722,28,0,YES,"""1964,16,96;16,1964;16,1964""",DT_BF16;FLOAT;FLOAT,ND;ND;ND,"""1964,4,96;1964,4,96""",DT_BF16;DT_BF16,ND;ND,N/A,99.01,3569055,49.426,0.499,38.259,0.386,35.02,0.354,48.362,0.488,0.002,0.0,33.774,0.341,0.002,99.03,7490459,69.606,0.703,19.019,0.192,19.047,0.192,15.688,0.158,0.003,77.798
5,4294967295,1369,61,_swa_bwd_dkdv_kernel,_swa_bwd_dkdv_kernel,static,AI_CORE,1783586155363149.826	,98.678,52.999,28,0,YES,"""1964,16,96;16,1964;16,1964""",DT_BF16;FLOAT;FLOAT,ND;ND;ND,"""1964,4,96;1964,4,96""",DT_BF16;DT_BF16,ND;ND,N/A,98.39,3533965,49.57,0.504,37.894,0.385,34.941,0.355,48.118,0.489,0.002,0.0,33.967,0.345,0.0,98.41,7406487,69.856,0.71,18.887,0.192,19.106,0.194,15.347,0.156,0.0,77.518
5,4294967295,1370,61,_swa_bwd_dkdv_kernel,_swa_bwd_dkdv_kernel,static,AI_CORE,1783586155363301.870	,99.334,53.366,28,0,YES,"""1964,16,96;16,1964;16,1964""",DT_BF16;FLOAT;FLOAT,ND;ND;ND,"""1964,4,96;1964,4,96""",DT_BF16;DT_BF16,ND;ND,N/A,99.0,3548783,49.645,0.501,38.42,0.388,35.075,0.354,48.367,0.489,0.002,0.0,34.016,0.344,0.0,99.03,7434840,70.027,0.707,19.166,0.194,19.166,0.194,15.39,0.155,0.0,77.328
5,4294967295,1371,61,_swa_bwd_dkdv_kernel,_swa_bwd_dkdv_kernel,static,AI_CORE,1783586155363452.742	,98.895,51.538,28,0,YES,"""1964,16,96;16,1964;16,1964""",DT_BF16;FLOAT;FLOAT,ND;ND;ND,"""1964,4,96;1964,4,96""",DT_BF16;DT_BF16,ND;ND,N/A,98.56,3534073,49.658,0.504,38.011,0.386,34.991,0.355,48.104,0.488,0.002,0.0,34.052,0.345,0.0,98.59,7408461,69.967,0.71,18.84,0.191,19.115,0.194,15.372,0.156,0.0,77.35
5,4294967295,1372,61,_swa_bwd_dkdv_kernel,_swa_bwd_dkdv_kernel,static,AI_CORE,1783586155363605.337	,98.438,53.7,28,0,YES,"""1964,16,96;16,1964;16,1964""",DT_BF16;FLOAT;FLOAT,ND;ND;ND,"""1964,4,96;1964,4,96""",DT_BF16;DT_BF16,ND;ND,N/A,98.15,3525230,49.57,0.505,37.698,0.384,34.955,0.356,48.153,0.491,0.002,0.0,33.959,0.346,0.0,98.17,7389593,69.847,0.711,18.64,0.19,19.124,0.195,15.343,0.156,0.0,77.514
5,4294967295,1373,61,_swa_bwd_dkdv_kernel,_swa_bwd_dkdv_kernel,static,AI_CORE,1783586155363757.395	,98.685,53.62,28,0,YES,"""1964,16,96;16,1964;16,1964""",DT_BF16;FLOAT;FLOAT,ND;ND;ND,"""1964,4,96;1964,4,96""",DT_BF16;DT_BF16,ND;ND,N/A,98.4,3541003,49.475,0.503,38.042,0.387,34.936,0.355,48.159,0.489,0.002,0.0,33.905,0.345,0.0,98.42,7420164,69.732,0.709,19.033,0.193,19.1,0.194,15.301,0.155,0.0,77.666
5,4294967295,1374,61,_swa_bwd_dkdv_kernel,_swa_bwd_dkdv_kernel,static,AI_CORE,1783586155363907.858	,98.802,51.778,28,0,YES,"""1964,16,96;16,1964;16,1964""",DT_BF16;FLOAT;FLOAT,ND;ND;ND,"""1964,4,96;1964,4,96""",DT_BF16;DT_BF16,ND;ND,N/A,98.45,3551453,49.385,0.502,38.182,0.388,34.765,0.353,47.977,0.487,0.002,0.0,33.832,0.344,0.0,98.48,7439775,69.599,0.707,19.053,0.193,19.06,0.194,15.29,0.155,0.0,77.803
5,4294967295,1375,61,_swa_bwd_dkdv_kernel,_swa_bwd_dkdv_kernel,static,AI_CORE,1783586155364059.710	,99.592,53.05,28,0,YES,"""1964,16,96;16,1964;16,1964""",DT_BF16;FLOAT;FLOAT,ND;ND;ND,"""1964,4,96;1964,4,96""",DT_BF16;DT_BF16,ND;ND,N/A,99.24,3555544,49.71,0.501,38.572,0.389,34.98,0.352,48.214,0.486,0.002,0.0,34.078,0.343,0.0,99.27,7451433,70.042,0.706,19.542,0.197,19.154,0.193,15.421,0.155,0.0,77.275
5,4294967295,1376,61,_swa_bwd_dkdv_kernel,_swa_bwd_dkdv_kernel,static,AI_CORE,1783586155364211.540	,99.325,52.238,28,0,YES,"""1964,16,96;16,1964;16,1964""",DT_BF16;FLOAT;FLOAT,ND;ND;ND,"""1964,4,96;1964,4,96""",DT_BF16;DT_BF16,ND;ND,N/A,99.03,3548158,49.718,0.502,38.328,0.387,35.043,0.354,48.236,0.487,0.002,0.0,34.05,0.344,0.0,99.06,7437747,70.023,0.707,19.352,0.195,19.169,0.194,15.394,0.155,0.0,77.322
5,4294967295,1377,61,_swa_bwd_dkdv_kernel,_swa_bwd_dkdv_kernel,static,AI_CORE,1783586155364363.098	,98.76,52.233,28,0,YES,"""1964,16,96;16,1964;16,1964""",DT_BF16;FLOAT;FLOAT,ND;ND;ND,"""1964,4,96;1964,4,96""",DT_BF16;DT_BF16,ND;ND,N/A,98.47,3534058,49.617,0.504,37.93,0.385,34.967,0.355,48.177,0.489,0.002,0.0,33.988,0.345,0.0,98.49,7406275,69.912,0.71,18.85,0.191,19.13,0.194,15.366,0.156,0.0,77.455
5,4294967295,1378,61,_swa_bwd_dkdv_kernel,_swa_bwd_dkdv_kernel,static,AI_CORE,1783586155364517.042	,98.145,55.184,28,0,YES,"""1964,16,96;16,1964;16,1964""",DT_BF16;FLOAT;FLOAT,ND;ND;ND,"""1964,4,96;1964,4,96""",DT_BF16;DT_BF16,ND;ND,N/A,97.67,3534404,49.199,0.504,37.685,0.386,34.741,0.356,47.817,0.49,0.002,0.0,33.69,0.345,0.0,97.7,7404456,69.37,0.71,18.595,0.19,18.989,0.194,15.236,0.156,0.0,77.948
5,4294967295,1379,61,_swa_bwd_dkdv_kernel,_swa_bwd_dkdv_kernel,static,AI_CORE,1783586155364669.717	,98.605,54.53,28,0,YES,"""1964,16,96;16,1964;16,1964""",DT_BF16;FLOAT;FLOAT,ND;ND;ND,"""1964,4,96;1964,4,96""",DT_BF16;DT_BF16,ND;ND,N/A,98.28,3544389,49.382,0.502,38.035,0.387,34.789,0.354,47.802,0.486,0.002,0.0,33.825,0.344,0.0,98.31,7427329,69.59,0.708,19.004,0.193,19.02,0.193,15.311,0.156,0.0,77.804
5,4294967295,1380,61,_swa_bwd_dkdv_kernel,_swa_bwd_dkdv_kernel,static,AI_CORE,1783586155364820.466	,98.484,52.144,28,0,YES,"""1964,16,96;16,1964;16,1964""",DT_BF16;FLOAT;FLOAT,ND;ND;ND,"""1964,4,96;1964,4,96""",DT_BF16;DT_BF16,ND;ND,N/A,98.18,3541397,49.366,0.503,37.944,0.386,34.761,0.354,47.856,0.487,0.002,0.0,33.837,0.345,0.0,98.21,7421488,69.575,0.708,18.921,0.193,19.024,0.194,15.284,0.156,0.0,77.834
5,4294967295,1381,61,_swa_bwd_dkdv_kernel,_swa_bwd_dkdv_kernel,static,AI_CORE,1783586155364971.400	,99.622,52.45,28,0,YES,"""1964,16,96;16,1964;16,1964""",DT_BF16;FLOAT;FLOAT,ND;ND;ND,"""1964,4,96;1964,4,96""",DT_BF16;DT_BF16,ND;ND,N/A,99.32,3551467,49.785,0.501,38.593,0.389,35.076,0.353,48.304,0.486,0.002,0.0,34.144,0.344,0.0,99.34,7444793,70.151,0.706,19.362,0.195,19.176,0.193,15.408,0.155,0.0,77.163
5,4294967295,1382,61,_swa_bwd_dkdv_kernel,_swa_bwd_dkdv_kernel,static,AI_CORE,1783586155365126.742	,99.285,55.72,28,0,YES,"""1964,16,96;16,1964;16,1964""",DT_BF16;FLOAT;FLOAT,ND;ND;ND,"""1964,4,96;1964,4,96""",DT_BF16;DT_BF16,ND;ND,N/A,98.95,3550403,49.626,0.502,38.433,0.388,34.936,0.353,48.131,0.486,0.002,0.0,34.035,0.344,0.0,98.97,7439836,69.94,0.707,19.239,0.194,19.125,0.193,15.372,0.155,0.0,77.402
5,4294967295,1383,61,_swa_bwd_dkdv_kernel,_swa_bwd_dkdv_kernel,static,AI_CORE,1783586155365281.908	,98.499,55.881,28,0,YES,"""1964,16,96;16,1964;16,1964""",DT_BF16;FLOAT;FLOAT,ND;ND;ND,"""1964,4,96;1964,4,96""",DT_BF16;DT_BF16,ND;ND,N/A,98.16,3520098,49.665,0.506,37.708,0.384,34.99,0.356,48.069,0.49,0.002,0.0,34.045,0.347,0.0,98.19,7377791,69.973,0.713,18.474,0.188,19.143,0.195,15.37,0.157,0.0,77.354
5,4294967295,1384,61,_swa_bwd_dkdv_kernel,_swa_bwd_dkdv_kernel,static,AI_CORE,1783586155365434.353	,98.468,53.946,28,0,YES,"""1964,16,96;16,1964;16,1964""",DT_BF16;FLOAT;FLOAT,ND;ND;ND,"""1964,4,96;1964,4,96""",DT_BF16;DT_BF16,ND;ND,N/A,98.16,3542846,49.31,0.502,38.004,0.387,34.804,0.355,47.903,0.488,0.002,0.0,33.804,0.344,0.0,98.19,7428064,69.497,0.708,19.092,0.194,18.994,0.193,15.265,0.155,0.0,77.878
5,4294967295,1385,61,_swa_bwd_dkdv_kernel,_swa_bwd_dkdv_kernel,static,AI_CORE,1783586155365585.799	,99.625,52.978,28,0,YES,"""1964,16,96;16,1964;16,1964""",DT_BF16;FLOAT;FLOAT,ND;ND;ND,"""1964,4,96;1964,4,96""",DT_BF16;DT_BF16,ND;ND,N/A,99.32,3569865,49.562,0.499,38.739,0.39,34.943,0.352,48.169,0.485,0.002,0.0,33.947,0.342,0.0,99.34,7479211,69.833,0.703,19.723,0.199,19.114,0.192,15.347,0.154,0.0,77.561
5,4294967295,1386,61,_swa_bwd_dkdv_kernel,_swa_bwd_dkdv_kernel,static,AI_CORE,1783586155365738.109	,99.244,52.685,28,0,YES,"""1964,16,96;16,1964;16,1964""",DT_BF16;FLOAT;FLOAT,ND;ND;ND,"""1964,4,96;1964,4,96""",DT_BF16;DT_BF16,ND;ND,N/A,98.93,3548085,49.636,0.502,38.429,0.388,35.017,0.354,48.144,0.487,0.002,0.0,34.047,0.344,0.0,98.95,7436881,69.952,0.707,19.218,0.194,19.129,0.193,15.372,0.155,0.0,77.383
5,4294967295,1387,61,_swa_bwd_dkdv_kernel,_swa_bwd_dkdv_kernel,static,AI_CORE,1783586155365892.356	,99.502,55.003,28,0,YES,"""1964,16,96;16,1964;16,1964""",DT_BF16;FLOAT;FLOAT,ND;ND;ND,"""1964,4,96;1964,4,96""",DT_BF16;DT_BF16,ND;ND,N/A,99.19,3554187,49.688,0.501,38.554,0.389,35.024,0.353,48.323,0.487,0.002,0.0,34.059,0.343,0.0,99.21,7448757,70.03,0.706,19.396,0.196,19.157,0.193,15.403,0.155,0.0,77.315
5,4294967295,1388,61,_swa_bwd_dkdv_kernel,_swa_bwd_dkdv_kernel,static,AI_CORE,1783586155366043.878	,98.484,52.02,28,0,YES,"""1964,16,96;16,1964;16,1964""",DT_BF16;FLOAT;FLOAT,ND;ND;ND,"""1964,4,96;1964,4,96""",DT_BF16;DT_BF16,ND;ND,N/A,98.19,3522443,49.618,0.505,37.747,0.384,34.96,0.356,48.148,0.49,0.002,0.0,34.02,0.346,0.0,98.21,7379894,69.967,0.712,18.579,0.189,19.139,0.195,15.376,0.157,0.0,77.417
5,4294967295,1389,61,_swa_bwd_dkdv_kernel,_swa_bwd_dkdv_kernel,static,AI_CORE,1783586155366195.358	,98.116,52.996,28,0,YES,"""1964,16,96;16,1964;16,1964""",DT_BF16;FLOAT;FLOAT,ND;ND;ND,"""1964,4,96;1964,4,96""",DT_BF16;DT_BF16,ND;ND,N/A,97.82,3551951,49.036,0.501,38.101,0.39,34.562,0.353,47.476,0.485,0.002,0.0,33.591,0.343,0.0,97.84,7443314,69.109,0.706,19.047,0.195,18.903,0.193,15.202,0.155,0.0,78.358
5,4294967295,1390,61,_swa_bwd_dkdv_kernel,_swa_bwd_dkdv_kernel,static,AI_CORE,1783586155366346.350	,98.558,52.876,28,0,YES,"""1964,16,96;16,1964;16,1964""",DT_BF16;FLOAT;FLOAT,ND;ND;ND,"""1964,4,96;1964,4,96""",DT_BF16;DT_BF16,ND;ND,N/A,98.22,3544318,49.355,0.502,38.003,0.387,34.747,0.354,47.859,0.487,0.002,0.0,33.812,0.344,0.0,98.25,7430750,69.518,0.708,19.023,0.194,19.007,0.193,15.287,0.156,0.0,77.839
5,4294967295,1391,61,_swa_bwd_dkdv_kernel,_swa_bwd_dkdv_kernel,static,AI_CORE,1783586155366498.143	,98.051,53.235,28,0,YES,"""1964,16,96;16,1964;16,1964""",DT_BF16;FLOAT;FLOAT,ND;ND;ND,"""1964,4,96;1964,4,96""",DT_BF16;DT_BF16,ND;ND,N/A,97.71,3535256,49.227,0.504,37.612,0.385,34.711,0.355,47.775,0.489,0.002,0.0,33.739,0.345,0.0,97.74,7411048,69.337,0.709,18.805,0.192,18.96,0.194,15.23,0.156,0.0,78.042
5,4294967295,1392,61,_swa_bwd_dkdv_kernel,_swa_bwd_dkdv_kernel,static,AI_CORE,1783586155366646.928	,99.258,50.734,28,0,YES,"""1964,16,96;16,1964;16,1964""",DT_BF16;FLOAT;FLOAT,ND;ND;ND,"""1964,4,96;1964,4,96""",DT_BF16;DT_BF16,ND;ND,N/A,98.95,3547473,49.686,0.502,38.456,0.389,34.996,0.354,48.122,0.486,0.002,0.0,34.037,0.344,0.0,98.98,7437338,69.972,0.707,19.307,0.195,19.143,0.193,15.399,0.156,0.0,77.359
5,4294967295,1393,61,_swa_bwd_dkdv_kernel,_swa_bwd_dkdv_kernel,static,AI_CORE,1783586155366802.347	,98.666,56.161,28,0,YES,"""1964,16,96;16,1964;16,1964""",DT_BF16;FLOAT;FLOAT,ND;ND;ND,"""1964,4,96;1964,4,96""",DT_BF16;DT_BF16,ND;ND,N/A,98.36,3531935,49.556,0.504,37.998,0.386,34.958,0.355,48.111,0.489,0.002,0.0,33.949,0.345,0.0,98.39,7399511,69.913,0.711,18.767,0.191,19.124,0.194,15.376,0.156,0.0,77.482
5,4294967295,1394,61,_swa_bwd_dkdv_kernel,_swa_bwd_dkdv_kernel,static,AI_CORE,1783586155366954.688	,98.941,53.675,28,0,YES,"""1964,16,96;16,1964;16,1964""",DT_BF16;FLOAT;FLOAT,ND;ND;ND,"""1964,4,96;1964,4,96""",DT_BF16;DT_BF16,ND;ND,N/A,98.47,3536304,49.589,0.504,38.012,0.386,34.978,0.355,48.255,0.49,0.002,0.0,33.945,0.345,0.0,98.49,7411135,69.868,0.709,18.757,0.19,19.129,0.194,15.38,0.156,0.0,77.363
5,4294967295,1395,61,_swa_bwd_dkdv_kernel,_swa_bwd_dkdv_kernel,static,AI_CORE,1783586155367105.163	,98.659,51.534,28,0,YES,"""1964,16,96;16,1964;16,1964""",DT_BF16;FLOAT;FLOAT,ND;ND;ND,"""1964,4,96;1964,4,96""",DT_BF16;DT_BF16,ND;ND,N/A,98.34,3544275,49.396,0.502,38.111,0.388,34.792,0.354,47.949,0.488,0.002,0.0,33.881,0.345,0.0,98.36,7424220,69.659,0.708,18.938,0.193,19.074,0.194,15.297,0.156,0.0,77.759
5,4294967295,1396,61,_swa_bwd_dkdv_kernel,_swa_bwd_dkdv_kernel,static,AI_CORE,1783586155367254.753	,99.357,50.931,28,0,YES,"""1964,16,96;16,1964;16,1964""",DT_BF16;FLOAT;FLOAT,ND;ND;ND,"""1964,4,96;1964,4,96""",DT_BF16;DT_BF16,ND;ND,N/A,99.06,3555565,49.609,0.501,38.552,0.389,34.944,0.353,48.166,0.486,0.002,0.0,33.997,0.343,0.0,99.09,7450018,69.928,0.706,19.451,0.196,19.114,0.193,15.375,0.155,0.0,77.458
5,4294967295,1397,61,_swa_bwd_dkdv_kernel,_swa_bwd_dkdv_kernel,static,AI_CORE,1783586155367405.020	,99.152,50.91,28,0,YES,"""1964,16,96;16,1964;16,1964""",DT_BF16;FLOAT;FLOAT,ND;ND;ND,"""1964,4,96;1964,4,96""",DT_BF16;DT_BF16,ND;ND,N/A,98.86,3542474,49.694,0.503,38.256,0.387,35.005,0.354,48.127,0.487,0.002,0.0,34.075,0.345,0.0,98.88,7424962,70.019,0.708,19.188,0.194,19.155,0.194,15.382,0.156,0.0,77.333
5,4294967295,1398,61,_swa_bwd_dkdv_kernel,_swa_bwd_dkdv_kernel,static,AI_CORE,1783586155367555.484	,99.237,51.312,28,0,YES,"""1964,16,96;16,1964;16,1964""",DT_BF16;FLOAT;FLOAT,ND;ND;ND,"""1964,4,96;1964,4,96""",DT_BF16;DT_BF16,ND;ND,N/A,98.9,3542503,49.725,0.503,38.315,0.387,35.023,0.354,48.108,0.486,0.002,0.0,34.098,0.345,0.0,98.92,7425638,70.039,0.708,19.149,0.194,19.145,0.194,15.389,0.156,0.0,77.267
5,4294967295,1399,61,_swa_bwd_dkdv_kernel,_swa_bwd_dkdv_kernel,static,AI_CORE,1783586155367706.717	,98.268,51.996,28,0,YES,"""1964,16,96;16,1964;16,1964""",DT_BF16;FLOAT;FLOAT,ND;ND;ND,"""1964,4,96;1964,4,96""",DT_BF16;DT_BF16,ND;ND,N/A,97.93,3524773,49.455,0.505,37.649,0.384,34.889,0.356,48.075,0.491,0.002,0.0,33.896,0.346,0.0,97.95,7385138,69.732,0.712,18.477,0.189,19.114,0.195,15.328,0.156,0.0,77.638
5,4294967295,1400,61,_swa_bwd_dkdv_kernel,_swa_bwd_dkdv_kernel,static,AI_CORE,1783586155367855.198	,97.9,50.213,28,0,YES,"""1964,16,96;16,1964;16,1964""",DT_BF16;FLOAT;FLOAT,ND;ND;ND,"""1964,4,96;1964,4,96""",DT_BF16;DT_BF16,ND;ND,N/A,97.6,3550783,48.968,0.502,37.892,0.388,34.518,0.354,47.508,0.487,0.002,0.0,33.513,0.343,0.0,97.63,7436136,69.026,0.707,18.946,0.194,18.886,0.193,15.189,0.156,0.0,78.505
5,4294967295,1401,61,_swa_bwd_dkdv_kernel,_swa_bwd_dkdv_kernel,static,AI_CORE,1783586155368007.420	,98.124,54.322,28,0,YES,"""1964,16,96;16,1964;16,1964""",DT_BF16;FLOAT;FLOAT,ND;ND;ND,"""1964,4,96;1964,4,96""",DT_BF16;DT_BF16,ND;ND,N/A,97.83,3554644,49.011,0.501,38.041,0.389,34.542,0.353,47.589,0.486,0.002,0.0,33.58,0.343,0.0,97.85,7448084,69.073,0.706,19.158,0.196,18.901,0.193,15.175,0.155,0.0,78.411
5,4294967295,1402,61,_swa_bwd_dkdv_kernel,_swa_bwd_dkdv_kernel,static,AI_CORE,1783586155368156.997	,99.243,51.453,28,0,YES,"""1964,16,96;16,1964;16,1964""",DT_BF16;FLOAT;FLOAT,ND;ND;ND,"""1964,4,96;1964,4,96""",DT_BF16;DT_BF16,ND;ND,N/A,98.91,3555468,49.538,0.501,38.444,0.389,34.904,0.353,48.08,0.486,0.002,0.0,33.956,0.343,0.0,98.93,7447222,69.845,0.706,19.418,0.196,19.098,0.193,15.341,0.155,0.0,77.545
5,4294967295,1403,61,_swa_bwd_dkdv_kernel,_swa_bwd_dkdv_kernel,static,AI_CORE,1783586155368318.525	,100.204,62.285,28,0,YES,"""1964,16,96;16,1964;16,1964""",DT_BF16;FLOAT;FLOAT,ND;ND;ND,"""1964,4,96;1964,4,96""",DT_BF16;DT_BF16,ND;ND,N/A,99.87,3543199,50.217,0.503,34.657,0.347,36.31,0.364,49.401,0.495,0.002,0.0,33.019,0.331,0.001,99.9,7429162,70.632,0.707,19.462,0.195,19.393,0.194,15.791,0.158,0.003,76.536
5,4294967295,1404,61,_swa_bwd_dkdv_kernel,_swa_bwd_dkdv_kernel,static,AI_CORE,1783586155368470.809	,99.006,52.08,28,0,YES,"""1964,16,96;16,1964;16,1964""",DT_BF16;FLOAT;FLOAT,ND;ND;ND,"""1964,4,96;1964,4,96""",DT_BF16;DT_BF16,ND;ND,N/A,98.71,3510443,50.122,0.508,34.182,0.346,36.35,0.368,49.188,0.498,0.002,0.0,32.895,0.333,0.0,98.73,7361433,70.307,0.712,18.877,0.191,19.289,0.195,15.734,0.159,0.0,76.746
5,4294967295,1405,61,_swa_bwd_dkdv_kernel,_swa_bwd_dkdv_kernel,static,AI_CORE,1783586155368622.193	,99.066,52.378,28,0,YES,"""1964,16,96;16,1964;16,1964""",DT_BF16;FLOAT;FLOAT,ND;ND;ND,"""1964,4,96;1964,4,96""",DT_BF16;DT_BF16,ND;ND,N/A,98.77,3523982,49.941,0.506,34.385,0.348,36.165,0.366,48.878,0.495,0.002,0.0,32.809,0.332,0.0,98.8,7387970,70.1,0.71,19.174,0.194,19.233,0.195,15.712,0.159,0.0,76.996
5,4294967295,1406,61,_swa_bwd_dkdv_kernel,_swa_bwd_dkdv_kernel,static,AI_CORE,1783586155368773.931	,100.19,52.672,28,0,YES,"""1964,16,96;16,1964;16,1964""",DT_BF16;FLOAT;FLOAT,ND;ND;ND,"""1964,4,96;1964,4,96""",DT_BF16;DT_BF16,ND;ND,N/A,99.83,3542121,50.212,0.503,35.087,0.351,36.388,0.364,49.261,0.493,0.002,0.0,32.997,0.331,0.0,99.86,7426512,70.484,0.706,19.722,0.197,19.355,0.194,15.796,0.158,0.0,76.524
5,4294967295,1407,61,_swa_bwd_dkdv_kernel,_swa_bwd_dkdv_kernel,static,AI_CORE,1783586155368926.394	,100.118,52.273,28,0,YES,"""1964,16,96;16,1964;16,1964""",DT_BF16;FLOAT;FLOAT,ND;ND;ND,"""1964,4,96;1964,4,96""",DT_BF16;DT_BF16,ND;ND,N/A,99.76,3534421,50.29,0.504,34.929,0.35,36.435,0.365,49.179,0.493,0.002,0.0,33.071,0.332,0.0,99.79,7411958,70.581,0.707,19.571,0.196,19.359,0.194,15.794,0.158,0.0,76.412
5,4294967295,1408,61,_swa_bwd_dkdv_kernel,_swa_bwd_dkdv_kernel,static,AI_CORE,1783586155369084.677	,99.461,58.165,28,0,YES,"""1964,16,96;16,1964;16,1964""",DT_BF16;FLOAT;FLOAT,ND;ND;ND,"""1964,4,96;1964,4,96""",DT_BF16;DT_BF16,ND;ND,N/A,99.16,3521793,50.175,0.506,34.517,0.348,36.314,0.366,48.998,0.494,0.002,0.0,32.969,0.332,0.0,99.19,7385493,70.407,0.71,19.231,0.194,19.311,0.195,15.75,0.159,0.0,76.642
5,4294967295,1409,61,_swa_bwd_dkdv_kernel,_swa_bwd_dkdv_kernel,static,AI_CORE,1783586155369238.213	,99.147,54.075,28,0,YES,"""1964,16,96;16,1964;16,1964""",DT_BF16;FLOAT;FLOAT,ND;ND;ND,"""1964,4,96;1964,4,96""",DT_BF16;DT_BF16,ND;ND,N/A,98.85,3515567,50.082,0.507,34.385,0.348,36.25,0.367,48.935,0.495,0.002,0.0,32.933,0.333,0.0,98.87,7373336,70.286,0.711,18.981,0.192,19.28,0.195,15.703,0.159,0.0,76.749
5,4294967295,1410,61,_swa_bwd_dkdv_kernel,_swa_bwd_dkdv_kernel,static,AI_CORE,1783586155369391.461	,98.52,54.101,28,0,YES,"""1964,16,96;16,1964;16,1964""",DT_BF16;FLOAT;FLOAT,ND;ND;ND,"""1964,4,96;1964,4,96""",DT_BF16;DT_BF16,ND;ND,N/A,98.04,3507473,49.791,0.508,33.975,0.347,35.999,0.367,48.585,0.496,0.002,0.0,32.785,0.334,0.0,98.06,7355187,69.891,0.713,18.775,0.191,19.16,0.195,15.635,0.159,0.0,77.06
5,4294967295,1411,61,_swa_bwd_dkdv_kernel,_swa_bwd_dkdv_kernel,static,AI_CORE,1783586155369549.515	,98.647,59.534,28,0,YES,"""1964,16,96;16,1964;16,1964""",DT_BF16;FLOAT;FLOAT,ND;ND;ND,"""1964,4,96;1964,4,96""",DT_BF16;DT_BF16,ND;ND,N/A,98.31,3522673,49.723,0.506,34.315,0.349,35.98,0.366,48.594,0.494,0.002,0.0,32.671,0.332,0.0,98.34,7379511,69.854,0.71,19.076,0.194,19.166,0.195,15.644,0.159,0.0,77.294
5,4294967295,1412,61,_swa_bwd_dkdv_kernel,_swa_bwd_dkdv_kernel,static,AI_CORE,1783586155369703.248	,98.864,55.086,28,0,YES,"""1964,16,96;16,1964;16,1964""",DT_BF16;FLOAT;FLOAT,ND;ND;ND,"""1964,4,96;1964,4,96""",DT_BF16;DT_BF16,ND;ND,N/A,98.58,3527177,49.803,0.505,34.457,0.35,36.083,0.366,48.866,0.496,0.002,0.0,32.687,0.332,0.0,98.6,7392680,69.913,0.709,19.241,0.195,19.184,0.195,15.644,0.159,0.0,77.223
5,4294967295,1413,61,_swa_bwd_dkdv_kernel,_swa_bwd_dkdv_kernel,static,AI_CORE,1783586155369854.476	,99.705,52.364,28,0,YES,"""1964,16,96;16,1964;16,1964""",DT_BF16;FLOAT;FLOAT,ND;ND;ND,"""1964,4,96;1964,4,96""",DT_BF16;DT_BF16,ND;ND,N/A,99.42,3526858,50.207,0.505,34.68,0.349,36.402,0.366,49.246,0.495,0.002,0.0,32.993,0.332,0.0,99.44,7395876,70.485,0.709,19.392,0.195,19.337,0.194,15.764,0.159,0.0,76.565
5,4294967295,1414,61,_swa_bwd_dkdv_kernel,_swa_bwd_dkdv_kernel,static,AI_CORE,1783586155370006.869	,99.613,52.688,28,0,YES,"""1964,16,96;16,1964;16,1964""",DT_BF16;FLOAT;FLOAT,ND;ND;ND,"""1964,4,96;1964,4,96""",DT_BF16;DT_BF16,ND;ND,N/A,99.27,3523277,50.2,0.506,34.57,0.348,36.301,0.366,48.966,0.493,0.002,0.0,33.026,0.333,0.0,99.29,7390368,70.431,0.709,19.318,0.195,19.296,0.194,15.754,0.159,0.0,76.558
5,4294967295,1415,61,_swa_bwd_dkdv_kernel,_swa_bwd_dkdv_kernel,static,AI_CORE,1783586155370159.368	,98.582,52.886,28,0,YES,"""1964,16,96;16,1964;16,1964""",DT_BF16;FLOAT;FLOAT,ND;ND;ND,"""1964,4,96;1964,4,96""",DT_BF16;DT_BF16,ND;ND,N/A,98.23,3496360,50.061,0.51,33.844,0.345,36.25,0.369,48.858,0.497,0.002,0.0,32.909,0.335,0.0,98.26,7331156,70.264,0.715,18.555,0.189,19.268,0.196,15.719,0.16,0.0,76.767
5,4294967295,1416,61,_swa_bwd_dkdv_kernel,_swa_bwd_dkdv_kernel,static,AI_CORE,1783586155370309.392	,99.921,51.442,28,0,YES,"""1964,16,96;16,1964;16,1964""",DT_BF16;FLOAT;FLOAT,ND;ND;ND,"""1964,4,96;1964,4,96""",DT_BF16;DT_BF16,ND;ND,N/A,99.63,3541898,50.104,0.503,35.073,0.352,36.328,0.365,49.08,0.493,0.002,0.0,32.903,0.33,0.0,99.65,7422874,70.372,0.706,19.639,0.197,19.295,0.194,15.792,0.158,0.0,76.725
5,4294967295,1417,61,_swa_bwd_dkdv_kernel,_swa_bwd_dkdv_kernel,static,AI_CORE,1783586155370462.515	,99.597,53.202,28,0,YES,"""1964,16,96;16,1964;16,1964""",DT_BF16;FLOAT;FLOAT,ND;ND;ND,"""1964,4,96;1964,4,96""",DT_BF16;DT_BF16,ND;ND,N/A,99.31,3534814,50.041,0.504,34.779,0.35,36.272,0.365,49.026,0.494,0.002,0.0,32.9,0.331,0.0,99.33,7412698,70.242,0.707,19.465,0.196,19.233,0.194,15.743,0.158,0.0,76.821
5,4294967295,1418,61,_swa_bwd_dkdv_kernel,_swa_bwd_dkdv_kernel,static,AI_CORE,1783586155370612.730	,99.221,50.618,28,0,YES,"""1964,16,96;16,1964;16,1964""",DT_BF16;FLOAT;FLOAT,ND;ND;ND,"""1964,4,96;1964,4,96""",DT_BF16;DT_BF16,ND;ND,N/A,98.89,3520767,50.008,0.506,34.512,0.349,36.201,0.366,48.954,0.495,0.002,0.0,32.881,0.332,0.0,98.92,7382950,70.233,0.71,19.201,0.194,19.281,0.195,15.709,0.159,0.0,76.805
5,4294967295,1419,61,_swa_bwd_dkdv_kernel,_swa_bwd_dkdv_kernel,static,AI_CORE,1783586155370769.277	,99.677,57.326,28,0,YES,"""1964,16,96;16,1964;16,1964""",DT_BF16;FLOAT;FLOAT,ND;ND;ND,"""1964,4,96;1964,4,96""",DT_BF16;DT_BF16,ND;ND,N/A,99.35,3526291,50.197,0.505,34.658,0.349,36.377,0.366,49.057,0.494,0.002,0.0,33.0,0.332,0.0,99.37,7398313,70.408,0.709,19.393,0.195,19.297,0.194,15.754,0.159,0.0,76.574
5,4294967295,1420,61,_swa_bwd_dkdv_kernel,_swa_bwd_dkdv_kernel,static,AI_CORE,1783586155370919.843	,99.004,50.889,28,0,YES,"""1964,16,96;16,1964;16,1964""",DT_BF16;FLOAT;FLOAT,ND;ND;ND,"""1964,4,96;1964,4,96""",DT_BF16;DT_BF16,ND;ND,N/A,98.72,3503158,50.169,0.508,34.188,0.346,36.308,0.368,49.071,0.497,0.002,0.0,33.021,0.334,0.0,98.74,7347844,70.444,0.713,18.873,0.191,19.341,0.196,15.784,0.16,0.0,76.589
5,4294967295,1421,61,_swa_bwd_dkdv_kernel,_swa_bwd_dkdv_kernel,static,AI_CORE,1783586155371072.122	,98.963,53.275,28,0,YES,"""1964,16,96;16,1964;16,1964""",DT_BF16;FLOAT;FLOAT,ND;ND;ND,"""1964,4,96;1964,4,96""",DT_BF16;DT_BF16,ND;ND,N/A,98.68,3522289,49.897,0.506,34.399,0.349,36.167,0.367,48.854,0.495,0.002,0.0,32.805,0.332,0.0,98.7,7382790,70.078,0.71,19.002,0.193,19.215,0.195,15.67,0.159,0.0,77.039
5,4294967295,1422,61,_swa_bwd_dkdv_kernel,_swa_bwd_dkdv_kernel,static,AI_CORE,1783586155371225.171	,98.887,54.086,28,0,YES,"""1964,16,96;16,1964;16,1964""",DT_BF16;FLOAT;FLOAT,ND;ND;ND,"""1964,4,96;1964,4,96""",DT_BF16;DT_BF16,ND;ND,N/A,98.54,3530348,49.728,0.505,34.494,0.35,36.002,0.365,48.565,0.493,0.002,0.0,32.704,0.332,0.0,98.56,7404258,69.782,0.708,19.196,0.195,19.136,0.194,15.604,0.158,0.0,77.275
5,4294967295,1423,61,_swa_bwd_dkdv_kernel,_swa_bwd_dkdv_kernel,static,AI_CORE,1783586155371380.606	,99.399,56.548,28,0,YES,"""1964,16,96;16,1964;16,1964""",DT_BF16;FLOAT;FLOAT,ND;ND;ND,"""1964,4,96;1964,4,96""",DT_BF16;DT_BF16,ND;ND,N/A,99.05,3524582,50.043,0.505,34.608,0.349,36.247,0.366,48.967,0.494,0.002,0.0,32.924,0.332,0.0,99.07,7388741,70.285,0.709,19.22,0.194,19.279,0.195,15.703,0.159,0.0,76.751
5,4294967295,1424,61,_swa_bwd_dkdv_kernel,_swa_bwd_dkdv_kernel,static,AI_CORE,1783586155371535.236	,99.411,55.231,28,0,YES,"""1964,16,96;16,1964;16,1964""",DT_BF16;FLOAT;FLOAT,ND;ND;ND,"""1964,4,96;1964,4,96""",DT_BF16;DT_BF16,ND;ND,N/A,99.12,3516096,50.186,0.506,34.535,0.348,36.344,0.367,49.039,0.495,0.002,0.0,33.037,0.333,0.0,99.14,7372292,70.489,0.711,19.141,0.193,19.313,0.195,15.775,0.159,0.0,76.557
5,4294967295,1425,61,_swa_bwd_dkdv_kernel,_swa_bwd_dkdv_kernel,static,AI_CORE,1783586155371685.976	,99.75,51.329,28,0,YES,"""1964,16,96;16,1964;16,1964""",DT_BF16;FLOAT;FLOAT,ND;ND;ND,"""1964,4,96;1964,4,96""",DT_BF16;DT_BF16,ND;ND,N/A,99.46,3520862,50.321,0.506,34.662,0.349,36.516,0.367,49.245,0.495,0.002,0.0,33.049,0.332,0.0,99.48,7386536,70.603,0.71,19.259,0.194,19.372,0.195,15.816,0.159,0.0,76.4
5,4294967295,1426,61,_swa_bwd_dkdv_kernel,_swa_bwd_dkdv_kernel,static,AI_CORE,1783586155371837.661	,99.342,51.935,28,0,YES,"""1964,16,96;16,1964;16,1964""",DT_BF16;FLOAT;FLOAT,ND;ND;ND,"""1964,4,96;1964,4,96""",DT_BF16;DT_BF16,ND;ND,N/A,98.85,3517748,50.053,0.506,34.378,0.348,36.24,0.367,48.995,0.496,0.002,0.0,32.919,0.333,0.0,98.87,7376163,70.267,0.711,19.103,0.193,19.295,0.195,15.729,0.159,0.0,76.646
5,4294967295,1427,61,_swa_bwd_dkdv_kernel,_swa_bwd_dkdv_kernel,static,AI_CORE,1783586155371988.296	,99.226,51.293,28,0,YES,"""1964,16,96;16,1964;16,1964""",DT_BF16;FLOAT;FLOAT,ND;ND;ND,"""1964,4,96;1964,4,96""",DT_BF16;DT_BF16,ND;ND,N/A,98.88,3520693,50.011,0.506,34.477,0.349,36.188,0.366,48.936,0.495,0.002,0.0,32.897,0.333,0.0,98.91,7379927,70.25,0.71,19.091,0.193,19.27,0.195,15.721,0.159,0.0,76.8
5,4294967295,1428,61,_swa_bwd_dkdv_kernel,_swa_bwd_dkdv_kernel,static,AI_CORE,1783586155372137.834	,99.853,50.312,28,0,YES,"""1964,16,96;16,1964;16,1964""",DT_BF16;FLOAT;FLOAT,ND;ND;ND,"""1964,4,96;1964,4,96""",DT_BF16;DT_BF16,ND;ND,N/A,99.54,3530141,50.23,0.505,34.792,0.35,36.375,0.365,49.112,0.493,0.002,0.0,33.034,0.332,0.0,99.57,7402157,70.515,0.708,19.497,0.196,19.344,0.194,15.791,0.159,0.0,76.522
5,4294967295,1429,61,_swa_bwd_dkdv_kernel,_swa_bwd_dkdv_kernel,static,AI_CORE,1783586155372292.926	,99.278,55.239,28,0,YES,"""1964,16,96;16,1964;16,1964""",DT_BF16;FLOAT;FLOAT,ND;ND;ND,"""1964,4,96;1964,4,96""",DT_BF16;DT_BF16,ND;ND,N/A,98.97,3516404,50.115,0.506,34.413,0.348,36.315,0.367,49.088,0.496,0.002,0.0,32.964,0.333,0.0,98.99,7372179,70.388,0.711,19.044,0.192,19.294,0.195,15.768,0.159,0.0,76.666
5,4294967295,1430,61,_swa_bwd_dkdv_kernel,_swa_bwd_dkdv_kernel,static,AI_CORE,1783586155372446.843	,99.572,54.639,28,0,YES,"""1964,16,96;16,1964;16,1964""",DT_BF16;FLOAT;FLOAT,ND;ND;ND,"""1964,4,96;1964,4,96""",DT_BF16;DT_BF16,ND;ND,N/A,99.2,3520913,50.19,0.506,34.578,0.349,36.359,0.367,49.117,0.495,0.002,0.0,33.004,0.333,0.0,99.23,7384820,70.437,0.71,19.293,0.194,19.299,0.194,15.751,0.159,0.0,76.538
5,4294967295,1431,61,_swa_bwd_dkdv_kernel,_swa_bwd_dkdv_kernel,static,AI_CORE,1783586155372599.690	,98.611,53.275,28,0,YES,"""1964,16,96;16,1964;16,1964""",DT_BF16;FLOAT;FLOAT,ND;ND;ND,"""1964,4,96;1964,4,96""",DT_BF16;DT_BF16,ND;ND,N/A,98.24,3499799,49.984,0.509,33.962,0.346,36.217,0.369,48.802,0.497,0.002,0.0,32.882,0.335,0.0,98.27,7335787,70.223,0.715,18.548,0.189,19.283,0.196,15.706,0.16,0.0,76.82
5,4294967295,1432,61,_swa_bwd_dkdv_kernel,_swa_bwd_dkdv_kernel,static,AI_CORE,1783586155372749.300	,99.616,50.999,28,0,YES,"""1964,16,96;16,1964;16,1964""",DT_BF16;FLOAT;FLOAT,ND;ND;ND,"""1964,4,96;1964,4,96""",DT_BF16;DT_BF16,ND;ND,N/A,99.3,3536801,50.011,0.504,35.026,0.353,36.198,0.365,48.844,0.492,0.002,0.0,32.917,0.331,0.0,99.33,7415655,70.217,0.707,19.675,0.198,19.29,0.194,15.703,0.158,0.0,76.849
5,4294967295,1433,61,_swa_bwd_dkdv_kernel,_swa_bwd_dkdv_kernel,static,AI_CORE,1783586155372901.247	,99.972,52.331,28,0,YES,"""1964,16,96;16,1964;16,1964""",DT_BF16;FLOAT;FLOAT,ND;ND;ND,"""1964,4,96;1964,4,96""",DT_BF16;DT_BF16,ND;ND,N/A,99.66,3543393,50.105,0.503,35.2,0.353,36.287,0.364,49.039,0.492,0.002,0.0,32.954,0.331,0.0,99.69,7429061,70.348,0.706,19.874,0.199,19.314,0.194,15.753,0.158,0.0,76.718
5,4294967295,1434,61,_swa_bwd_dkdv_kernel,_swa_bwd_dkdv_kernel,static,AI_CORE,1783586155373054.184	,99.185,52.965,28,0,YES,"""1964,16,96;16,1964;16,1964""",DT_BF16;FLOAT;FLOAT,ND;ND;ND,"""1964,4,96;1964,4,96""",DT_BF16;DT_BF16,ND;ND,N/A,98.84,3526961,49.921,0.505,34.741,0.351,36.156,0.366,48.721,0.493,0.002,0.0,32.845,0.332,0.0,98.86,7390197,70.121,0.709,19.342,0.196,19.242,0.195,15.675,0.159,0.0,76.968
5,4294967295,1435,61,_swa_bwd_dkdv_kernel,_swa_bwd_dkdv_kernel,static,AI_CORE,1783586155373204.899	,99.734,51.53,28,0,YES,"""1964,16,96;16,1964;16,1964""",DT_BF16;FLOAT;FLOAT,ND;ND;ND,"""1964,4,96;1964,4,96""",DT_BF16;DT_BF16,ND;ND,N/A,99.39,3533654,50.088,0.504,35.006,0.352,36.257,0.365,48.883,0.492,0.002,0.0,32.947,0.331,0.0,99.41,7407480,70.346,0.708,19.612,0.197,19.291,0.194,15.743,0.158,0.0,76.69
5,4294967295,1436,61,_swa_bwd_dkdv_kernel,_swa_bwd_dkdv_kernel,static,AI_CORE,1783586155373358.667	,99.328,54.034,28,0,YES,"""1964,16,96;16,1964;16,1964""",DT_BF16;FLOAT;FLOAT,ND;ND;ND,"""1964,4,96;1964,4,96""",DT_BF16;DT_BF16,ND;ND,N/A,99.02,3505957,50.31,0.508,34.263,0.346,36.456,0.368,49.216,0.497,0.002,0.0,33.064,0.334,0.0,99.04,7354320,70.591,0.713,18.92,0.191,19.368,0.196,15.784,0.159,0.0,76.4
5,4294967295,1437,61,_swa_bwd_dkdv_kernel,_swa_bwd_dkdv_kernel,static,AI_CORE,1783586155373510.320	,100.175,52.325,28,0,YES,"""1964,16,96;16,1964;16,1964""",DT_BF16;FLOAT;FLOAT,ND;ND;ND,"""1964,4,96;1964,4,96""",DT_BF16;DT_BF16,ND;ND,N/A,99.87,3541049,50.212,0.503,35.193,0.352,36.389,0.364,49.09,0.492,0.002,0.0,33.027,0.331,0.0,99.89,7424292,70.527,0.706,19.771,0.198,19.349,0.194,15.761,0.158,0.0,76.512
5,4294967295,1438,61,_swa_bwd_dkdv_kernel,_swa_bwd_dkdv_kernel,static,AI_CORE,1783586155373674.783	,114.176,64.288,28,0,YES,"""1964,16,96;16,1964;16,1964""",DT_BF16;FLOAT;FLOAT,ND;ND;ND,"""1964,4,96;1964,4,96""",DT_BF16;DT_BF16,ND;ND,N/A,113.81,3888137,50.04,0.44,44.673,0.393,43.684,0.384,73.764,0.648,0.002,0.0,29.888,0.263,0.001,113.83,7950093,71.458,0.628,20.786,0.183,23.777,0.209,15.506,0.136,0.003,73.71
5,4294967295,1439,61,_swa_bwd_dkdv_kernel,_swa_bwd_dkdv_kernel,static,AI_CORE,1783586155373842.120	,113.895,53.161,28,0,YES,"""1964,16,96;16,1964;16,1964""",DT_BF16;FLOAT;FLOAT,ND;ND;ND,"""1964,4,96;1964,4,96""",DT_BF16;DT_BF16,ND;ND,N/A,113.53,3873331,50.04,0.441,44.504,0.392,43.742,0.385,73.648,0.649,0.002,0.0,29.811,0.263,0.0,113.55,7908970,71.526,0.63,20.868,0.184,23.978,0.211,14.925,0.131,0.0,73.61
5,4294967295,1440,61,_swa_bwd_dkdv_kernel,_swa_bwd_dkdv_kernel,static,AI_CORE,1783586155374010.944	,113.879,54.929,28,0,YES,"""1964,16,96;16,1964;16,1964""",DT_BF16;FLOAT;FLOAT,ND;ND;ND,"""1964,4,96;1964,4,96""",DT_BF16;DT_BF16,ND;ND,N/A,113.57,3870673,50.007,0.44,44.631,0.393,43.749,0.385,73.74,0.649,0.002,0.0,29.836,0.263,0.0,113.59,7903849,71.598,0.63,20.816,0.183,24.026,0.212,14.941,0.132,0.0,73.57
5,4294967295,1441,61,_swa_bwd_dkdv_kernel,_swa_bwd_dkdv_kernel,static,AI_CORE,1783586155374180.165	,113.384,55.342,28,0,YES,"""1964,16,96;16,1964;16,1964""",DT_BF16;FLOAT;FLOAT,ND;ND;ND,"""1964,4,96;1964,4,96""",DT_BF16;DT_BF16,ND;ND,N/A,113.07,3862041,49.955,0.442,44.128,0.39,43.672,0.386,73.604,0.651,0.002,0.0,29.791,0.263,0.0,113.1,7886832,71.443,0.632,20.415,0.18,23.979,0.212,14.908,0.132,0.0,73.726
5,4294967295,1442,61,_swa_bwd_dkdv_kernel,_swa_bwd_dkdv_kernel,static,AI_CORE,1783586155374345.762	,113.944,52.213,28,0,YES,"""1964,16,96;16,1964;16,1964""",DT_BF16;FLOAT;FLOAT,ND;ND;ND,"""1964,4,96;1964,4,96""",DT_BF16;DT_BF16,ND;ND,N/A,113.45,3861745,50.131,0.442,44.34,0.391,43.836,0.386,73.78,0.65,0.002,0.0,29.895,0.264,0.0,113.47,7887237,71.671,0.632,20.586,0.181,24.072,0.212,14.941,0.132,0.0,73.358
5,4294967295,1443,61,_swa_bwd_dkdv_kernel,_swa_bwd_dkdv_kernel,static,AI_CORE,1783586155374512.120	,114.113,52.414,28,0,YES,"""1964,16,96;16,1964;16,1964""",DT_BF16;FLOAT;FLOAT,ND;ND;ND,"""1964,4,96;1964,4,96""",DT_BF16;DT_BF16,ND;ND,N/A,113.77,3883819,49.985,0.439,44.821,0.394,43.67,0.384,73.631,0.647,0.002,0.0,29.833,0.262,0.0,113.79,7931175,71.474,0.628,21.115,0.186,23.954,0.211,14.948,0.131,0.0,73.669
5,4294967295,1444,61,_swa_bwd_dkdv_kernel,_swa_bwd_dkdv_kernel,static,AI_CORE,1783586155374681.197	,113.755,54.964,28,0,YES,"""1964,16,96;16,1964;16,1964""",DT_BF16;FLOAT;FLOAT,ND;ND;ND,"""1964,4,96;1964,4,96""",DT_BF16;DT_BF16,ND;ND,N/A,113.41,3878642,49.929,0.44,44.611,0.393,43.624,0.385,73.373,0.647,0.002,0.0,29.735,0.262,0.0,113.43,7919359,71.356,0.629,20.958,0.185,23.932,0.211,14.897,0.131,0.0,73.802
5,4294967295,1445,61,_swa_bwd_dkdv_kernel,_swa_bwd_dkdv_kernel,static,AI_CORE,1783586155374847.965	,113.55,53.013,28,0,YES,"""1964,16,96;16,1964;16,1964""",DT_BF16;FLOAT;FLOAT,ND;ND;ND,"""1964,4,96;1964,4,96""",DT_BF16;DT_BF16,ND;ND,N/A,113.24,3872798,49.934,0.441,44.454,0.393,43.592,0.385,73.441,0.649,0.002,0.0,29.771,0.263,0.0,113.27,7907325,71.366,0.63,20.755,0.183,23.963,0.212,14.881,0.131,0.0,73.824
5,4294967295,1446,61,_swa_bwd_dkdv_kernel,_swa_bwd_dkdv_kernel,static,AI_CORE,1783586155375014.112	,114.049,52.597,28,0,YES,"""1964,16,96;16,1964;16,1964""",DT_BF16;FLOAT;FLOAT,ND;ND;ND,"""1964,4,96;1964,4,96""",DT_BF16;DT_BF16,ND;ND,N/A,113.68,3876535,50.036,0.44,44.583,0.392,43.749,0.385,73.742,0.649,0.002,0.0,29.826,0.262,0.0,113.7,7916518,71.553,0.629,20.868,0.184,24.026,0.211,14.989,0.132,0.0,73.572
5,4294967295,1447,61,_swa_bwd_dkdv_kernel,_swa_bwd_dkdv_kernel,static,AI_CORE,1783586155375180.801	,113.167,52.64,28,0,YES,"""1964,16,96;16,1964;16,1964""",DT_BF16;FLOAT;FLOAT,ND;ND;ND,"""1964,4,96;1964,4,96""",DT_BF16;DT_BF16,ND;ND,N/A,112.8,3841792,50.115,0.444,43.85,0.389,43.786,0.388,73.703,0.653,0.002,0.0,29.869,0.265,0.0,112.82,7847174,71.625,0.635,19.995,0.177,24.016,0.213,14.933,0.132,0.0,73.48
5,4294967295,1448,61,_swa_bwd_dkdv_kernel,_swa_bwd_dkdv_kernel,static,AI_CORE,1783586155375344.591	,113.387,50.623,28,0,YES,"""1964,16,96;16,1964;16,1964""",DT_BF16;FLOAT;FLOAT,ND;ND;ND,"""1964,4,96;1964,4,96""",DT_BF16;DT_BF16,ND;ND,N/A,113.08,3871596,49.852,0.441,44.394,0.393,43.553,0.385,73.368,0.649,0.002,0.0,29.711,0.263,0.0,113.1,7906952,71.26,0.63,20.76,0.184,23.944,0.212,14.86,0.131,0.0,73.907
5,4294967295,1449,61,_swa_bwd_dkdv_kernel,_swa_bwd_dkdv_kernel,static,AI_CORE,1783586155375512.738	,113.461,54.76,28,0,YES,"""1964,16,96;16,1964;16,1964""",DT_BF16;FLOAT;FLOAT,ND;ND;ND,"""1964,4,96;1964,4,96""",DT_BF16;DT_BF16,ND;ND,N/A,113.15,3870259,49.913,0.441,44.341,0.392,43.607,0.385,73.439,0.649,0.002,0.0,29.76,0.263,0.0,113.17,7902437,71.346,0.63,20.649,0.182,23.924,0.211,14.902,0.132,0.0,73.833
5,4294967295,1450,61,_swa_bwd_dkdv_kernel,_swa_bwd_dkdv_kernel,static,AI_CORE,1783586155375681.955	,113.704,55.756,28,0,YES,"""1964,16,96;16,1964;16,1964""",DT_BF16;FLOAT;FLOAT,ND;ND;ND,"""1964,4,96;1964,4,96""",DT_BF16;DT_BF16,ND;ND,N/A,113.36,3870333,49.969,0.441,44.558,0.393,43.675,0.385,73.484,0.648,0.002,0.0,29.806,0.263,0.0,113.38,7903790,71.465,0.63,20.833,0.184,24.002,0.212,14.912,0.132,0.0,73.677
5,4294967295,1451,61,_swa_bwd_dkdv_kernel,_swa_bwd_dkdv_kernel,static,AI_CORE,1783586155375846.070	,113.736,50.411,28,0,YES,"""1964,16,96;16,1964;16,1964""",DT_BF16;FLOAT;FLOAT,ND;ND;ND,"""1964,4,96;1964,4,96""",DT_BF16;DT_BF16,ND;ND,N/A,113.39,3870038,50.034,0.441,44.445,0.392,43.712,0.386,73.676,0.65,0.002,0.0,29.807,0.263,0.0,113.41,7903440,71.488,0.63,20.707,0.183,23.981,0.211,14.916,0.132,0.0,73.65
5,4294967295,1452,61,_swa_bwd_dkdv_kernel,_swa_bwd_dkdv_kernel,static,AI_CORE,1783586155376019.695	,113.185,59.889,28,0,YES,"""1964,16,96;16,1964;16,1964""",DT_BF16;FLOAT;FLOAT,ND;ND;ND,"""1964,4,96;1964,4,96""",DT_BF16;DT_BF16,ND;ND,N/A,112.88,3850821,50.036,0.443,43.948,0.389,43.739,0.387,73.684,0.653,0.002,0.0,29.84,0.264,0.0,112.9,7865121,71.513,0.633,20.163,0.179,24.02,0.213,14.971,0.133,0.0,73.641
5,4294967295,1453,61,_swa_bwd_dkdv_kernel,_swa_bwd_dkdv_kernel,static,AI_CORE,1783586155376189.102	,114.292,56.222,28,0,YES,"""1964,16,96;16,1964;16,1964""",DT_BF16;FLOAT;FLOAT,ND;ND;ND,"""1964,4,96;1964,4,96""",DT_BF16;DT_BF16,ND;ND,N/A,113.98,3887523,50.071,0.439,45.018,0.395,43.738,0.384,73.573,0.645,0.002,0.0,29.842,0.262,0.0,114.01,7938329,71.55,0.628,21.228,0.186,24.019,0.211,14.893,0.131,0.0,73.623
5,4294967295,1454,61,_swa_bwd_dkdv_kernel,_swa_bwd_dkdv_kernel,static,AI_CORE,1783586155376355.675	,113.483,52.281,28,0,YES,"""1964,16,96;16,1964;16,1964""",DT_BF16;FLOAT;FLOAT,ND;ND;ND,"""1964,4,96;1964,4,96""",DT_BF16;DT_BF16,ND;ND,N/A,113.11,3872091,49.838,0.441,44.521,0.394,43.573,0.385,73.374,0.649,0.002,0.0,29.715,0.263,0.0,113.14,7907411,71.281,0.63,20.823,0.184,23.901,0.211,14.889,0.132,0.0,73.854
5,4294967295,1455,61,_swa_bwd_dkdv_kernel,_swa_bwd_dkdv_kernel,static,AI_CORE,1783586155376520.712	,113.414,51.554,28,0,YES,"""1964,16,96;16,1964;16,1964""",DT_BF16;FLOAT;FLOAT,ND;ND;ND,"""1964,4,96;1964,4,96""",DT_BF16;DT_BF16,ND;ND,N/A,113.05,3866099,49.894,0.441,44.235,0.391,43.63,0.386,73.369,0.649,0.002,0.0,29.758,0.263,0.0,113.07,7895260,71.345,0.631,20.582,0.182,23.938,0.212,14.87,0.132,0.0,73.784
5,4294967295,1456,61,_swa_bwd_dkdv_kernel,_swa_bwd_dkdv_kernel,static,AI_CORE,1783586155376687.376	,113.46,53.25,28,0,YES,"""1964,16,96;16,1964;16,1964""",DT_BF16;FLOAT;FLOAT,ND;ND;ND,"""1964,4,96;1964,4,96""",DT_BF16;DT_BF16,ND;ND,N/A,113.15,3867227,49.898,0.441,44.226,0.391,43.634,0.386,73.539,0.65,0.002,0.0,29.776,0.263,0.0,113.17,7895759,71.406,0.631,20.52,0.181,23.975,0.212,14.907,0.132,0.0,73.776
5,4294967295,1457,61,_swa_bwd_dkdv_kernel,_swa_bwd_dkdv_kernel,static,AI_CORE,1783586155376853.221	,113.673,52.385,28,0,YES,"""1964,16,96;16,1964;16,1964""",DT_BF16;FLOAT;FLOAT,ND;ND;ND,"""1964,4,96;1964,4,96""",DT_BF16;DT_BF16,ND;ND,N/A,113.31,3857555,50.166,0.443,44.245,0.39,43.816,0.387,73.742,0.651,0.002,0.0,29.9,0.264,0.0,113.33,7879488,71.654,0.632,20.454,0.18,24.021,0.212,14.992,0.132,0.0,73.454
5,4294967295,1458,61,_swa_bwd_dkdv_kernel,_swa_bwd_dkdv_kernel,static,AI_CORE,1783586155377019.212	,113.549,52.318,28,0,YES,"""1964,16,96;16,1964;16,1964""",DT_BF16;FLOAT;FLOAT,ND;ND;ND,"""1964,4,96;1964,4,96""",DT_BF16;DT_BF16,ND;ND,N/A,113.08,3857058,50.061,0.443,44.116,0.39,43.738,0.387,73.735,0.652,0.002,0.0,29.832,0.264,0.0,113.1,7877016,71.532,0.632,20.265,0.179,24.013,0.212,14.955,0.132,0.0,73.524
5,4294967295,1459,61,_swa_bwd_dkdv_kernel,_swa_bwd_dkdv_kernel,static,AI_CORE,1783586155377186.621	,114.258,53.86,28,0,YES,"""1964,16,96;16,1964;16,1964""",DT_BF16;FLOAT;FLOAT,ND;ND;ND,"""1964,4,96;1964,4,96""",DT_BF16;DT_BF16,ND;ND,N/A,113.94,3886652,50.03,0.439,44.95,0.395,43.749,0.384,73.618,0.646,0.002,0.0,29.818,0.262,0.0,113.96,7937347,71.528,0.628,21.093,0.185,23.987,0.21,14.893,0.131,0.0,73.629
5,4294967295,1460,61,_swa_bwd_dkdv_kernel,_swa_bwd_dkdv_kernel,static,AI_CORE,1783586155377352.380	,113.273,51.501,28,0,YES,"""1964,16,96;16,1964;16,1964""",DT_BF16;FLOAT;FLOAT,ND;ND;ND,"""1964,4,96;1964,4,96""",DT_BF16;DT_BF16,ND;ND,N/A,112.97,3858626,49.936,0.442,44.155,0.391,43.679,0.387,73.533,0.651,0.002,0.0,29.799,0.264,0.0,113.0,7879431,71.446,0.632,20.55,0.182,23.95,0.212,14.896,0.132,0.0,73.733
5,4294967295,1461,61,_swa_bwd_dkdv_kernel,_swa_bwd_dkdv_kernel,static,AI_CORE,1783586155377519.599	,114.313,53.946,28,0,YES,"""1964,16,96;16,1964;16,1964""",DT_BF16;FLOAT;FLOAT,ND;ND;ND,"""1964,4,96;1964,4,96""",DT_BF16;DT_BF16,ND;ND,N/A,114.01,3882508,50.108,0.44,44.928,0.394,43.806,0.384,73.807,0.647,0.002,0.0,29.9,0.262,0.0,114.03,7928789,71.648,0.628,21.046,0.185,24.062,0.211,14.974,0.131,0.0,73.515
5,4294967295,1462,61,_swa_bwd_dkdv_kernel,_swa_bwd_dkdv_kernel,static,AI_CORE,1783586155377687.279	,114.05,53.367,28,0,YES,"""1964,16,96;16,1964;16,1964""",DT_BF16;FLOAT;FLOAT,ND;ND;ND,"""1964,4,96;1964,4,96""",DT_BF16;DT_BF16,ND;ND,N/A,113.72,3872768,50.078,0.44,44.638,0.393,43.786,0.385,73.829,0.649,0.002,0.0,29.879,0.263,0.0,113.74,7908022,71.652,0.63,20.804,0.183,24.048,0.211,14.963,0.132,0.0,73.499
5,4294967295,1463,61,_swa_bwd_dkdv_kernel,_swa_bwd_dkdv_kernel,static,AI_CORE,1783586155377855.505	,113.118,54.176,28,0,YES,"""1964,16,96;16,1964;16,1964""",DT_BF16;FLOAT;FLOAT,ND;ND;ND,"""1964,4,96;1964,4,96""",DT_BF16;DT_BF16,ND;ND,N/A,112.78,3839531,50.145,0.445,43.773,0.388,43.827,0.389,73.669,0.653,0.002,0.0,29.908,0.265,0.0,112.81,7842687,71.66,0.635,19.981,0.177,24.009,0.213,14.968,0.133,0.0,73.469
5,4294967295,1464,61,_swa_bwd_dkdv_kernel,_swa_bwd_dkdv_kernel,static,AI_CORE,1783586155378021.016	,113.701,52.393,28,0,YES,"""1964,16,96;16,1964;16,1964""",DT_BF16;FLOAT;FLOAT,ND;ND;ND,"""1964,4,96;1964,4,96""",DT_BF16;DT_BF16,ND;ND,N/A,113.39,3884722,49.829,0.439,44.811,0.395,43.529,0.384,73.285,0.646,0.002,0.0,29.703,0.262,0.0,113.42,7932438,71.233,0.628,21.09,0.186,23.88,0.211,14.826,0.131,0.0,73.953
5,4294967295,1465,61,_swa_bwd_dkdv_kernel,_swa_bwd_dkdv_kernel,static,AI_CORE,1783586155378186.613	,114.268,51.896,28,0,YES,"""1964,16,96;16,1964;16,1964""",DT_BF16;FLOAT;FLOAT,ND;ND;ND,"""1964,4,96;1964,4,96""",DT_BF16;DT_BF16,ND;ND,N/A,113.96,3880923,50.094,0.44,44.896,0.394,43.808,0.384,73.883,0.648,0.002,0.0,29.888,0.262,0.0,113.99,7924542,71.662,0.629,21.062,0.185,24.03,0.211,14.955,0.131,0.0,73.514
5,4294967295,1466,61,_swa_bwd_dkdv_kernel,_swa_bwd_dkdv_kernel,static,AI_CORE,1783586155378351.418	,113.219,50.537,28,0,YES,"""1964,16,96;16,1964;16,1964""",DT_BF16;FLOAT;FLOAT,ND;ND;ND,"""1964,4,96;1964,4,96""",DT_BF16;DT_BF16,ND;ND,N/A,112.9,3864648,49.847,0.442,44.183,0.391,43.589,0.386,73.596,0.652,0.002,0.0,29.718,0.263,0.0,112.93,7892108,71.288,0.631,20.554,0.182,23.928,0.212,14.887,0.132,0.0,73.884
5,4294967295,1467,61,_swa_bwd_dkdv_kernel,_swa_bwd_dkdv_kernel,static,AI_CORE,1783586155378517.010	,114.355,52.373,28,0,YES,"""1964,16,96;16,1964;16,1964""",DT_BF16;FLOAT;FLOAT,ND;ND;ND,"""1964,4,96;1964,4,96""",DT_BF16;DT_BF16,ND;ND,N/A,114.04,3882988,50.149,0.44,45.022,0.395,43.821,0.384,73.97,0.649,0.002,0.0,29.875,0.262,0.0,114.06,7929153,71.666,0.628,21.001,0.184,24.057,0.211,15.001,0.132,0.0,73.497
5,4294967295,1468,61,_swa_bwd_dkdv_kernel,_swa_bwd_dkdv_kernel,static,AI_CORE,1783586155378681.648	,113.477,50.283,28,0,YES,"""1964,16,96;16,1964;16,1964""",DT_BF16;FLOAT;FLOAT,ND;ND;ND,"""1964,4,96;1964,4,96""",DT_BF16;DT_BF16,ND;ND,N/A,113.17,3853840,50.121,0.443,44.174,0.39,43.787,0.387,73.763,0.652,0.002,0.0,29.875,0.264,0.0,113.2,7870888,71.651,0.633,20.233,0.179,24.088,0.213,14.974,0.132,0.0,73.51
5,4294967295,1469,61,_swa_bwd_dkdv_kernel,_swa_bwd_dkdv_kernel,static,AI_CORE,1783586155378868.586	,114.253,73.461,28,0,YES,"""1964,16,96;16,1964;16,1964""",DT_BF16;FLOAT;FLOAT,ND;ND;ND,"""1964,4,96;1964,4,96""",DT_BF16;DT_BF16,ND;ND,N/A,113.95,3894431,49.919,0.438,45.064,0.395,43.652,0.383,73.541,0.645,0.002,0.0,29.765,0.261,0.0,113.98,7949980,71.425,0.627,21.281,0.187,23.972,0.21,14.944,0.131,0.0,73.779
5,4294967295,1470,61,_swa_bwd_dkdv_kernel,_swa_bwd_dkdv_kernel,static,AI_CORE,1783586155379039.481	,113.167,56.642,28,0,YES,"""1964,16,96;16,1964;16,1964""",DT_BF16;FLOAT;FLOAT,ND;ND;ND,"""1964,4,96;1964,4,96""",DT_BF16;DT_BF16,ND;ND,N/A,112.83,3861121,49.937,0.443,44.007,0.39,43.575,0.386,73.428,0.651,0.002,0.0,29.715,0.263,0.0,112.85,7885066,71.3,0.632,20.462,0.181,23.912,0.212,14.899,0.132,0.0,73.85
5,4294967295,1471,61,_swa_bwd_dkdv_kernel,_swa_bwd_dkdv_kernel,static,AI_CORE,1783586155379204.103	,113.157,51.455,28,0,YES,"""1964,16,96;16,1964;16,1964""",DT_BF16;FLOAT;FLOAT,ND;ND;ND,"""1964,4,96;1964,4,96""",DT_BF16;DT_BF16,ND;ND,N/A,112.82,3866121,49.83,0.442,44.21,0.392,43.5,0.386,73.285,0.65,0.002,0.0,29.709,0.263,0.0,112.84,7895258,71.201,0.631,20.57,0.182,23.956,0.212,14.871,0.132,0.0,73.952
5,4294967295,1472,61,_swa_bwd_dkdv_kernel,_swa_bwd_dkdv_kernel,static,AI_CORE,1783586155379369.371	,114.004,52.111,28,0,YES,"""1964,16,96;16,1964;16,1964""",DT_BF16;FLOAT;FLOAT,ND;ND;ND,"""1964,4,96;1964,4,96""",DT_BF16;DT_BF16,ND;ND,N/A,113.7,3874291,50.073,0.44,44.7,0.393,43.765,0.385,73.639,0.648,0.002,0.0,29.885,0.263,0.0,113.72,7912024,71.604,0.63,20.81,0.183,24.001,0.211,14.967,0.132,0.0,73.558
5,4294967295,1473,61,_swa_bwd_dkdv_kernel,_swa_bwd_dkdv_kernel,static,AI_CORE,1783586155379550.585	,115.49,67.21,28,0,YES,"""1964,16,96;16,1964;16,1964""",DT_BF16;FLOAT;FLOAT,ND;ND;ND,"""1964,4,96;1964,4,96""",DT_BF16;DT_BF16,ND;ND,N/A,115.19,3934428,49.648,0.431,34.575,0.3,44.893,0.39,74.154,0.644,0.002,0.0,28.455,0.247,0.001,115.21,8032249,71.791,0.623,20.327,0.176,24.164,0.21,14.667,0.127,0.003,73.739
5,4294967295,1474,61,_swa_bwd_dkdv_kernel,_swa_bwd_dkdv_kernel,static,AI_CORE,1783586155379720.652	,115.109,54.577,28,0,YES,"""1964,16,96;16,1964;16,1964""",DT_BF16;FLOAT;FLOAT,ND;ND;ND,"""1964,4,96;1964,4,96""",DT_BF16;DT_BF16,ND;ND,N/A,114.37,3922701,49.468,0.433,34.574,0.302,44.734,0.391,73.586,0.643,0.002,0.0,28.363,0.248,0.0,114.39,8010557,71.142,0.622,20.354,0.178,23.85,0.208,14.625,0.128,0.0,73.762
5,4294967295,1475,61,_swa_bwd_dkdv_kernel,_swa_bwd_dkdv_kernel,static,AI_CORE,1783586155379890.831	,115.533,55.07,28,0,YES,"""1964,16,96;16,1964;16,1964""",DT_BF16;FLOAT;FLOAT,ND;ND;ND,"""1964,4,96;1964,4,96""",DT_BF16;DT_BF16,ND;ND,N/A,115.21,3948792,49.441,0.429,35.276,0.306,44.775,0.389,73.724,0.64,0.002,0.0,28.397,0.246,0.0,115.24,8058390,71.246,0.618,21.062,0.183,23.894,0.207,14.632,0.127,0.0,73.98
5,4294967295,1476,61,_swa_bwd_dkdv_kernel,_swa_bwd_dkdv_kernel,static,AI_CORE,1783586155380063.238	,115.194,56.874,28,0,YES,"""1964,16,96;16,1964;16,1964""",DT_BF16;FLOAT;FLOAT,ND;ND;ND,"""1964,4,96;1964,4,96""",DT_BF16;DT_BF16,ND;ND,N/A,114.9,3935441,49.499,0.431,34.886,0.304,44.798,0.39,73.711,0.642,0.002,0.0,28.413,0.247,0.0,114.92,8034085,71.262,0.62,20.799,0.181,23.882,0.208,14.635,0.127,0.0,73.947
5,4294967295,1477,61,_swa_bwd_dkdv_kernel,_swa_bwd_dkdv_kernel,static,AI_CORE,1783586155380231.663	,115.345,53.231,28,0,YES,"""1964,16,96;16,1964;16,1964""",DT_BF16;FLOAT;FLOAT,ND;ND;ND,"""1964,4,96;1964,4,96""",DT_BF16;DT_BF16,ND;ND,N/A,115.05,3942489,49.451,0.43,35.049,0.305,44.794,0.389,73.769,0.641,0.002,0.0,28.403,0.247,0.0,115.08,8047621,71.242,0.619,20.956,0.182,23.923,0.208,14.673,0.128,0.0,73.983
5,4294967295,1478,61,_swa_bwd_dkdv_kernel,_swa_bwd_dkdv_kernel,static,AI_CORE,1783586155380400.869	,114.875,53.861,28,0,YES,"""1964,16,96;16,1964;16,1964""",DT_BF16;FLOAT;FLOAT,ND;ND;ND,"""1964,4,96;1964,4,96""",DT_BF16;DT_BF16,ND;ND,N/A,114.42,3928773,49.385,0.432,34.613,0.303,44.714,0.391,73.68,0.644,0.002,0.0,28.336,0.248,0.0,114.44,8020346,71.085,0.621,20.436,0.179,23.858,0.208,14.671,0.128,0.0,74.027
5,4294967295,1479,61,_swa_bwd_dkdv_kernel,_swa_bwd_dkdv_kernel,static,AI_CORE,1783586155380568.699	,114.376,52.955,28,0,YES,"""1964,16,96;16,1964;16,1964""",DT_BF16;FLOAT;FLOAT,ND;ND;ND,"""1964,4,96;1964,4,96""",DT_BF16;DT_BF16,ND;ND,N/A,114.03,3906407,49.495,0.434,34.097,0.299,44.806,0.393,73.759,0.647,0.002,0.0,28.394,0.249,0.0,114.06,7975350,71.25,0.625,19.919,0.175,23.893,0.209,14.671,0.129,0.0,73.927
5,4294967295,1480,61,_swa_bwd_dkdv_kernel,_swa_bwd_dkdv_kernel,static,AI_CORE,1783586155380733.543	,115.663,50.468,28,0,YES,"""1964,16,96;16,1964;16,1964""",DT_BF16;FLOAT;FLOAT,ND;ND;ND,"""1964,4,96;1964,4,96""",DT_BF16;DT_BF16,ND;ND,N/A,115.36,3943965,49.608,0.43,35.218,0.305,44.893,0.389,74.002,0.641,0.002,0.0,28.472,0.247,0.0,115.39,8050588,71.406,0.619,20.946,0.182,23.926,0.207,14.712,0.127,0.0,73.807
5,4294967295,1481,61,_swa_bwd_dkdv_kernel,_swa_bwd_dkdv_kernel,static,AI_CORE,1783586155380902.365	,115.255,53.159,28,0,YES,"""1964,16,96;16,1964;16,1964""",DT_BF16;FLOAT;FLOAT,ND;ND;ND,"""1964,4,96;1964,4,96""",DT_BF16;DT_BF16,ND;ND,N/A,114.96,3946085,49.394,0.43,35.069,0.305,44.752,0.389,73.583,0.64,0.002,0.0,28.331,0.246,0.0,114.98,8055269,71.113,0.618,20.984,0.183,23.816,0.207,14.587,0.127,0.0,74.108
5,4294967295,1482,61,_swa_bwd_dkdv_kernel,_swa_bwd_dkdv_kernel,static,AI_CORE,1783586155381070.723	,115.411,53.103,28,0,YES,"""1964,16,96;16,1964;16,1964""",DT_BF16;FLOAT;FLOAT,ND;ND;ND,"""1964,4,96;1964,4,96""",DT_BF16;DT_BF16,ND;ND,N/A,115.08,3933745,49.621,0.431,34.831,0.303,44.878,0.39,73.908,0.642,0.002,0.0,28.45,0.247,0.0,115.1,8030698,71.405,0.62,20.873,0.181,23.914,0.208,14.672,0.127,0.0,73.776
5,4294967295,1483,61,_swa_bwd_dkdv_kernel,_swa_bwd_dkdv_kernel,static,AI_CORE,1783586155381237.005	,115.883,50.871,28,0,YES,"""1964,16,96;16,1964;16,1964""",DT_BF16;FLOAT;FLOAT,ND;ND;ND,"""1964,4,96;1964,4,96""",DT_BF16;DT_BF16,ND;ND,N/A,115.55,3944482,49.671,0.43,35.19,0.305,44.929,0.389,74.099,0.641,0.002,0.0,28.516,0.247,0.0,115.57,8051800,71.508,0.619,21.051,0.182,23.99,0.208,14.738,0.128,0.0,73.676
5,4294967295,1484,61,_swa_bwd_dkdv_kernel,_swa_bwd_dkdv_kernel,static,AI_CORE,1783586155381403.206	,114.763,50.318,28,0,YES,"""1964,16,96;16,1964;16,1964""",DT_BF16;FLOAT;FLOAT,ND;ND;ND,"""1964,4,96;1964,4,96""",DT_BF16;DT_BF16,ND;ND,N/A,114.43,3914384,49.575,0.433,34.359,0.3,44.881,0.392,73.78,0.645,0.002,0.0,28.445,0.249,0.0,114.46,7991798,71.353,0.623,20.145,0.176,23.885,0.209,14.696,0.128,0.0,73.828
5,4294967295,1485,61,_swa_bwd_dkdv_kernel,_swa_bwd_dkdv_kernel,static,AI_CORE,1783586155381569.462	,114.545,51.493,28,0,YES,"""1964,16,96;16,1964;16,1964""",DT_BF16;FLOAT;FLOAT,ND;ND;ND,"""1964,4,96;1964,4,96""",DT_BF16;DT_BF16,ND;ND,N/A,114.22,3942638,49.134,0.43,34.9,0.306,44.446,0.389,73.072,0.64,0.002,0.0,28.194,0.247,0.0,114.24,8043776,70.756,0.619,20.724,0.181,23.683,0.207,14.566,0.128,0.0,74.502
5,4294967295,1486,61,_swa_bwd_dkdv_kernel,_swa_bwd_dkdv_kernel,static,AI_CORE,1783586155381737.378	,114.419,53.371,28,0,YES,"""1964,16,96;16,1964;16,1964""",DT_BF16;FLOAT;FLOAT,ND;ND;ND,"""1964,4,96;1964,4,96""",DT_BF16;DT_BF16,ND;ND,N/A,113.94,3925860,49.218,0.432,34.401,0.302,44.539,0.391,73.278,0.643,0.002,0.0,28.238,0.248,0.0,113.96,8014469,70.841,0.622,20.375,0.179,23.728,0.208,14.571,0.128,0.0,74.267
5,4294967295,1487,61,_swa_bwd_dkdv_kernel,_swa_bwd_dkdv_kernel,static,AI_CORE,1783586155381903.334	,115.11,51.537,28,0,YES,"""1964,16,96;16,1964;16,1964""",DT_BF16;FLOAT;FLOAT,ND;ND;ND,"""1964,4,96;1964,4,96""",DT_BF16;DT_BF16,ND;ND,N/A,114.63,3933389,49.428,0.431,34.654,0.302,44.728,0.39,73.8,0.644,0.002,0.0,28.382,0.248,0.0,114.65,8029415,71.137,0.62,20.619,0.18,23.849,0.208,14.671,0.128,0.0,73.963
5,4294967295,1488,61,_swa_bwd_dkdv_kernel,_swa_bwd_dkdv_kernel,static,AI_CORE,1783586155382071.135	,115.158,52.691,28,0,YES,"""1964,16,96;16,1964;16,1964""",DT_BF16;FLOAT;FLOAT,ND;ND;ND,"""1964,4,96;1964,4,96""",DT_BF16;DT_BF16,ND;ND,N/A,114.86,3928920,49.591,0.432,34.815,0.303,44.856,0.391,73.714,0.642,0.002,0.0,28.458,0.248,0.0,114.88,8021495,71.35,0.621,20.652,0.18,23.908,0.208,14.669,0.128,0.0,73.848
5,4294967295,1489,61,_swa_bwd_dkdv_kernel,_swa_bwd_dkdv_kernel,static,AI_CORE,1783586155382240.592	,114.632,54.299,28,0,YES,"""1964,16,96;16,1964;16,1964""",DT_BF16;FLOAT;FLOAT,ND;ND;ND,"""1964,4,96;1964,4,96""",DT_BF16;DT_BF16,ND;ND,N/A,114.33,3923554,49.424,0.432,34.396,0.301,44.75,0.391,73.679,0.644,0.002,0.0,28.338,0.248,0.0,114.36,8009502,71.133,0.622,20.281,0.177,23.868,0.209,14.641,0.128,0.0,74.085
5,4294967295,1490,61,_swa_bwd_dkdv_kernel,_swa_bwd_dkdv_kernel,static,AI_CORE,1783586155382407.692	,114.923,52.468,28,0,YES,"""1964,16,96;16,1964;16,1964""",DT_BF16;FLOAT;FLOAT,ND;ND;ND,"""1964,4,96;1964,4,96""",DT_BF16;DT_BF16,ND;ND,N/A,114.08,3916212,49.403,0.433,34.298,0.301,44.736,0.392,73.545,0.645,0.002,0.0,28.337,0.248,0.0,114.11,7995831,71.098,0.623,20.225,0.177,23.881,0.209,14.659,0.128,0.0,73.759
5,4294967295,1491,61,_swa_bwd_dkdv_kernel,_swa_bwd_dkdv_kernel,static,AI_CORE,1783586155382577.660	,115.077,55.045,28,0,YES,"""1964,16,96;16,1964;16,1964""",DT_BF16;FLOAT;FLOAT,ND;ND;ND,"""1964,4,96;1964,4,96""",DT_BF16;DT_BF16,ND;ND,N/A,114.74,3941213,49.372,0.43,35.021,0.305,44.703,0.39,73.583,0.641,0.002,0.0,28.342,0.247,0.0,114.77,8044092,71.08,0.619,20.904,0.182,23.827,0.208,14.638,0.128,0.0,74.131
5,4294967295,1492,61,_swa_bwd_dkdv_kernel,_swa_bwd_dkdv_kernel,static,AI_CORE,1783586155382759.721	,115.194,66.984,28,0,YES,"""1964,16,96;16,1964;16,1964""",DT_BF16;FLOAT;FLOAT,ND;ND;ND,"""1964,4,96;1964,4,96""",DT_BF16;DT_BF16,ND;ND,N/A,114.91,3937876,49.488,0.431,34.973,0.304,44.761,0.39,73.597,0.64,0.002,0.0,28.404,0.247,0.0,114.93,8039306,71.222,0.62,20.826,0.181,23.895,0.208,14.615,0.127,0.0,73.993
5,4294967295,1493,61,_swa_bwd_dkdv_kernel,_swa_bwd_dkdv_kernel,static,AI_CORE,1783586155382928.074	,114.905,53.159,28,0,YES,"""1964,16,96;16,1964;16,1964""",DT_BF16;FLOAT;FLOAT,ND;ND;ND,"""1964,4,96;1964,4,96""",DT_BF16;DT_BF16,ND;ND,N/A,114.62,3925532,49.529,0.432,34.53,0.301,44.824,0.391,73.828,0.644,0.002,0.0,28.424,0.248,0.0,114.64,8011698,71.287,0.622,20.426,0.178,23.924,0.209,14.664,0.128,0.0,73.946
5,4294967295,1494,61,_swa_bwd_dkdv_kernel,_swa_bwd_dkdv_kernel,static,AI_CORE,1783586155383096.169	,114.914,53.19,28,0,YES,"""1964,16,96;16,1964;16,1964""",DT_BF16;FLOAT;FLOAT,ND;ND;ND,"""1964,4,96;1964,4,96""",DT_BF16;DT_BF16,ND;ND,N/A,114.57,3926481,49.457,0.432,34.621,0.302,44.759,0.391,73.722,0.643,0.002,0.0,28.397,0.248,0.0,114.59,8014702,71.228,0.622,20.51,0.179,23.896,0.209,14.645,0.128,0.0,73.959
5,4294967295,1495,61,_swa_bwd_dkdv_kernel,_swa_bwd_dkdv_kernel,static,AI_CORE,1783586155383265.084	,113.964,54.001,28,0,YES,"""1964,16,96;16,1964;16,1964""",DT_BF16;FLOAT;FLOAT,ND;ND;ND,"""1964,4,96;1964,4,96""",DT_BF16;DT_BF16,ND;ND,N/A,113.62,3903386,49.384,0.435,33.861,0.298,44.659,0.393,73.654,0.648,0.002,0.0,28.31,0.249,0.0,113.64,7968381,71.051,0.625,19.782,0.174,23.841,0.21,14.663,0.129,0.0,74.136
5,4294967295,1496,61,_swa_bwd_dkdv_kernel,_swa_bwd_dkdv_kernel,static,AI_CORE,1783586155383430.874	,115.114,51.826,28,0,YES,"""1964,16,96;16,1964;16,1964""",DT_BF16;FLOAT;FLOAT,ND;ND;ND,"""1964,4,96;1964,4,96""",DT_BF16;DT_BF16,ND;ND,N/A,114.82,3937886,49.444,0.431,34.929,0.304,44.741,0.39,73.674,0.642,0.002,0.0,28.377,0.247,0.0,114.84,8037863,71.179,0.62,20.766,0.181,23.891,0.208,14.641,0.127,0.0,74.045
5,4294967295,1497,61,_swa_bwd_dkdv_kernel,_swa_bwd_dkdv_kernel,static,AI_CORE,1783586155383598.946	,115.839,52.958,28,0,YES,"""1964,16,96;16,1964;16,1964""",DT_BF16;FLOAT;FLOAT,ND;ND;ND,"""1964,4,96;1964,4,96""",DT_BF16;DT_BF16,ND;ND,N/A,115.55,3949325,49.607,0.429,35.329,0.306,44.895,0.389,74.006,0.64,0.002,0.0,28.483,0.247,0.0,115.57,8061264,71.423,0.618,21.076,0.182,23.969,0.207,14.711,0.127,0.0,73.795
5,4294967295,1498,61,_swa_bwd_dkdv_kernel,_swa_bwd_dkdv_kernel,static,AI_CORE,1783586155383771.232	,114.924,56.447,28,0,YES,"""1964,16,96;16,1964;16,1964""",DT_BF16;FLOAT;FLOAT,ND;ND;ND,"""1964,4,96;1964,4,96""",DT_BF16;DT_BF16,ND;ND,N/A,114.59,3926119,49.466,0.432,34.6,0.302,44.767,0.391,73.738,0.643,0.002,0.0,28.403,0.248,0.0,114.62,8014327,71.25,0.622,20.42,0.178,23.903,0.209,14.63,0.128,0.0,73.945
5,4294967295,1499,61,_swa_bwd_dkdv_kernel,_swa_bwd_dkdv_kernel,static,AI_CORE,1783586155383941.720	,115.477,55.564,28,0,YES,"""1964,16,96;16,1964;16,1964""",DT_BF16;FLOAT;FLOAT,ND;ND;ND,"""1964,4,96;1964,4,96""",DT_BF16;DT_BF16,ND;ND,N/A,115.15,3935986,49.592,0.431,34.973,0.304,44.88,0.39,73.895,0.642,0.002,0.0,28.474,0.247,0.0,115.17,8034890,71.409,0.62,20.861,0.181,23.929,0.208,14.683,0.127,0.0,73.776
5,4294967295,1500,61,_swa_bwd_dkdv_kernel,_swa_bwd_dkdv_kernel,static,AI_CORE,1783586155384112.028	,114.377,54.831,28,0,YES,"""1964,16,96;16,1964;16,1964""",DT_BF16;FLOAT;FLOAT,ND;ND;ND,"""1964,4,96;1964,4,96""",DT_BF16;DT_BF16,ND;ND,N/A,114.09,3908452,49.511,0.434,34.151,0.299,44.789,0.393,73.601,0.645,0.002,0.0,28.399,0.249,0.0,114.11,7979016,71.247,0.624,20.04,0.176,23.879,0.209,14.623,0.128,0.0,73.965
5,4294967295,1501,61,_swa_bwd_dkdv_kernel,_swa_bwd_dkdv_kernel,static,AI_CORE,1783586155384277.796	,115.307,51.391,28,0,YES,"""1964,16,96;16,1964;16,1964""",DT_BF16;FLOAT;FLOAT,ND;ND;ND,"""1964,4,96;1964,4,96""",DT_BF16;DT_BF16,ND;ND,N/A,115.02,3941152,49.458,0.43,35.054,0.305,44.761,0.389,73.763,0.641,0.002,0.0,28.4,0.247,0.0,115.04,8045223,71.238,0.619,20.957,0.182,23.882,0.208,14.652,0.127,0.0,73.982
5,4294967295,1502,61,_swa_bwd_dkdv_kernel,_swa_bwd_dkdv_kernel,static,AI_CORE,1783586155384445.953	,115.153,52.85,28,0,YES,"""1964,16,96;16,1964;16,1964""",DT_BF16;FLOAT;FLOAT,ND;ND;ND,"""1964,4,96;1964,4,96""",DT_BF16;DT_BF16,ND;ND,N/A,114.8,3934292,49.487,0.431,34.861,0.304,44.754,0.39,73.717,0.642,0.002,0.0,28.417,0.248,0.0,114.83,8032628,71.219,0.62,20.862,0.182,23.883,0.208,14.66,0.128,0.0,73.952
5,4294967295,1503,61,_swa_bwd_dkdv_kernel,_swa_bwd_dkdv_kernel,static,AI_CORE,1783586155384612.330	,115.324,51.224,28,0,YES,"""1964,16,96;16,1964;16,1964""",DT_BF16;FLOAT;FLOAT,ND;ND;ND,"""1964,4,96;1964,4,96""",DT_BF16;DT_BF16,ND;ND,N/A,114.97,3942104,49.432,0.43,35.004,0.304,44.749,0.389,73.781,0.642,0.002,0.0,28.387,0.247,0.0,115.0,8047468,71.192,0.619,20.834,0.181,23.884,0.208,14.677,0.128,0.0,73.989
5,4294967295,1504,61,_swa_bwd_dkdv_kernel,_swa_bwd_dkdv_kernel,static,AI_CORE,1783586155384780.245	,114.358,52.591,28,0,YES,"""1964,16,96;16,1964;16,1964""",DT_BF16;FLOAT;FLOAT,ND;ND;ND,"""1964,4,96;1964,4,96""",DT_BF16;DT_BF16,ND;ND,N/A,114.07,3920173,49.341,0.433,34.358,0.301,44.637,0.391,73.553,0.645,0.002,0.0,28.337,0.248,0.0,114.09,8003465,71.018,0.622,20.357,0.178,23.779,0.208,14.657,0.128,0.0,74.199
5,4294967295,1505,61,_swa_bwd_dkdv_kernel,_swa_bwd_dkdv_kernel,static,AI_CORE,1783586155384946.021	,114.742,51.418,28,0,YES,"""1964,16,96;16,1964;16,1964""",DT_BF16;FLOAT;FLOAT,ND;ND;ND,"""1964,4,96;1964,4,96""",DT_BF16;DT_BF16,ND;ND,N/A,114.45,3917220,49.575,0.433,34.521,0.302,44.813,0.392,73.757,0.644,0.002,0.0,28.416,0.248,0.0,114.47,7998258,71.302,0.623,20.389,0.178,23.873,0.209,14.659,0.128,0.0,73.895
5,4294967295,1506,61,_swa_bwd_dkdv_kernel,_swa_bwd_dkdv_kernel,static,AI_CORE,1783586155385116.065	,114.928,55.302,28,0,YES,"""1964,16,96;16,1964;16,1964""",DT_BF16;FLOAT;FLOAT,ND;ND;ND,"""1964,4,96;1964,4,96""",DT_BF16;DT_BF16,ND;ND,N/A,114.45,3921607,49.464,0.432,34.468,0.301,44.782,0.391,73.679,0.644,0.002,0.0,28.404,0.248,0.0,114.48,8005058,71.244,0.622,20.369,0.178,23.872,0.209,14.666,0.128,0.0,73.858
5,4294967295,1507,61,_swa_bwd_dkdv_kernel,_swa_bwd_dkdv_kernel,static,AI_CORE,1783586155385381.844	,115.311,150.851,28,0,YES,"""1964,16,96;16,1964;16,1964""",DT_BF16;FLOAT;FLOAT,ND;ND;ND,"""1964,4,96;1964,4,96""",DT_BF16;DT_BF16,ND;ND,N/A,114.99,3947162,49.369,0.429,35.092,0.305,44.697,0.389,73.786,0.642,0.002,0.0,28.336,0.246,0.0,115.01,8056401,71.121,0.618,21.056,0.183,23.872,0.208,14.701,0.128,0.0,74.092
5,4294967295,1508,61,_swa_bwd_dkdv_kernel,_swa_bwd_dkdv_kernel,static,AI_CORE,1783586155385574.403	,135.14,77.248,28,0,YES,"""1964,16,96;16,1964;16,1964""",DT_BF16;FLOAT;FLOAT,ND;ND;ND,"""1964,4,96;1964,4,96""",DT_BF16;DT_BF16,ND;ND,N/A,134.84,4786409,56.285,0.417,31.724,0.235,42.45,0.315,94.32,0.699,0.002,0.0,35.796,0.265,0.001,134.86,9734658,74.638,0.553,14.61,0.108,20.203,0.15,13.397,0.099,0.003,76.663
5,4294967295,1509,61,_swa_bwd_dkdv_kernel,_swa_bwd_dkdv_kernel,static,AI_CORE,1783586155385771.232	,135.329,61.689,28,0,YES,"""1964,16,96;16,1964;16,1964""",DT_BF16;FLOAT;FLOAT,ND;ND;ND,"""1964,4,96;1964,4,96""",DT_BF16;DT_BF16,ND;ND,N/A,134.97,4790696,56.289,0.417,31.87,0.236,42.44,0.314,94.13,0.697,0.002,0.0,35.982,0.267,0.0,135.0,9743606,74.511,0.552,14.857,0.11,20.041,0.148,13.416,0.099,0.0,76.624
5,4294967295,1510,61,_swa_bwd_dkdv_kernel,_swa_bwd_dkdv_kernel,static,AI_CORE,1783586155385964.717	,135.271,58.156,28,0,YES,"""1964,16,96;16,1964;16,1964""",DT_BF16;FLOAT;FLOAT,ND;ND;ND,"""1964,4,96;1964,4,96""",DT_BF16;DT_BF16,ND;ND,N/A,134.94,4788587,56.301,0.417,31.778,0.235,42.493,0.315,94.078,0.697,0.002,0.0,35.948,0.266,0.0,134.96,9737578,74.535,0.552,14.883,0.11,20.074,0.149,13.408,0.099,0.0,76.623
5,4294967295,1511,61,_swa_bwd_dkdv_kernel,_swa_bwd_dkdv_kernel,static,AI_CORE,1783586155386154.583	,133.971,54.595,28,0,YES,"""1964,16,96;16,1964;16,1964""",DT_BF16;FLOAT;FLOAT,ND;ND;ND,"""1964,4,96;1964,4,96""",DT_BF16;DT_BF16,ND;ND,N/A,133.64,4755290,56.149,0.42,30.778,0.23,42.363,0.317,93.806,0.702,0.002,0.0,35.834,0.268,0.0,133.66,9672803,74.312,0.556,13.939,0.104,19.996,0.15,13.348,0.1,0.0,76.829
5,4294967295,1512,61,_swa_bwd_dkdv_kernel,_swa_bwd_dkdv_kernel,static,AI_CORE,1783586155386345.759	,134.513,57.205,28,0,YES,"""1964,16,96;16,1964;16,1964""",DT_BF16;FLOAT;FLOAT,ND;ND;ND,"""1964,4,96;1964,4,96""",DT_BF16;DT_BF16,ND;ND,N/A,134.21,4778006,56.121,0.418,31.337,0.233,42.332,0.315,93.871,0.699,0.002,0.0,35.8,0.267,0.0,134.23,9713452,74.316,0.554,14.371,0.107,20.054,0.149,13.42,0.1,0.0,76.885
5,4294967295,1513,61,_swa_bwd_dkdv_kernel,_swa_bwd_dkdv_kernel,static,AI_CORE,1783586155386534.687	,135.068,54.415,28,0,YES,"""1964,16,96;16,1964;16,1964""",DT_BF16;FLOAT;FLOAT,ND;ND;ND,"""1964,4,96;1964,4,96""",DT_BF16;DT_BF16,ND;ND,N/A,134.76,4788736,56.224,0.417,31.773,0.236,42.414,0.315,93.934,0.697,0.002,0.0,35.905,0.266,0.0,134.79,9739881,74.424,0.552,14.841,0.11,20.064,0.149,13.395,0.099,0.0,76.741
5,4294967295,1514,61,_swa_bwd_dkdv_kernel,_swa_bwd_dkdv_kernel,static,AI_CORE,1783586155386723.350	,134.931,53.595,28,0,YES,"""1964,16,96;16,1964;16,1964""",DT_BF16;FLOAT;FLOAT,ND;ND;ND,"""1964,4,96;1964,4,96""",DT_BF16;DT_BF16,ND;ND,N/A,134.62,4788551,56.168,0.417,31.606,0.235,42.357,0.315,93.977,0.698,0.002,0.0,35.835,0.266,0.0,134.64,9739787,74.342,0.552,14.714,0.109,20.058,0.149,13.422,0.1,0.0,76.816
5,4294967295,1515,61,_swa_bwd_dkdv_kernel,_swa_bwd_dkdv_kernel,static,AI_CORE,1783586155386913.858	,134.397,55.577,28,0,YES,"""1964,16,96;16,1964;16,1964""",DT_BF16;FLOAT;FLOAT,ND;ND;ND,"""1964,4,96;1964,4,96""",DT_BF16;DT_BF16,ND;ND,N/A,134.08,4778406,56.062,0.418,31.272,0.233,42.284,0.315,93.853,0.7,0.002,0.0,35.908,0.268,0.0,134.11,9718174,74.214,0.553,14.404,0.107,19.979,0.149,13.364,0.1,0.0,76.958
5,4294967295,1516,61,_swa_bwd_dkdv_kernel,_swa_bwd_dkdv_kernel,static,AI_CORE,1783586155387101.350	,134.597,53.095,28,0,YES,"""1964,16,96;16,1964;16,1964""",DT_BF16;FLOAT;FLOAT,ND;ND;ND,"""1964,4,96;1964,4,96""",DT_BF16;DT_BF16,ND;ND,N/A,134.3,4769644,56.257,0.419,31.111,0.232,42.415,0.316,94.049,0.7,0.002,0.0,35.944,0.268,0.0,134.32,9701207,74.46,0.554,14.184,0.106,20.08,0.149,13.495,0.1,0.0,76.702
5,4294967295,1517,61,_swa_bwd_dkdv_kernel,_swa_bwd_dkdv_kernel,static,AI_CORE,1783586155387289.264	,134.347,53.317,28,0,YES,"""1964,16,96;16,1964;16,1964""",DT_BF16;FLOAT;FLOAT,ND;ND;ND,"""1964,4,96;1964,4,96""",DT_BF16;DT_BF16,ND;ND,N/A,134.05,4782450,56.002,0.418,31.338,0.234,42.228,0.315,93.632,0.698,0.002,0.0,35.787,0.267,0.0,134.07,9723998,74.147,0.553,14.54,0.108,19.955,0.149,13.376,0.1,0.0,77.051
5,4294967295,1518,61,_swa_bwd_dkdv_kernel,_swa_bwd_dkdv_kernel,static,AI_CORE,1783586155387477.595	,135.582,53.984,28,0,YES,"""1964,16,96;16,1964;16,1964""",DT_BF16;FLOAT;FLOAT,ND;ND;ND,"""1964,4,96;1964,4,96""",DT_BF16;DT_BF16,ND;ND,N/A,135.25,4798535,56.314,0.416,32.022,0.237,42.448,0.314,94.124,0.696,0.002,0.0,35.977,0.266,0.0,135.27,9758391,74.547,0.551,15.042,0.111,20.089,0.149,13.428,0.099,0.0,76.606
5,4294967295,1519,61,_swa_bwd_dkdv_kernel,_swa_bwd_dkdv_kernel,static,AI_CORE,1783586155387667.208	,135.09,54.031,28,0,YES,"""1964,16,96;16,1964;16,1964""",DT_BF16;FLOAT;FLOAT,ND;ND;ND,"""1964,4,96;1964,4,96""",DT_BF16;DT_BF16,ND;ND,N/A,134.75,4788584,56.222,0.417,31.634,0.235,42.405,0.315,94.015,0.698,0.002,0.0,35.979,0.267,0.0,134.78,9738832,74.426,0.552,14.685,0.109,20.057,0.149,13.454,0.1,0.0,76.726
5,4294967295,1520,61,_swa_bwd_dkdv_kernel,_swa_bwd_dkdv_kernel,static,AI_CORE,1783586155387855.458	,134.873,53.16,28,0,YES,"""1964,16,96;16,1964;16,1964""",DT_BF16;FLOAT;FLOAT,ND;ND;ND,"""1964,4,96;1964,4,96""",DT_BF16;DT_BF16,ND;ND,N/A,134.57,4770997,56.354,0.419,31.411,0.233,42.489,0.316,94.236,0.7,0.002,0.0,36.027,0.268,0.0,134.59,9703898,74.589,0.554,14.479,0.108,20.07,0.149,13.428,0.1,0.0,76.567
5,4294967295,1521,61,_swa_bwd_dkdv_kernel,_swa_bwd_dkdv_kernel,static,AI_CORE,1783586155388048.042	,135.228,57.711,28,0,YES,"""1964,16,96;16,1964;16,1964""",DT_BF16;FLOAT;FLOAT,ND;ND;ND,"""1964,4,96;1964,4,96""",DT_BF16;DT_BF16,ND;ND,N/A,134.92,4781693,56.374,0.418,31.523,0.234,42.513,0.315,94.157,0.698,0.002,0.0,36.01,0.267,0.0,134.95,9723170,74.64,0.553,14.598,0.108,20.082,0.149,13.452,0.1,0.0,76.537
5,4294967295,1522,61,_swa_bwd_dkdv_kernel,_swa_bwd_dkdv_kernel,static,AI_CORE,1783586155388236.372	,134.111,53.102,28,0,YES,"""1964,16,96;16,1964;16,1964""",DT_BF16;FLOAT;FLOAT,ND;ND;ND,"""1964,4,96;1964,4,96""",DT_BF16;DT_BF16,ND;ND,N/A,133.64,4757565,56.122,0.42,30.802,0.23,42.305,0.317,93.704,0.701,0.002,0.0,35.82,0.268,0.0,133.66,9674851,74.296,0.556,13.955,0.104,19.989,0.15,13.378,0.1,0.0,76.785
5,4294967295,1523,61,_swa_bwd_dkdv_kernel,_swa_bwd_dkdv_kernel,static,AI_CORE,1783586155388424.734	,134.371,54.251,28,0,YES,"""1964,16,96;16,1964;16,1964""",DT_BF16;FLOAT;FLOAT,ND;ND;ND,"""1964,4,96;1964,4,96""",DT_BF16;DT_BF16,ND;ND,N/A,134.05,4781508,56.013,0.418,31.458,0.235,42.275,0.315,93.587,0.698,0.002,0.0,35.83,0.267,0.0,134.07,9724506,74.143,0.553,14.477,0.108,19.981,0.149,13.3,0.099,0.0,77.022
5,4294967295,1524,61,_swa_bwd_dkdv_kernel,_swa_bwd_dkdv_kernel,static,AI_CORE,1783586155388611.364	,134.513,52.259,28,0,YES,"""1964,16,96;16,1964;16,1964""",DT_BF16;FLOAT;FLOAT,ND;ND;ND,"""1964,4,96;1964,4,96""",DT_BF16;DT_BF16,ND;ND,N/A,134.22,4786859,56.021,0.417,31.483,0.235,42.256,0.315,93.673,0.698,0.002,0.0,35.709,0.266,0.0,134.24,9732855,74.174,0.553,14.521,0.108,20.006,0.149,13.417,0.1,0.0,77.027
5,4294967295,1525,61,_swa_bwd_dkdv_kernel,_swa_bwd_dkdv_kernel,static,AI_CORE,1783586155388800.612	,134.843,54.735,28,0,YES,"""1964,16,96;16,1964;16,1964""",DT_BF16;FLOAT;FLOAT,ND;ND;ND,"""1964,4,96;1964,4,96""",DT_BF16;DT_BF16,ND;ND,N/A,134.55,4783020,56.204,0.418,31.498,0.234,42.398,0.315,93.948,0.698,0.002,0.0,35.937,0.267,0.0,134.57,9727101,74.4,0.553,14.583,0.108,20.011,0.149,13.415,0.1,0.0,76.777
5,4294967295,1526,61,_swa_bwd_dkdv_kernel,_swa_bwd_dkdv_kernel,static,AI_CORE,1783586155388988.819	,134.643,53.364,28,0,YES,"""1964,16,96;16,1964;16,1964""",DT_BF16;FLOAT;FLOAT,ND;ND;ND,"""1964,4,96;1964,4,96""",DT_BF16;DT_BF16,ND;ND,N/A,134.3,4775162,56.192,0.418,31.185,0.232,42.375,0.316,93.986,0.7,0.002,0.0,35.886,0.267,0.0,134.32,9713353,74.367,0.554,14.412,0.107,20.072,0.149,13.408,0.1,0.0,76.765
5,4294967295,1527,61,_swa_bwd_dkdv_kernel,_swa_bwd_dkdv_kernel,static,AI_CORE,1783586155389181.137	,134.2,57.675,28,0,YES,"""1964,16,96;16,1964;16,1964""",DT_BF16;FLOAT;FLOAT,ND;ND;ND,"""1964,4,96;1964,4,96""",DT_BF16;DT_BF16,ND;ND,N/A,133.86,4759099,56.197,0.42,30.808,0.23,42.392,0.317,93.929,0.702,0.002,0.0,35.86,0.268,0.0,133.88,9680548,74.374,0.556,14.0,0.105,20.016,0.15,13.423,0.1,0.0,76.759
5,4294967295,1528,61,_swa_bwd_dkdv_kernel,_swa_bwd_dkdv_kernel,static,AI_CORE,1783586155389369.741	,134.101,54.404,28,0,YES,"""1964,16,96;16,1964;16,1964""",DT_BF16;FLOAT;FLOAT,ND;ND;ND,"""1964,4,96;1964,4,96""",DT_BF16;DT_BF16,ND;ND,N/A,133.8,4782006,55.902,0.418,31.397,0.235,42.175,0.315,93.386,0.698,0.002,0.0,35.69,0.267,0.0,133.83,9723713,74.017,0.553,14.525,0.109,19.912,0.149,13.349,0.1,0.0,77.186
5,4294967295,1529,61,_swa_bwd_dkdv_kernel,_swa_bwd_dkdv_kernel,static,AI_CORE,1783586155389560.485	,134.445,56.643,28,0,YES,"""1964,16,96;16,1964;16,1964""",DT_BF16;FLOAT;FLOAT,ND;ND;ND,"""1964,4,96;1964,4,96""",DT_BF16;DT_BF16,ND;ND,N/A,134.15,4789458,55.962,0.417,31.462,0.235,42.204,0.315,93.667,0.698,0.002,0.0,35.762,0.267,0.0,134.17,9738131,74.095,0.552,14.559,0.109,19.998,0.149,13.419,0.1,0.0,77.108
5,4294967295,1530,61,_swa_bwd_dkdv_kernel,_swa_bwd_dkdv_kernel,static,AI_CORE,1783586155389747.597	,134.9,52.667,28,0,YES,"""1964,16,96;16,1964;16,1964""",DT_BF16;FLOAT;FLOAT,ND;ND;ND,"""1964,4,96;1964,4,96""",DT_BF16;DT_BF16,ND;ND,N/A,134.57,4784292,56.197,0.418,31.623,0.235,42.407,0.315,94.079,0.699,0.002,0.0,35.962,0.267,0.0,134.59,9729457,74.393,0.553,14.622,0.109,20.089,0.149,13.392,0.1,0.0,76.765
5,4294967295,1531,61,_swa_bwd_dkdv_kernel,_swa_bwd_dkdv_kernel,static,AI_CORE,1783586155389934.221	,134.825,51.724,28,0,YES,"""1964,16,96;16,1964;16,1964""",DT_BF16;FLOAT;FLOAT,ND;ND;ND,"""1964,4,96;1964,4,96""",DT_BF16;DT_BF16,ND;ND,N/A,134.49,4787292,56.129,0.417,31.586,0.235,42.329,0.315,93.821,0.698,0.002,0.0,35.866,0.267,0.0,134.52,9733081,74.327,0.553,14.731,0.11,19.984,0.149,13.358,0.099,0.0,76.856
5,4294967295,1532,61,_swa_bwd_dkdv_kernel,_swa_bwd_dkdv_kernel,static,AI_CORE,1783586155390119.882	,134.642,50.836,28,0,YES,"""1964,16,96;16,1964;16,1964""",DT_BF16;FLOAT;FLOAT,ND;ND;ND,"""1964,4,96;1964,4,96""",DT_BF16;DT_BF16,ND;ND,N/A,134.35,4768301,56.294,0.419,31.147,0.232,42.482,0.316,94.113,0.701,0.002,0.0,35.992,0.268,0.0,134.37,9698016,74.512,0.555,14.203,0.106,20.095,0.15,13.427,0.1,0.0,76.655
5,4294967295,1533,61,_swa_bwd_dkdv_kernel,_swa_bwd_dkdv_kernel,static,AI_CORE,1783586155390306.149	,134.887,51.625,28,0,YES,"""1964,16,96;16,1964;16,1964""",DT_BF16;FLOAT;FLOAT,ND;ND;ND,"""1964,4,96;1964,4,96""",DT_BF16;DT_BF16,ND;ND,N/A,134.59,4788561,56.156,0.417,31.706,0.236,42.377,0.315,93.902,0.698,0.002,0.0,35.955,0.267,0.0,134.62,9739589,74.332,0.552,14.774,0.11,20.001,0.149,13.361,0.099,0.0,76.841
5,4294967295,1534,61,_swa_bwd_dkdv_kernel,_swa_bwd_dkdv_kernel,static,AI_CORE,1783586155390494.182	,135.402,53.146,28,0,YES,"""1964,16,96;16,1964;16,1964""",DT_BF16;FLOAT;FLOAT,ND;ND;ND,"""1964,4,96;1964,4,96""",DT_BF16;DT_BF16,ND;ND,N/A,135.05,4792500,56.301,0.417,31.872,0.236,42.454,0.314,94.053,0.696,0.002,0.0,35.951,0.266,0.0,135.07,9746130,74.531,0.552,14.84,0.11,20.07,0.149,13.404,0.099,0.0,76.612
5,4294967295,1535,61,_swa_bwd_dkdv_kernel,_swa_bwd_dkdv_kernel,static,AI_CORE,1783586155390683.264	,135.396,53.68,28,0,YES,"""1964,16,96;16,1964;16,1964""",DT_BF16;FLOAT;FLOAT,ND;ND;ND,"""1964,4,96;1964,4,96""",DT_BF16;DT_BF16,ND;ND,N/A,135.04,4796655,56.248,0.417,31.751,0.235,42.452,0.314,94.216,0.698,0.002,0.0,35.988,0.267,0.0,135.06,9754480,74.461,0.551,14.911,0.11,20.084,0.149,13.387,0.099,0.0,76.682
5,4294967295,1536,61,_swa_bwd_dkdv_kernel,_swa_bwd_dkdv_kernel,static,AI_CORE,1783586155390875.115	,134.771,56.455,28,0,YES,"""1964,16,96;16,1964;16,1964""",DT_BF16;FLOAT;FLOAT,ND;ND;ND,"""1964,4,96;1964,4,96""",DT_BF16;DT_BF16,ND;ND,N/A,134.47,4778725,56.221,0.418,31.466,0.234,42.404,0.315,94.095,0.7,0.002,0.0,35.962,0.267,0.0,134.5,9719028,74.423,0.553,14.586,0.108,20.079,0.149,13.419,0.1,0.0,76.749
5,4294967295,1537,61,_swa_bwd_dkdv_kernel,_swa_bwd_dkdv_kernel,static,AI_CORE,1783586155391060.929	,134.8,51.043,28,0,YES,"""1964,16,96;16,1964;16,1964""",DT_BF16;FLOAT;FLOAT,ND;ND;ND,"""1964,4,96;1964,4,96""",DT_BF16;DT_BF16,ND;ND,N/A,134.5,4781303,56.203,0.418,31.482,0.234,42.406,0.315,93.984,0.699,0.002,0.0,35.971,0.267,0.0,134.53,9721895,74.418,0.553,14.533,0.108,20.013,0.149,13.386,0.1,0.0,76.774
5,4294967295,1538,61,_swa_bwd_dkdv_kernel,_swa_bwd_dkdv_kernel,static,AI_CORE,1783586155391247.955	,135.527,52.226,28,0,YES,"""1964,16,96;16,1964;16,1964""",DT_BF16;FLOAT;FLOAT,ND;ND;ND,"""1964,4,96;1964,4,96""",DT_BF16;DT_BF16,ND;ND,N/A,135.04,4783030,56.408,0.418,31.502,0.233,42.539,0.315,94.399,0.699,0.002,0.0,36.035,0.267,0.0,135.07,9726229,74.683,0.553,14.534,0.108,20.143,0.149,13.535,0.1,0.0,76.39
5,4294967295,1539,61,_swa_bwd_dkdv_kernel,_swa_bwd_dkdv_kernel,static,AI_CORE,1783586155391434.759	,135.28,51.277,28,0,YES,"""1964,16,96;16,1964;16,1964""",DT_BF16;FLOAT;FLOAT,ND;ND;ND,"""1964,4,96;1964,4,96""",DT_BF16;DT_BF16,ND;ND,N/A,134.94,4792815,56.252,0.417,31.708,0.235,42.451,0.315,94.096,0.697,0.002,0.0,35.922,0.266,0.0,134.97,9747651,74.464,0.552,14.711,0.109,20.076,0.149,13.452,0.1,0.0,76.686
5,4294967295,1540,61,_swa_bwd_dkdv_kernel,_swa_bwd_dkdv_kernel,static,AI_CORE,1783586155391623.018	,135.289,52.979,28,0,YES,"""1964,16,96;16,1964;16,1964""",DT_BF16;FLOAT;FLOAT,ND;ND;ND,"""1964,4,96;1964,4,96""",DT_BF16;DT_BF16,ND;ND,N/A,135.0,4790137,56.308,0.417,31.799,0.236,42.466,0.315,94.114,0.697,0.002,0.0,36.048,0.267,0.0,135.02,9742967,74.527,0.552,14.787,0.11,20.022,0.148,13.406,0.099,0.0,76.638
5,4294967295,1541,61,_swa_bwd_dkdv_kernel,_swa_bwd_dkdv_kernel,static,AI_CORE,1783586155391812.954	,135.446,54.647,28,0,YES,"""1964,16,96;16,1964;16,1964""",DT_BF16;FLOAT;FLOAT,ND;ND;ND,"""1964,4,96;1964,4,96""",DT_BF16;DT_BF16,ND;ND,N/A,135.16,4787712,56.403,0.417,31.804,0.235,42.522,0.315,94.212,0.697,0.002,0.0,35.983,0.266,0.0,135.18,9736147,74.668,0.552,14.815,0.11,20.118,0.149,13.442,0.099,0.0,76.51
5,4294967295,1542,61,_swa_bwd_dkdv_kernel,_swa_bwd_dkdv_kernel,static,AI_CORE,1783586155392004.038	,135.115,55.638,28,0,YES,"""1964,16,96;16,1964;16,1964""",DT_BF16;FLOAT;FLOAT,ND;ND;ND,"""1964,4,96;1964,4,96""",DT_BF16;DT_BF16,ND;ND,N/A,134.77,4786713,56.252,0.417,31.618,0.235,42.42,0.315,94.065,0.698,0.002,0.0,36.038,0.267,0.0,134.79,9734931,74.462,0.552,14.76,0.11,20.03,0.149,13.362,0.099,0.0,76.682
5,4294967295,1543,61,_swa_bwd_dkdv_kernel,_swa_bwd_dkdv_kernel,static,AI_CORE,1783586155392198.067	,134.376,58.914,28,0,YES,"""1964,16,96;16,1964;16,1964""",DT_BF16;FLOAT;FLOAT,ND;ND;ND,"""1964,4,96;1964,4,96""",DT_BF16;DT_BF16,ND;ND,N/A,134.03,4761835,56.241,0.42,28.338,0.211,44.992,0.336,91.869,0.685,0.002,0.0,35.098,0.262,0.002,134.05,9684887,74.664,0.557,13.852,0.103,18.95,0.141,13.421,0.1,0.004,76.703
5,4294967295,1544,61,_swa_bwd_dkdv_kernel,_swa_bwd_dkdv_kernel,static,AI_CORE,1783586155392388.127	,134.955,55.684,28,0,YES,"""1964,16,96;16,1964;16,1964""",DT_BF16;FLOAT;FLOAT,ND;ND;ND,"""1964,4,96;1964,4,96""",DT_BF16;DT_BF16,ND;ND,N/A,134.66,4784974,56.227,0.418,29.086,0.216,44.938,0.334,91.879,0.682,0.002,0.0,35.269,0.262,0.0,134.69,9731478,74.433,0.553,14.651,0.109,18.94,0.141,13.423,0.1,0.0,76.745
5,4294967295,1545,61,_swa_bwd_dkdv_kernel,_swa_bwd_dkdv_kernel,static,AI_CORE,1783586155392575.366	,135.401,52.284,28,0,YES,"""1964,16,96;16,1964;16,1964""",DT_BF16;FLOAT;FLOAT,ND;ND;ND,"""1964,4,96;1964,4,96""",DT_BF16;DT_BF16,ND;ND,N/A,135.11,4793607,56.313,0.417,29.081,0.215,45.02,0.333,92.116,0.682,0.002,0.0,35.273,0.261,0.0,135.13,9749803,74.536,0.552,14.796,0.109,18.937,0.14,13.402,0.099,0.0,76.63
5,4294967295,1546,61,_swa_bwd_dkdv_kernel,_swa_bwd_dkdv_kernel,static,AI_CORE,1783586155392763.974	,134.849,53.207,28,0,YES,"""1964,16,96;16,1964;16,1964""",DT_BF16;FLOAT;FLOAT,ND;ND;ND,"""1964,4,96;1964,4,96""",DT_BF16;DT_BF16,ND;ND,N/A,134.52,4781375,56.211,0.418,28.844,0.214,44.961,0.334,91.883,0.683,0.002,0.0,35.274,0.262,0.0,134.54,9723043,74.414,0.553,14.514,0.108,18.855,0.14,13.4,0.1,0.0,76.747
5,4294967295,1547,61,_swa_bwd_dkdv_kernel,_swa_bwd_dkdv_kernel,static,AI_CORE,1783586155392953.121	,135.656,54.298,28,0,YES,"""1964,16,96;16,1964;16,1964""",DT_BF16;FLOAT;FLOAT,ND;ND;ND,"""1964,4,96;1964,4,96""",DT_BF16;DT_BF16,ND;ND,N/A,135.33,4799991,56.33,0.416,29.422,0.217,45.011,0.333,91.97,0.68,0.002,0.0,35.287,0.261,0.0,135.35,9762854,74.557,0.551,14.992,0.111,18.882,0.14,13.459,0.099,0.0,76.588
5,4294967295,1548,61,_swa_bwd_dkdv_kernel,_swa_bwd_dkdv_kernel,static,AI_CORE,1783586155393142.950	,134.699,54.173,28,0,YES,"""1964,16,96;16,1964;16,1964""",DT_BF16;FLOAT;FLOAT,ND;ND;ND,"""1964,4,96;1964,4,96""",DT_BF16;DT_BF16,ND;ND,N/A,134.41,4771937,56.276,0.419,28.531,0.212,45.007,0.335,91.889,0.684,0.002,0.0,35.276,0.262,0.0,134.44,9705723,74.492,0.554,14.205,0.106,18.92,0.141,13.465,0.1,0.0,76.681
5,4294967295,1549,61,_swa_bwd_dkdv_kernel,_swa_bwd_dkdv_kernel,static,AI_CORE,1783586155393331.907	,134.809,54.258,28,0,YES,"""1964,16,96;16,1964;16,1964""",DT_BF16;FLOAT;FLOAT,ND;ND;ND,"""1964,4,96;1964,4,96""",DT_BF16;DT_BF16,ND;ND,N/A,134.52,4798569,56.009,0.416,29.316,0.218,44.798,0.333,91.396,0.679,0.002,0.0,35.139,0.261,0.0,134.54,9758485,74.144,0.551,14.901,0.111,18.814,0.14,13.347,0.099,0.0,77.046
5,4294967295,1550,61,_swa_bwd_dkdv_kernel,_swa_bwd_dkdv_kernel,static,AI_CORE,1783586155393520.954	,135.399,54.238,28,0,YES,"""1964,16,96;16,1964;16,1964""",DT_BF16;FLOAT;FLOAT,ND;ND;ND,"""1964,4,96;1964,4,96""",DT_BF16;DT_BF16,ND;ND,N/A,135.05,4795393,56.267,0.417,29.237,0.216,44.987,0.333,91.911,0.681,0.002,0.0,35.273,0.261,0.0,135.07,9751676,74.488,0.551,14.812,0.11,18.92,0.14,13.451,0.1,0.0,76.66
5,4294967295,1551,61,_swa_bwd_dkdv_kernel,_swa_bwd_dkdv_kernel,static,AI_CORE,1783586155393711.406	,135.422,55.053,28,0,YES,"""1964,16,96;16,1964;16,1964""",DT_BF16;FLOAT;FLOAT,ND;ND;ND,"""1964,4,96;1964,4,96""",DT_BF16;DT_BF16,ND;ND,N/A,135.07,4791387,56.323,0.417,29.189,0.216,45.033,0.333,92.034,0.681,0.002,0.0,35.28,0.261,0.0,135.1,9745646,74.551,0.552,14.77,0.109,18.944,0.14,13.395,0.099,0.0,76.583
5,4294967295,1552,61,_swa_bwd_dkdv_kernel,_swa_bwd_dkdv_kernel,static,AI_CORE,1783586155393899.650	,135.337,52.822,28,0,YES,"""1964,16,96;16,1964;16,1964""",DT_BF16;FLOAT;FLOAT,ND;ND;ND,"""1964,4,96;1964,4,96""",DT_BF16;DT_BF16,ND;ND,N/A,135.05,4785394,56.385,0.418,29.102,0.215,45.091,0.334,92.044,0.682,0.002,0.0,35.39,0.262,0.0,135.07,9732240,74.637,0.553,14.711,0.109,18.933,0.14,13.437,0.099,0.0,76.535
5,4294967295,1553,61,_swa_bwd_dkdv_kernel,_swa_bwd_dkdv_kernel,static,AI_CORE,1783586155394088.704	,135.098,53.717,28,0,YES,"""1964,16,96;16,1964;16,1964""",DT_BF16;FLOAT;FLOAT,ND;ND;ND,"""1964,4,96;1964,4,96""",DT_BF16;DT_BF16,ND;ND,N/A,134.81,4785470,56.284,0.418,28.921,0.215,44.993,0.334,91.979,0.682,0.002,0.0,35.358,0.262,0.0,134.83,9733072,74.498,0.553,14.65,0.109,18.894,0.14,13.408,0.099,0.0,76.671
5,4294967295,1554,61,_swa_bwd_dkdv_kernel,_swa_bwd_dkdv_kernel,static,AI_CORE,1783586155394277.215	,135.181,53.413,28,0,YES,"""1964,16,96;16,1964;16,1964""",DT_BF16;FLOAT;FLOAT,ND;ND;ND,"""1964,4,96;1964,4,96""",DT_BF16;DT_BF16,ND;ND,N/A,134.53,4774241,56.299,0.418,28.677,0.213,45.022,0.335,92.024,0.684,0.002,0.0,35.267,0.262,0.0,134.55,9710214,74.518,0.554,14.279,0.106,18.937,0.141,13.44,0.1,0.0,76.445
5,4294967295,1555,61,_swa_bwd_dkdv_kernel,_swa_bwd_dkdv_kernel,static,AI_CORE,1783586155394466.021	,135.578,53.625,28,0,YES,"""1964,16,96;16,1964;16,1964""",DT_BF16;FLOAT;FLOAT,ND;ND;ND,"""1964,4,96;1964,4,96""",DT_BF16;DT_BF16,ND;ND,N/A,135.25,4798899,56.309,0.416,29.378,0.217,45.048,0.333,91.987,0.68,0.002,0.0,35.3,0.261,0.0,135.28,9758806,74.55,0.551,14.97,0.111,18.936,0.14,13.47,0.1,0.0,76.614
5,4294967295,1556,61,_swa_bwd_dkdv_kernel,_swa_bwd_dkdv_kernel,static,AI_CORE,1783586155394657.220	,135.386,55.621,28,0,YES,"""1964,16,96;16,1964;16,1964""",DT_BF16;FLOAT;FLOAT,ND;ND;ND,"""1964,4,96;1964,4,96""",DT_BF16;DT_BF16,ND;ND,N/A,135.08,4793452,56.303,0.417,29.28,0.217,45.007,0.333,91.951,0.681,0.002,0.0,35.274,0.261,0.0,135.1,9748213,74.531,0.552,14.809,0.11,18.924,0.14,13.436,0.099,0.0,76.636
5,4294967295,1557,61,_swa_bwd_dkdv_kernel,_swa_bwd_dkdv_kernel,static,AI_CORE,1783586155394850.314	,134.992,57.708,28,0,YES,"""1964,16,96;16,1964;16,1964""",DT_BF16;FLOAT;FLOAT,ND;ND;ND,"""1964,4,96;1964,4,96""",DT_BF16;DT_BF16,ND;ND,N/A,134.69,4784783,56.242,0.418,28.919,0.215,45.013,0.334,91.752,0.681,0.002,0.0,35.227,0.262,0.0,134.71,9731571,74.443,0.553,14.491,0.108,18.903,0.14,13.424,0.1,0.0,76.721
5,4294967295,1558,61,_swa_bwd_dkdv_kernel,_swa_bwd_dkdv_kernel,static,AI_CORE,1783586155395040.244	,135.212,54.938,28,0,YES,"""1964,16,96;16,1964;16,1964""",DT_BF16;FLOAT;FLOAT,ND;ND;ND,"""1964,4,96;1964,4,96""",DT_BF16;DT_BF16,ND;ND,N/A,134.88,4782840,56.344,0.418,28.948,0.215,45.054,0.334,92.06,0.683,0.002,0.0,35.363,0.262,0.0,134.9,9726348,74.588,0.553,14.569,0.108,18.965,0.141,13.428,0.1,0.0,76.565
5,4294967295,1559,61,_swa_bwd_dkdv_kernel,_swa_bwd_dkdv_kernel,static,AI_CORE,1783586155395228.067	,134.414,52.611,28,0,YES,"""1964,16,96;16,1964;16,1964""",DT_BF16;FLOAT;FLOAT,ND;ND;ND,"""1964,4,96;1964,4,96""",DT_BF16;DT_BF16,ND;ND,N/A,134.08,4760710,56.27,0.42,28.309,0.211,44.975,0.335,91.921,0.686,0.002,0.0,35.289,0.263,0.0,134.1,9683409,74.475,0.555,14.041,0.105,18.909,0.141,13.419,0.1,0.0,76.663
5,4294967295,1560,61,_swa_bwd_dkdv_kernel,_swa_bwd_dkdv_kernel,static,AI_CORE,1783586155395414.369	,136.063,51.888,28,0,YES,"""1964,16,96;16,1964;16,1964""",DT_BF16;FLOAT;FLOAT,ND;ND;ND,"""1964,4,96;1964,4,96""",DT_BF16;DT_BF16,ND;ND,N/A,135.76,4798040,56.532,0.416,29.468,0.217,45.236,0.333,92.23,0.679,0.002,0.0,35.42,0.261,0.0,135.78,9758789,74.825,0.551,15.022,0.111,19.0,0.14,13.508,0.099,0.0,76.328
5,4294967295,1561,61,_swa_bwd_dkdv_kernel,_swa_bwd_dkdv_kernel,static,AI_CORE,1783586155395605.826	,135.92,55.394,28,0,YES,"""1964,16,96;16,1964;16,1964""",DT_BF16;FLOAT;FLOAT,ND;ND;ND,"""1964,4,96;1964,4,96""",DT_BF16;DT_BF16,ND;ND,N/A,135.61,4805007,56.387,0.416,29.457,0.217,45.102,0.333,92.037,0.679,0.002,0.0,35.343,0.261,0.0,135.64,9772586,74.642,0.55,15.165,0.112,18.971,0.14,13.454,0.099,0.0,76.519
5,4294967295,1562,61,_swa_bwd_dkdv_kernel,_swa_bwd_dkdv_kernel,static,AI_CORE,1783586155395795.927	,135.608,54.181,28,0,YES,"""1964,16,96;16,1964;16,1964""",DT_BF16;FLOAT;FLOAT,ND;ND;ND,"""1964,4,96;1964,4,96""",DT_BF16;DT_BF16,ND;ND,N/A,135.29,4796629,56.353,0.417,29.332,0.217,45.075,0.333,92.033,0.68,0.002,0.0,35.308,0.261,0.0,135.31,9752177,74.617,0.551,14.912,0.11,18.948,0.14,13.43,0.099,0.0,76.561
5,4294967295,1563,61,_swa_bwd_dkdv_kernel,_swa_bwd_dkdv_kernel,static,AI_CORE,1783586155395983.484	,135.545,51.949,28,0,YES,"""1964,16,96;16,1964;16,1964""",DT_BF16;FLOAT;FLOAT,ND;ND;ND,"""1964,4,96;1964,4,96""",DT_BF16;DT_BF16,ND;ND,N/A,135.23,4789394,56.413,0.417,29.213,0.216,45.117,0.334,92.104,0.681,0.002,0.0,35.361,0.261,0.0,135.25,9742009,74.661,0.552,14.827,0.11,18.906,0.14,13.449,0.099,0.0,76.481
5,4294967295,1564,61,_swa_bwd_dkdv_kernel,_swa_bwd_dkdv_kernel,static,AI_CORE,1783586155396173.846	,134.711,54.817,28,0,YES,"""1964,16,96;16,1964;16,1964""",DT_BF16;FLOAT;FLOAT,ND;ND;ND,"""1964,4,96;1964,4,96""",DT_BF16;DT_BF16,ND;ND,N/A,134.41,4772513,56.269,0.419,28.653,0.213,44.989,0.335,91.85,0.683,0.002,0.0,35.293,0.263,0.0,134.43,9705932,74.485,0.554,14.238,0.106,18.911,0.141,13.402,0.1,0.0,76.684
5,4294967295,1565,61,_swa_bwd_dkdv_kernel,_swa_bwd_dkdv_kernel,static,AI_CORE,1783586155396362.938	,135.139,54.381,28,0,YES,"""1964,16,96;16,1964;16,1964""",DT_BF16;FLOAT;FLOAT,ND;ND;ND,"""1964,4,96;1964,4,96""",DT_BF16;DT_BF16,ND;ND,N/A,134.84,4796345,56.169,0.417,29.192,0.216,44.914,0.333,91.806,0.681,0.002,0.0,35.225,0.261,0.0,134.86,9754932,74.348,0.551,14.895,0.11,18.915,0.14,13.386,0.099,0.0,76.822
5,4294967295,1566,61,_swa_bwd_dkdv_kernel,_swa_bwd_dkdv_kernel,static,AI_CORE,1783586155396554.761	,136.036,56.684,28,0,YES,"""1964,16,96;16,1964;16,1964""",DT_BF16;FLOAT;FLOAT,ND;ND;ND,"""1964,4,96;1964,4,96""",DT_BF16;DT_BF16,ND;ND,N/A,135.7,4809865,56.368,0.415,29.659,0.219,45.097,0.332,92.057,0.678,0.002,0.0,35.33,0.26,0.0,135.72,9782033,74.614,0.55,15.312,0.113,18.928,0.139,13.451,0.099,0.0,76.531
5,4294967295,1567,61,_swa_bwd_dkdv_kernel,_swa_bwd_dkdv_kernel,static,AI_CORE,1783586155396741.554	,135.925,50.757,28,0,YES,"""1964,16,96;16,1964;16,1964""",DT_BF16;FLOAT;FLOAT,ND;ND;ND,"""1964,4,96;1964,4,96""",DT_BF16;DT_BF16,ND;ND,N/A,135.48,4802412,56.366,0.416,29.548,0.218,45.083,0.333,92.053,0.679,0.002,0.0,35.387,0.261,0.0,135.5,9767937,74.601,0.551,15.024,0.111,18.912,0.14,13.433,0.099,0.0,76.475
5,4294967295,1568,61,_swa_bwd_dkdv_kernel,_swa_bwd_dkdv_kernel,static,AI_CORE,1783586155396928.520	,135.834,51.041,28,0,YES,"""1964,16,96;16,1964;16,1964""",DT_BF16;FLOAT;FLOAT,ND;ND;ND,"""1964,4,96;1964,4,96""",DT_BF16;DT_BF16,ND;ND,N/A,135.53,4798184,56.434,0.416,29.419,0.217,45.107,0.333,92.122,0.68,0.002,0.0,35.379,0.261,0.0,135.55,9756781,74.714,0.551,14.996,0.111,18.972,0.14,13.434,0.099,0.0,76.459
5,4294967295,1569,61,_swa_bwd_dkdv_kernel,_swa_bwd_dkdv_kernel,static,AI_CORE,1783586155397116.011	,134.656,51.657,28,0,YES,"""1964,16,96;16,1964;16,1964""",DT_BF16;FLOAT;FLOAT,ND;ND;ND,"""1964,4,96;1964,4,96""",DT_BF16;DT_BF16,ND;ND,N/A,134.35,4779633,56.16,0.418,28.734,0.214,44.949,0.335,91.812,0.683,0.002,0.0,35.203,0.262,0.0,134.37,9721089,74.335,0.553,14.381,0.107,18.873,0.14,13.376,0.1,0.0,76.829
5,4294967295,1570,61,_swa_bwd_dkdv_kernel,_swa_bwd_dkdv_kernel,static,AI_CORE,1783586155397304.253	,135.556,53.586,28,0,YES,"""1964,16,96;16,1964;16,1964""",DT_BF16;FLOAT;FLOAT,ND;ND;ND,"""1964,4,96;1964,4,96""",DT_BF16;DT_BF16,ND;ND,N/A,135.08,4781113,56.448,0.418,28.854,0.214,45.152,0.334,92.351,0.684,0.002,0.0,35.369,0.262,0.0,135.11,9725183,74.713,0.553,14.42,0.107,18.998,0.141,13.498,0.1,0.0,76.343
5,4294967295,1571,61,_swa_bwd_dkdv_kernel,_swa_bwd_dkdv_kernel,static,AI_CORE,1783586155397492.954	,135.822,53.145,28,0,YES,"""1964,16,96;16,1964;16,1964""",DT_BF16;FLOAT;FLOAT,ND;ND;ND,"""1964,4,96;1964,4,96""",DT_BF16;DT_BF16,ND;ND,N/A,135.5,4801719,56.38,0.416,29.302,0.216,45.095,0.333,92.088,0.68,0.002,0.0,35.348,0.261,0.0,135.52,9767165,74.618,0.551,15.047,0.111,18.953,0.14,13.474,0.099,0.0,76.522
5,4294967295,1572,61,_swa_bwd_dkdv_kernel,_swa_bwd_dkdv_kernel,static,AI_CORE,1783586155397681.915	,135.431,53.139,28,0,YES,"""1964,16,96;16,1964;16,1964""",DT_BF16;FLOAT;FLOAT,ND;ND;ND,"""1964,4,96;1964,4,96""",DT_BF16;DT_BF16,ND;ND,N/A,135.14,4797784,56.277,0.416,29.251,0.216,45.026,0.333,91.891,0.68,0.002,0.0,35.244,0.261,0.0,135.16,9757335,74.495,0.551,14.872,0.11,18.911,0.14,13.428,0.099,0.0,76.68
5,4294967295,1573,61,_swa_bwd_dkdv_kernel,_swa_bwd_dkdv_kernel,static,AI_CORE,1783586155397869.947	,135.016,52.601,28,0,YES,"""1964,16,96;16,1964;16,1964""",DT_BF16;FLOAT;FLOAT,ND;ND;ND,"""1964,4,96;1964,4,96""",DT_BF16;DT_BF16,ND;ND,N/A,134.72,4785586,56.245,0.417,28.921,0.215,44.955,0.334,91.952,0.683,0.002,0.0,35.265,0.262,0.0,134.75,9733129,74.453,0.553,14.541,0.108,18.944,0.141,13.445,0.1,0.0,76.72
5,4294967295,1574,61,_swa_bwd_dkdv_kernel,_swa_bwd_dkdv_kernel,static,AI_CORE,1783586155398055.443	,135.31,50.48,28,0,YES,"""1964,16,96;16,1964;16,1964""",DT_BF16;FLOAT;FLOAT,ND;ND;ND,"""1964,4,96;1964,4,96""",DT_BF16;DT_BF16,ND;ND,N/A,134.97,4791001,56.285,0.417,29.145,0.216,44.997,0.333,91.953,0.681,0.002,0.0,35.292,0.261,0.0,134.99,9744795,74.497,0.552,14.741,0.109,18.928,0.14,13.453,0.1,0.0,76.64
5,4294967295,1575,61,_swa_bwd_dkdv_kernel,_swa_bwd_dkdv_kernel,static,AI_CORE,1783586155398245.726	,134.653,54.973,28,0,YES,"""1964,16,96;16,1964;16,1964""",DT_BF16;FLOAT;FLOAT,ND;ND;ND,"""1964,4,96;1964,4,96""",DT_BF16;DT_BF16,ND;ND,N/A,134.31,4764728,56.322,0.419,28.346,0.211,45.066,0.336,92.077,0.686,0.002,0.0,35.29,0.263,0.0,134.33,9691210,74.542,0.555,14.035,0.104,18.958,0.141,13.469,0.1,0.0,76.591
5,4294967295,1576,61,_swa_bwd_dkdv_kernel,_swa_bwd_dkdv_kernel,static,AI_CORE,1783586155398433.023	,135.391,52.644,28,0,YES,"""1964,16,96;16,1964;16,1964""",DT_BF16;FLOAT;FLOAT,ND;ND;ND,"""1964,4,96;1964,4,96""",DT_BF16;DT_BF16,ND;ND,N/A,135.09,4797487,56.259,0.416,29.21,0.216,44.986,0.333,91.869,0.68,0.002,0.0,35.283,0.261,0.0,135.12,9756976,74.475,0.551,14.921,0.11,18.876,0.14,13.399,0.099,0.0,76.698
5,4294967295,1577,61,_swa_bwd_dkdv_kernel,_swa_bwd_dkdv_kernel,static,AI_CORE,1783586155398619.881	,135.808,51.467,28,0,YES,"""1964,16,96;16,1964;16,1964""",DT_BF16;FLOAT;FLOAT,ND;ND;ND,"""1964,4,96;1964,4,96""",DT_BF16;DT_BF16,ND;ND,N/A,135.51,4811459,56.27,0.415,29.562,0.218,44.947,0.332,92.101,0.68,0.002,0.0,35.237,0.26,0.0,135.53,9784935,74.488,0.55,15.061,0.111,18.964,0.14,13.492,0.1,0.0,76.685
