Step Id,Device_id,Model ID,Task ID,Stream ID,Name,Type,OP State,Accelerator Core,Start Time(us),Duration(us),Wait Time(us),Block Num,Mix Block Num,HF32 Eligible,Input Shapes,Input Data Types,Input Formats,Output Shapes,Output Data Types,Output Formats,Context ID,aicore_time(us),aic_total_cycles,aic_mac_time(us),aic_mac_ratio,aic_scalar_time(us),aic_scalar_ratio,aic_mte1_time(us),aic_mte1_ratio,aic_mte2_time(us),aic_mte2_ratio,aic_mte3_time(us),aic_mte3_ratio,aic_fixpipe_time(us),aic_fixpipe_ratio,aic_icache_miss_rate,aiv_time(us),aiv_total_cycles,aiv_vec_time(us),aiv_vec_ratio,aiv_scalar_time(us),aiv_scalar_ratio,aiv_mte2_time(us),aiv_mte2_ratio,aiv_mte3_time(us),aiv_mte3_ratio,aiv_icache_miss_rate,cube_utilization(%)
,3,4294967295,1166,61,aclnnInplaceNormal_BroadcastToAiCore_BroadcastTo,BroadcastTo,dynamic,AI_VECTOR_CORE,1783598303308561.389	,501.812,0,56,0,NO,"""1;3""",FLOAT;INT64,ND;ND,"""131072,12,128""",FLOAT,ND,N/A,0.0,0,0.0,0.0,0.0,0.0,0.0,0.0,0.0,0.0,0.0,0.0,0.0,0.0,0.0,501.56,45729881,0.323,0.001,2.43,0.005,0.565,0.001,499.195,0.995,0.033,0.000
,3,4294967295,1167,61,aclnnInplaceNormal_BroadcastToAiCore_BroadcastTo,BroadcastTo,dynamic,AI_VECTOR_CORE,1783598303309063.223	,526.120,0.000000,56,0,NO,"""1;3""",FLOAT;INT64,ND;ND,"""131072,12,128""",FLOAT,ND,N/A,0.0,0,0.0,0.0,0.0,0.0,0.0,0.0,0.0,0.0,0.0,0.0,0.0,0.0,0.0,525.84,48020287,0.174,0.0,2.256,0.004,1.037,0.002,523.726,0.996,0.0,0.000
,3,4294967295,1168,61,aclnnInplaceNormal_StatelessNormalAiCore_StatelessNormal,StatelessNormal,dynamic,MIX_AIV,1783598303309589.365	,10108.671,0.000000,56,0,NO,"""3;1;1;131072,12,128;131072,12,128""",INT64;INT64;INT64;FLOAT;FLOAT,ND;ND;ND;ND;ND,"""131072,12,128""",FLOAT,NCL,N/A,0.0,0,0.0,0.0,0.0,0.0,0.0,0.0,0.0,0.0,0.0,0.0,0.0,0.0,0.0,10108.4,855677034,10105.757,1.0,1.447,0.0,0.285,0.0,0.001,0.0,0.023,0.000
,3,4294967295,1169,61,aclnnInplaceNormal_MulAiCore_Mul,Mul,dynamic,AI_VECTOR_CORE,1783598303319698.058	,1089.036,0.079000,56,0,NO,"""131072,12,128;""",FLOAT;FLOAT,NCL;ND,"""131072,12,128""",FLOAT,ND,N/A,0.0,0,0.0,0.0,0.0,0.0,0.0,0.0,0.0,0.0,0.0,0.0,0.0,0.0,0.0,1088.76,100014636,77.537,0.071,16.022,0.015,1078.499,0.991,1037.812,0.953,0.002,0.000
,3,4294967295,1170,61,aclnnInplaceNormal_AddAiCore_Add,Add,dynamic,AI_VECTOR_CORE,1783598303320787.116	,1113.940,0.000000,56,0,NO,"""131072,12,128;""",FLOAT;FLOAT,ND;ND,"""131072,12,128""",FLOAT,ND,N/A,0.0,0,0.0,0.0,0.0,0.0,0.0,0.0,0.0,0.0,0.0,0.0,0.0,0.0,0.0,1113.66,102318805,77.393,0.069,15.797,0.014,1104.718,0.992,1076.771,0.967,0.002,0.000
,3,4294967295,1171,61,aclnnInplaceNormal_CastAiCore_Cast,Cast,dynamic,AI_VECTOR_CORE,1783598303321901.078	,825.397,0.060000,56,0,NO,"""131072,12,128""",FLOAT,ND,"""131072,12,128""",DT_BF16,ND,N/A,0.0,0,0.0,0.0,0.0,0.0,0.0,0.0,0.0,0.0,0.0,0.0,0.0,0.0,0.0,825.15,75927881,48.754,0.059,13.003,0.016,821.401,0.995,726.971,0.881,0.002,0.000
,3,4294967295,1172,61,aclnnInplaceNormal_CastAiCore_Cast,Cast,dynamic,AI_VECTOR_CORE,1783598303322726.497	,252.452,0.103000,56,0,NO,"""131072,4,128""",DT_BF16,NCL,"""131072,4,128""",FLOAT,NCL,N/A,0.0,0,0.0,0.0,0.0,0.0,0.0,0.0,0.0,0.0,0.0,0.0,0.0,0.0,0.0,252.21,23141980,18.36,0.073,4.541,0.018,236.296,0.937,247.556,0.982,0.005,0.000
,3,4294967295,1173,61,aclnnInplaceNormal_BroadcastToAiCore_BroadcastTo,BroadcastTo,dynamic,AI_VECTOR_CORE,1783598303322978.971	,156.243,0.048000,56,0,NO,"""1;3""",FLOAT;INT64,ND;ND,"""131072,4,128""",FLOAT,ND,N/A,0.0,0,0.0,0.0,0.0,0.0,0.0,0.0,0.0,0.0,0.0,0.0,0.0,0.0,0.0,156.0,14015458,0.301,0.002,1.625,0.01,0.483,0.003,153.815,0.986,0.023,0.000
,3,4294967295,1174,61,aclnnInplaceNormal_BroadcastToAiCore_BroadcastTo,BroadcastTo,dynamic,AI_VECTOR_CORE,1783598303323135.236	,176.719,0.007000,56,0,NO,"""1;3""",FLOAT;INT64,ND;ND,"""131072,4,128""",FLOAT,ND,N/A,0.0,0,0.0,0.0,0.0,0.0,0.0,0.0,0.0,0.0,0.0,0.0,0.0,0.0,0.0,176.47,15845088,0.132,0.001,1.651,0.009,0.688,0.004,174.719,0.99,0.0,0.000
,3,4294967295,1175,61,aclnnInplaceNormal_StatelessNormalAiCore_StatelessNormal,StatelessNormal,dynamic,MIX_AIV,1783598303323311.977	,3449.169,0.031000,56,0,NO,"""3;1;1;131072,4,128;131072,4,128""",INT64;INT64;INT64;FLOAT;FLOAT,ND;ND;ND;ND;ND,"""131072,4,128""",FLOAT,NCL,N/A,0.0,0,0.0,0.0,0.0,0.0,0.0,0.0,0.0,0.0,0.0,0.0,0.0,0.0,0.0,3448.87,289748668,3445.969,0.999,1.753,0.001,0.794,0.0,0.001,0.0,0.02,0.000
,3,4294967295,1176,61,aclnnInplaceNormal_MulAiCore_Mul,Mul,dynamic,AI_VECTOR_CORE,1783598303326761.168	,350.039,0.081000,56,0,NO,"""131072,4,128;""",FLOAT;FLOAT,NCL;ND,"""131072,4,128""",FLOAT,ND,N/A,0.0,0,0.0,0.0,0.0,0.0,0.0,0.0,0.0,0.0,0.0,0.0,0.0,0.0,0.0,349.73,31807003,26.431,0.076,5.963,0.017,345.274,0.987,338.61,0.968,0.002,0.000
,3,4294967295,1177,61,aclnnInplaceNormal_AddAiCore_Add,Add,dynamic,AI_VECTOR_CORE,1783598303327111.229	,369.955,0.000000,56,0,NO,"""131072,4,128;""",FLOAT;FLOAT,ND;ND,"""131072,4,128""",FLOAT,ND,N/A,0.0,0,0.0,0.0,0.0,0.0,0.0,0.0,0.0,0.0,0.0,0.0,0.0,0.0,0.0,369.65,33546469,26.579,0.072,5.859,0.016,365.688,0.989,362.588,0.981,0.001,0.000
,3,4294967295,1178,61,aclnnInplaceNormal_CastAiCore_Cast,Cast,dynamic,AI_VECTOR_CORE,1783598303327481.206	,279.541,0.045000,56,0,NO,"""131072,4,128""",FLOAT,ND,"""131072,4,128""",DT_BF16,ND,N/A,0.0,0,0.0,0.0,0.0,0.0,0.0,0.0,0.0,0.0,0.0,0.0,0.0,0.0,0.0,279.24,24958004,16.73,0.06,4.844,0.017,276.848,0.991,244.519,0.876,0.004,0.000
,3,4294967295,1179,61,aclnnInplaceNormal_CastAiCore_Cast,Cast,dynamic,AI_VECTOR_CORE,1783598303327760.769	,245.505,0.000000,56,0,NO,"""131072,4,128""",DT_BF16,NCL,"""131072,4,128""",FLOAT,NCL,N/A,0.0,0,0.0,0.0,0.0,0.0,0.0,0.0,0.0,0.0,0.0,0.0,0.0,0.0,0.0,245.26,22415489,18.432,0.075,4.854,0.02,228.848,0.933,240.397,0.98,0.005,0.000
,3,4294967295,1180,61,aclnnInplaceNormal_BroadcastToAiCore_BroadcastTo,BroadcastTo,dynamic,AI_VECTOR_CORE,1783598303328006.296	,157.592,0.000000,56,0,NO,"""1;3""",FLOAT;INT64,ND;ND,"""131072,4,128""",FLOAT,ND,N/A,0.0,0,0.0,0.0,0.0,0.0,0.0,0.0,0.0,0.0,0.0,0.0,0.0,0.0,0.0,157.35,14141420,0.389,0.002,1.809,0.011,0.567,0.004,154.855,0.984,0.022,0.000
,3,4294967295,1181,61,aclnnInplaceNormal_BroadcastToAiCore_BroadcastTo,BroadcastTo,dynamic,AI_VECTOR_CORE,1783598303328163.910	,177.374,0.158000,56,0,NO,"""1;3""",FLOAT;INT64,ND;ND,"""131072,4,128""",FLOAT,ND,N/A,0.0,0,0.0,0.0,0.0,0.0,0.0,0.0,0.0,0.0,0.0,0.0,0.0,0.0,0.0,177.13,15922014,0.131,0.001,1.933,0.011,0.531,0.003,175.251,0.989,0.0,0.000
,3,4294967295,1182,61,aclnnInplaceNormal_StatelessNormalAiCore_StatelessNormal,StatelessNormal,dynamic,MIX_AIV,1783598303328341.306	,3410.660,0.000000,56,0,NO,"""3;1;1;131072,4,128;131072,4,128""",INT64;INT64;INT64;FLOAT;FLOAT,ND;ND;ND;ND;ND,"""131072,4,128""",FLOAT,NCL,N/A,0.0,0,0.0,0.0,0.0,0.0,0.0,0.0,0.0,0.0,0.0,0.0,0.0,0.0,0.0,3410.42,289204120,3408.178,0.999,1.217,0.0,0.565,0.0,0.001,0.0,0.023,0.000
,3,4294967295,1183,61,aclnnInplaceNormal_MulAiCore_Mul,Mul,dynamic,AI_VECTOR_CORE,1783598303331751.988	,349.782,0.090000,56,0,NO,"""131072,4,128;""",FLOAT;FLOAT,NCL;ND,"""131072,4,128""",FLOAT,ND,N/A,0.0,0,0.0,0.0,0.0,0.0,0.0,0.0,0.0,0.0,0.0,0.0,0.0,0.0,0.0,349.5,31748738,26.486,0.076,6.018,0.017,344.657,0.986,335.334,0.959,0.002,0.000
,3,4294967295,1184,61,aclnnInplaceNormal_AddAiCore_Add,Add,dynamic,AI_VECTOR_CORE,1783598303332101.792	,369.508,0.000000,56,0,NO,"""131072,4,128;""",FLOAT;FLOAT,ND;ND,"""131072,4,128""",FLOAT,ND,N/A,0.0,0,0.0,0.0,0.0,0.0,0.0,0.0,0.0,0.0,0.0,0.0,0.0,0.0,0.0,369.22,33596282,26.383,0.071,5.954,0.016,365.047,0.989,359.013,0.972,0.002,0.000
,3,4294967295,1185,61,aclnnInplaceNormal_CastAiCore_Cast,Cast,dynamic,AI_VECTOR_CORE,1783598303332471.322	,279.482,0.000000,56,0,NO,"""131072,4,128""",FLOAT,ND,"""131072,4,128""",DT_BF16,ND,N/A,0.0,0,0.0,0.0,0.0,0.0,0.0,0.0,0.0,0.0,0.0,0.0,0.0,0.0,0.0,279.2,25473544,16.39,0.059,4.898,0.018,276.301,0.99,243.823,0.873,0.004,0.000
,3,4294967295,1186,61,aclnnInplaceNormal_CastAiCore_Cast,Cast,dynamic,AI_VECTOR_CORE,1783598303332750.826	,846.260,0.018000,56,0,NO,"""131072,12,128""",DT_BF16,NCL,"""131072,12,128""",FLOAT,NCL,N/A,0.0,0,0.0,0.0,0.0,0.0,0.0,0.0,0.0,0.0,0.0,0.0,0.0,0.0,0.0,845.98,77826819,54.934,0.065,12.571,0.015,809.887,0.957,841.288,0.994,0.002,0.000
,3,4294967295,1187,61,aclnnInplaceNormal_BroadcastToAiCore_BroadcastTo,BroadcastTo,dynamic,AI_VECTOR_CORE,1783598303333597.108	,504.138,0.000000,56,0,NO,"""1;3""",FLOAT;INT64,ND;ND,"""131072,12,128""",FLOAT,ND,N/A,0.0,0,0.0,0.0,0.0,0.0,0.0,0.0,0.0,0.0,0.0,0.0,0.0,0.0,0.0,503.55,45958771,0.329,0.001,2.264,0.004,0.498,0.001,501.323,0.996,0.015,0.000
,3,4294967295,1188,61,aclnnInplaceNormal_BroadcastToAiCore_BroadcastTo,BroadcastTo,dynamic,AI_VECTOR_CORE,1783598303334101.268	,523.685,0.112000,56,0,NO,"""1;3""",FLOAT;INT64,ND;ND,"""131072,12,128""",FLOAT,ND,N/A,0.0,0,0.0,0.0,0.0,0.0,0.0,0.0,0.0,0.0,0.0,0.0,0.0,0.0,0.0,523.46,47418903,0.176,0.0,2.257,0.004,0.695,0.001,521.676,0.997,0.0,0.000
,3,4294967295,1189,61,aclnnInplaceNormal_StatelessNormalAiCore_StatelessNormal,StatelessNormal,dynamic,MIX_AIV,1783598303334624.975	,10094.403,0.065000,56,0,NO,"""3;1;1;131072,12,128;131072,12,128""",INT64;INT64;INT64;FLOAT;FLOAT,ND;ND;ND;ND;ND,"""131072,12,128""",FLOAT,NCL,N/A,0.0,0,0.0,0.0,0.0,0.0,0.0,0.0,0.0,0.0,0.0,0.0,0.0,0.0,0.0,10094.18,855357171,10091.635,1.0,1.385,0.0,0.703,0.0,0.001,0.0,0.022,0.000
,3,4294967295,1190,61,aclnnInplaceNormal_MulAiCore_Mul,Mul,dynamic,AI_VECTOR_CORE,1783598303344719.400	,1090.263,0.097000,56,0,NO,"""131072,12,128;""",FLOAT;FLOAT,NCL;ND,"""131072,12,128""",FLOAT,ND,N/A,0.0,0,0.0,0.0,0.0,0.0,0.0,0.0,0.0,0.0,0.0,0.0,0.0,0.0,0.0,1090.03,99823172,77.901,0.071,15.585,0.014,1082.235,0.993,1051.901,0.965,0.001,0.000
,3,4294967295,1191,61,aclnnInplaceNormal_AddAiCore_Add,Add,dynamic,AI_VECTOR_CORE,1783598303345809.685	,1113.180,0.000000,56,0,NO,"""131072,12,128;""",FLOAT;FLOAT,ND;ND,"""131072,12,128""",FLOAT,ND,N/A,0.0,0,0.0,0.0,0.0,0.0,0.0,0.0,0.0,0.0,0.0,0.0,0.0,0.0,0.0,1112.88,102120023,77.903,0.07,15.944,0.014,1104.866,0.993,1078.196,0.969,0.001,0.000
,3,4294967295,1192,61,aclnnInplaceNormal_CastAiCore_Cast,Cast,dynamic,AI_VECTOR_CORE,1783598303346922.887	,824.042,0.070000,56,0,NO,"""131072,12,128""",FLOAT,ND,"""131072,12,128""",DT_BF16,ND,N/A,0.0,0,0.0,0.0,0.0,0.0,0.0,0.0,0.0,0.0,0.0,0.0,0.0,0.0,0.0,823.74,75661917,48.842,0.059,12.611,0.015,821.116,0.997,741.682,0.9,0.002,0.000
,3,4294967295,1193,61,aclnnInplaceCopy_TensorMoveAiCore_TensorMove,TensorMove,dynamic,AI_VECTOR_CORE,1783598303347746.951	,537.600,0.000000,56,0,NO,"""131072,12,128""",DT_BF16,NCL,"""131072,12,128""",DT_BF16,NCL,N/A,0.0,0,0.0,0.0,0.0,0.0,0.0,0.0,0.0,0.0,0.0,0.0,0.0,0.0,0.0,537.3,48796676,0.0,0.0,6.147,0.011,463.662,0.863,484.515,0.902,0.012,0.000
,3,4294967295,1194,61,aclnnInplaceCopy_TensorMoveAiCore_TensorMove,TensorMove,dynamic,AI_VECTOR_CORE,1783598303348284.573	,186.644,0.000000,56,0,NO,"""131072,4,128""",DT_BF16,NCL,"""131072,4,128""",DT_BF16,NCL,N/A,0.0,0,0.0,0.0,0.0,0.0,0.0,0.0,0.0,0.0,0.0,0.0,0.0,0.0,0.0,186.34,16821392,0.0,0.0,2.247,0.012,156.99,0.842,167.137,0.897,0.0,0.000
,3,4294967295,1195,61,aclnnInplaceCopy_TensorMoveAiCore_TensorMove,TensorMove,dynamic,AI_VECTOR_CORE,1783598303348471.239	,189.354,0.106000,56,0,NO,"""131072,4,128""",DT_BF16,NCL,"""131072,4,128""",DT_BF16,NCL,N/A,0.0,0,0.0,0.0,0.0,0.0,0.0,0.0,0.0,0.0,0.0,0.0,0.0,0.0,0.0,189.12,17213679,0.0,0.0,2.454,0.013,150.421,0.795,174.679,0.924,0.0,0.000
,3,4294967295,1196,61,aclnnInplaceZero_ZerosLikeAiCore_ZerosLike,ZerosLike,dynamic,AI_VECTOR_CORE,1783598303348660.615	,217.154,0.000000,56,0,NO,"""131072,12,128""",DT_BF16,NCL,"""131072,12,128""",DT_BF16,NCL,N/A,0.0,0,0.0,0.0,0.0,0.0,0.0,0.0,0.0,0.0,0.0,0.0,0.0,0.0,0.0,216.92,19647227,19.132,0.088,1.168,0.005,0.505,0.002,214.165,0.987,0.023,0.000
,3,4294967295,1197,61,aclnnInplaceZero_ZerosLikeAiCore_ZerosLike,ZerosLike,dynamic,AI_VECTOR_CORE,1783598303348877.791	,6.753,0.096000,56,0,NO,"""12,131072""",FLOAT,ND,"""12,131072""",FLOAT,ND,N/A,0.0,0,0.0,0.0,0.0,0.0,0.0,0.0,0.0,0.0,0.0,0.0,0.0,0.0,0.0,6.52,533618,0.78,0.12,0.874,0.134,0.183,0.028,3.687,0.565,0.127,0.000
,3,4294967295,1198,61,aclnnAdds_AddAiCore_Add,Add,dynamic,AI_VECTOR_CORE,1783598303348884.566	,5.818,0.000000,50,0,NO,"""1572864;""",FLOAT;FLOAT,ND;ND,"""12,131072""",FLOAT,ND,N/A,0.0,0,0.0,0.0,0.0,0.0,0.0,0.0,0.0,0.0,0.0,0.0,0.0,0.0,0.0,5.58,383299,1.238,0.222,1.335,0.239,2.518,0.451,3.414,0.612,0.0,0.000
,3,4294967295,1199,61,aclnnInplaceZero_ZerosLikeAiCore_ZerosLike,ZerosLike,dynamic,AI_VECTOR_CORE,1783598303348890.406	,503.170,0.182000,56,0,NO,"""131072,12,128""",FLOAT,NCL,"""131072,12,128""",FLOAT,NCL,N/A,0.0,0,0.0,0.0,0.0,0.0,0.0,0.0,0.0,0.0,0.0,0.0,0.0,0.0,0.0,502.85,46091258,36.963,0.074,1.85,0.004,0.172,0.0,501.964,0.998,0.0,0.000
,3,4294967295,1200,61,_swa_fwd_kernel,_swa_fwd_kernel,static,AI_CORE,1783598303349393.598	,4481.126,0.000000,28,56,NO,"""131072,12,128;131072,4,128""",DT_BF16;DT_BF16,ND;ND,"""131072,12,128;131072,12,128;12,131072""",DT_BF16;FLOAT;FLOAT,ND;ND;ND,N/A,4480.76,206176070,3030.63,0.676,1309.489,0.292,1659.845,0.37,2956.888,0.66,0.001,0.0,2659.076,0.593,0.0,4480.78,412392313,3914.754,0.874,1495.346,0.334,1104.248,0.246,1448.588,0.323,0.0,99.588
,3,4294967295,1201,61,aclnnInplaceZero_ZerosLikeAiCore_ZerosLike,ZerosLike,dynamic,AI_VECTOR_CORE,1783598303353874.746	,4.670,0.124000,56,0,NO,"""12,131072""",FLOAT,ND,"""12,131072""",FLOAT,ND,N/A,0.0,0,0.0,0.0,0.0,0.0,0.0,0.0,0.0,0.0,0.0,0.0,0.0,0.0,0.0,4.35,353370,0.621,0.143,0.698,0.161,0.465,0.107,2.562,0.589,0.0,0.000
,3,4294967295,1202,61,_swa_bwd_preprocess,_swa_bwd_preprocess,static,AI_VECTOR_CORE,1783598303353879.438	,828.763,0.080000,56,0,NO,"""131072,12,128;131072,12,128""",FLOAT;DT_BF16,ND;ND,"""12,131072""",FLOAT,ND,N/A,0.0,0,0.0,0.0,0.0,0.0,0.0,0.0,0.0,0.0,0.0,0.0,0.0,0.0,0.0,828.52,75325988,92.505,0.112,33.37,0.04,825.99,0.997,61.043,0.074,0.001,0.000
,3,4294967295,1203,61,aclnnInplaceZero_ZerosLikeAiCore_ZerosLike,ZerosLike,dynamic,AI_VECTOR_CORE,1783598303354708.223	,200.284,0.000000,56,0,NO,"""131072,12,128""",DT_BF16,NCL,"""131072,12,128""",DT_BF16,NCL,N/A,0.0,0,0.0,0.0,0.0,0.0,0.0,0.0,0.0,0.0,0.0,0.0,0.0,0.0,0.0,200.05,18125692,19.367,0.097,1.498,0.007,0.264,0.001,197.171,0.986,0.027,0.000
,3,4294967295,1204,61,aclnnInplaceZero_ZerosLikeAiCore_ZerosLike,ZerosLike,dynamic,AI_VECTOR_CORE,1783598303354908.529	,86.072,0.000000,56,0,NO,"""131072,4,128""",DT_BF16,NCL,"""131072,4,128""",DT_BF16,NCL,N/A,0.0,0,0.0,0.0,0.0,0.0,0.0,0.0,0.0,0.0,0.0,0.0,0.0,0.0,0.0,85.83,7853217,6.169,0.072,0.837,0.01,0.22,0.003,84.686,0.987,0.0,0.000
,3,4294967295,1205,61,aclnnInplaceZero_ZerosLikeAiCore_ZerosLike,ZerosLike,dynamic,AI_VECTOR_CORE,1783598303354994.623	,85.511,0.000000,56,0,NO,"""131072,4,128""",DT_BF16,NCL,"""131072,4,128""",DT_BF16,NCL,N/A,0.0,0,0.0,0.0,0.0,0.0,0.0,0.0,0.0,0.0,0.0,0.0,0.0,0.0,0.0,85.27,7783771,6.183,0.073,1.094,0.013,0.267,0.003,83.851,0.983,0.0,0.000
,3,4294967295,1206,61,_swa_bwd_dkdv_kernel,_swa_bwd_dkdv_kernel,static,AI_CORE,1783598303355080.156	,9735.436,0.239000,28,56,NO,"""131072,12,128;12,131072;12,131072""",DT_BF16;FLOAT;FLOAT,ND;ND;ND,"""131072,4,128;131072,4,128""",DT_BF16;DT_BF16,ND;ND,N/A,9735.1,391422014,7369.096,0.757,4267.222,0.438,7846.068,0.806,9468.09,0.973,0.001,0.0,2476.195,0.254,0.0,9735.13,782825191,5147.164,0.529,4219.653,0.433,4101.209,0.421,1646.903,0.169,0.0,87.026
,3,4294967295,1207,61,_swa_bwd_dq_kernel,_swa_bwd_dq_kernel,static,AI_CORE,1783598303364815.614	,5383.910,0.000000,28,56,NO,"""131072,12,128;12,131072;12,131072;131072,12,128""",DT_BF16;FLOAT;FLOAT;DT_BF16,ND;ND;ND;ND,"""131072,12,128""",DT_BF16,ND,N/A,5383.57,248017084,4267.744,0.793,1645.756,0.306,2924.163,0.543,3910.757,0.726,0.001,0.0,1941.11,0.361,0.0,5383.6,496032496,2249.561,0.418,1015.072,0.189,914.073,0.17,765.676,0.142,0.0,99.711
5,3,4294967295,1208,61,aclnnInplaceRandom_StatelessRandomAiCore_StatelessRandom,StatelessRandom,dynamic,AI_VECTOR_CORE,1783598303371808.237	,6.149,1608.840000,1,0,NO,"""1;1;1;;""",INT64;INT64;INT64;INT64;INT64,ND;ND;ND;ND;ND,"""1""",INT32,ND,N/A,0.0,0,0.0,0.0,0.0,0.0,0.0,0.0,0.0,0.0,0.0,0.0,0.0,0.0,0.0,5.92,9439,3.719,0.628,1.112,0.188,0.258,0.044,0.003,0.0,0.028,0.000
5,3,4294967295,1209,61,aclnnClamp_ClipByValueV2AiCore_ClipByValueV2,ClipByValueV2,dynamic,AI_VECTOR_CORE,1783598303371930.550	,2.725,116.101000,1,0,NO,"""1;;""",INT32;INT32;INT32,ND;ND;ND,"""1""",INT32,ND,N/A,0.0,0,0.0,0.0,0.0,0.0,0.0,0.0,0.0,0.0,0.0,0.0,0.0,0.0,0.0,2.49,3790,0.294,0.118,0.657,0.264,0.616,0.247,0.074,0.03,0.136,0.000
5,3,4294967295,1210,61,aclnnCumsum_CastAiCore_Cast,Cast,dynamic,AI_VECTOR_CORE,1783598303372418.670	,2.570,485.525000,1,0,NO,"""1""",INT32,ND,"""1""",INT64,ND,N/A,0.0,0,0.0,0.0,0.0,0.0,0.0,0.0,0.0,0.0,0.0,0.0,0.0,0.0,0.0,2.34,3533,0.385,0.165,0.732,0.313,0.544,0.233,0.336,0.144,0.05,0.000
5,3,4294967295,1211,61,aclnnCumsum_CumsumAiCore_Cumsum,Cumsum,dynamic,AI_VECTOR_CORE,1783598303372422.145	,2.234,0.930000,1,0,NO,"""1;1""",INT64;INT64,ND;ND,"""1""",INT64,ND,N/A,0.0,0,0.0,0.0,0.0,0.0,0.0,0.0,0.0,0.0,0.0,0.0,0.0,0.0,0.0,2.0,2978,0.402,0.201,0.69,0.345,0.482,0.241,0.334,0.167,0.336,0.000
5,3,4294967295,1212,61,aclnnInplaceCopy_CastAiCore_Cast,Cast,dynamic,AI_VECTOR_CORE,1783598303372620.115	,2.116,195.516000,1,0,NO,"""1""",INT64,ND,"""1""",INT32,ND,N/A,0.0,0,0.0,0.0,0.0,0.0,0.0,0.0,0.0,0.0,0.0,0.0,0.0,0.0,0.0,1.83,2691,0.409,0.224,0.598,0.327,0.336,0.184,0.071,0.039,0.052,0.000
5,3,4294967295,1213,61,aclnnCat_ConcatD_ConcatD,ConcatD,dynamic,AI_VECTOR_CORE,1783598303372726.181	,2.733,104.134000,1,0,NO,"""1;1""",INT32;INT32,ND;ND,"""2""",INT32,ND,N/A,0.0,0,0.0,0.0,0.0,0.0,0.0,0.0,0.0,0.0,0.0,0.0,0.0,0.0,0.0,2.44,3710,0.5,0.205,1.08,0.443,0.776,0.318,0.07,0.029,0.217,0.000
5,3,4294967295,1214,61,aclnnCumsum_CastAiCore_Cast,Cast,dynamic,AI_VECTOR_CORE,1783598303373149.518	,1.668,420.517000,1,0,NO,"""1""",INT32,ND,"""1""",INT64,ND,N/A,0.0,0,0.0,0.0,0.0,0.0,0.0,0.0,0.0,0.0,0.0,0.0,0.0,0.0,0.0,1.38,1954,0.128,0.093,0.741,0.537,0.378,0.274,0.088,0.064,0.051,0.000
5,3,4294967295,1215,61,aclnnCumsum_CumsumAiCore_Cumsum,Cumsum,dynamic,AI_VECTOR_CORE,1783598303373152.775	,1.788,1.582000,1,0,NO,"""1;1""",INT64;INT64,ND;ND,"""1""",INT64,ND,N/A,0.0,0,0.0,0.0,0.0,0.0,0.0,0.0,0.0,0.0,0.0,0.0,0.0,0.0,0.0,1.5,2154,0.136,0.091,0.954,0.636,0.387,0.258,0.074,0.049,0.326,0.000
5,3,4294967295,1216,61,aclnnInplaceCopy_CastAiCore_Cast,Cast,dynamic,AI_VECTOR_CORE,1783598303373333.238	,1.987,178.712000,1,0,NO,"""1""",INT64,ND,"""1""",INT32,ND,N/A,0.0,0,0.0,0.0,0.0,0.0,0.0,0.0,0.0,0.0,0.0,0.0,0.0,0.0,0.0,1.41,1999,0.138,0.098,0.643,0.456,0.228,0.162,0.362,0.257,0.052,0.000
5,3,4294967295,1217,61,aclnnCat_ConcatD_ConcatD,ConcatD,dynamic,AI_VECTOR_CORE,1783598303373435.626	,2.366,100.513000,1,0,NO,"""1;1""",INT32;INT32,ND;ND,"""2""",INT32,ND,N/A,0.0,0,0.0,0.0,0.0,0.0,0.0,0.0,0.0,0.0,0.0,0.0,0.0,0.0,0.0,2.14,3201,0.176,0.082,1.244,0.581,0.784,0.366,0.072,0.034,0.22,0.000
5,3,4294967295,1218,61,aclnnInplaceNormal_CastAiCore_Cast,Cast,dynamic,AI_VECTOR_CORE,1783598303373898.922	,838.023,460.884000,56,0,NO,"""131072,12,128""",DT_BF16,NCL,"""131072,12,128""",FLOAT,NCL,N/A,0.0,0,0.0,0.0,0.0,0.0,0.0,0.0,0.0,0.0,0.0,0.0,0.0,0.0,0.0,837.78,77121705,54.899,0.066,12.508,0.015,788.899,0.942,832.743,0.994,0.002,0.000
5,3,4294967295,1219,61,aclnnInplaceNormal_BroadcastToAiCore_BroadcastTo,BroadcastTo,dynamic,AI_VECTOR_CORE,1783598303374736.967	,501.856,0.000000,56,0,NO,"""1;3""",FLOAT;INT64,ND;ND,"""131072,12,128""",FLOAT,ND,N/A,0.0,0,0.0,0.0,0.0,0.0,0.0,0.0,0.0,0.0,0.0,0.0,0.0,0.0,0.0,501.61,45684696,0.379,0.001,2.473,0.005,0.382,0.001,499.3,0.995,0.033,0.000
5,3,4294967295,1220,61,aclnnInplaceNormal_BroadcastToAiCore_BroadcastTo,BroadcastTo,dynamic,AI_VECTOR_CORE,1783598303375238.845	,525.456,0.000000,56,0,NO,"""1;3""",FLOAT;INT64,ND;ND,"""131072,12,128""",FLOAT,ND,N/A,0.0,0,0.0,0.0,0.0,0.0,0.0,0.0,0.0,0.0,0.0,0.0,0.0,0.0,0.0,525.17,47597680,0.175,0.0,2.572,0.005,0.674,0.001,523.112,0.996,0.0,0.000
5,3,4294967295,1221,61,aclnnInplaceNormal_StatelessNormalAiCore_StatelessNormal,StatelessNormal,dynamic,MIX_AIV,1783598303375764.323	,10095.014,0.044000,56,0,NO,"""3;1;1;131072,12,128;131072,12,128""",INT64;INT64;INT64;FLOAT;FLOAT,ND;ND;ND;ND;ND,"""131072,12,128""",FLOAT,NCL,N/A,0.0,0,0.0,0.0,0.0,0.0,0.0,0.0,0.0,0.0,0.0,0.0,0.0,0.0,0.0,10094.73,855374164,10091.855,1.0,1.615,0.0,0.588,0.0,0.001,0.0,0.023,0.000
5,3,4294967295,1222,61,aclnnInplaceNormal_MulAiCore_Mul,Mul,dynamic,AI_VECTOR_CORE,1783598303385859.359	,1088.441,0.000000,56,0,NO,"""131072,12,128;""",FLOAT;FLOAT,NCL;ND,"""131072,12,128""",FLOAT,ND,N/A,0.0,0,0.0,0.0,0.0,0.0,0.0,0.0,0.0,0.0,0.0,0.0,0.0,0.0,0.0,1088.16,99889327,77.514,0.071,15.905,0.015,1081.011,0.993,1053.8,0.968,0.002,0.000
5,3,4294967295,1223,61,aclnnInplaceNormal_AddAiCore_Add,Add,dynamic,AI_VECTOR_CORE,1783598303386947.822	,1114.414,0.059000,56,0,NO,"""131072,12,128;""",FLOAT;FLOAT,ND;ND,"""131072,12,128""",FLOAT,ND,N/A,0.0,0,0.0,0.0,0.0,0.0,0.0,0.0,0.0,0.0,0.0,0.0,0.0,0.0,0.0,1114.13,101903095,78.388,0.07,15.944,0.014,1104.433,0.991,1071.08,0.961,0.002,0.000
5,3,4294967295,1224,61,aclnnInplaceNormal_CastAiCore_Cast,Cast,dynamic,AI_VECTOR_CORE,1783598303388062.258	,825.680,0.086000,56,0,NO,"""131072,12,128""",FLOAT,ND,"""131072,12,128""",DT_BF16,ND,N/A,0.0,0,0.0,0.0,0.0,0.0,0.0,0.0,0.0,0.0,0.0,0.0,0.0,0.0,0.0,825.44,75766218,48.876,0.059,12.752,0.015,822.397,0.996,737.871,0.894,0.002,0.000
5,3,4294967295,1225,61,aclnnInplaceNormal_CastAiCore_Cast,Cast,dynamic,AI_VECTOR_CORE,1783598303388887.960	,248.216,0.070000,56,0,NO,"""131072,4,128""",DT_BF16,NCL,"""131072,4,128""",FLOAT,NCL,N/A,0.0,0,0.0,0.0,0.0,0.0,0.0,0.0,0.0,0.0,0.0,0.0,0.0,0.0,0.0,247.97,22728576,18.379,0.074,4.563,0.018,230.782,0.931,243.437,0.982,0.004,0.000
5,3,4294967295,1226,61,aclnnInplaceNormal_BroadcastToAiCore_BroadcastTo,BroadcastTo,dynamic,AI_VECTOR_CORE,1783598303389136.198	,160.390,0.034000,56,0,NO,"""1;3""",FLOAT;INT64,ND;ND,"""131072,4,128""",FLOAT,ND,N/A,0.0,0,0.0,0.0,0.0,0.0,0.0,0.0,0.0,0.0,0.0,0.0,0.0,0.0,0.0,160.14,14457578,0.318,0.002,1.497,0.009,0.669,0.004,157.906,0.986,0.023,0.000
5,3,4294967295,1227,61,aclnnInplaceNormal_BroadcastToAiCore_BroadcastTo,BroadcastTo,dynamic,AI_VECTOR_CORE,1783598303389296.610	,177.827,0.000000,56,0,NO,"""1;3""",FLOAT;INT64,ND;ND,"""131072,4,128""",FLOAT,ND,N/A,0.0,0,0.0,0.0,0.0,0.0,0.0,0.0,0.0,0.0,0.0,0.0,0.0,0.0,0.0,177.58,15933255,0.132,0.001,1.697,0.01,0.703,0.004,175.768,0.99,0.0,0.000
5,3,4294967295,1228,61,aclnnInplaceNormal_StatelessNormalAiCore_StatelessNormal,StatelessNormal,dynamic,MIX_AIV,1783598303389474.459	,3420.139,0.173000,56,0,NO,"""3;1;1;131072,4,128;131072,4,128""",INT64;INT64;INT64;FLOAT;FLOAT,ND;ND;ND;ND;ND,"""131072,4,128""",FLOAT,NCL,N/A,0.0,0,0.0,0.0,0.0,0.0,0.0,0.0,0.0,0.0,0.0,0.0,0.0,0.0,0.0,3419.84,289289094,3417.484,0.999,1.737,0.001,0.526,0.0,0.001,0.0,0.021,0.000
5,3,4294967295,1229,61,aclnnInplaceNormal_MulAiCore_Mul,Mul,dynamic,AI_VECTOR_CORE,1783598303392894.620	,350.558,0.000000,56,0,NO,"""131072,4,128;""",FLOAT;FLOAT,NCL;ND,"""131072,4,128""",FLOAT,ND,N/A,0.0,0,0.0,0.0,0.0,0.0,0.0,0.0,0.0,0.0,0.0,0.0,0.0,0.0,0.0,350.25,31630040,26.645,0.076,6.115,0.017,344.806,0.984,335.628,0.958,0.002,0.000
5,3,4294967295,1230,61,aclnnInplaceNormal_AddAiCore_Add,Add,dynamic,AI_VECTOR_CORE,1783598303393245.200	,369.944,0.192000,56,0,NO,"""131072,4,128;""",FLOAT;FLOAT,ND;ND,"""131072,4,128""",FLOAT,ND,N/A,0.0,0,0.0,0.0,0.0,0.0,0.0,0.0,0.0,0.0,0.0,0.0,0.0,0.0,0.0,369.64,33566516,26.465,0.072,6.012,0.016,365.215,0.988,360.447,0.975,0.002,0.000
5,3,4294967295,1231,61,aclnnInplaceNormal_CastAiCore_Cast,Cast,dynamic,AI_VECTOR_CORE,1783598303393615.166	,269.886,0.056000,56,0,NO,"""131072,4,128""",FLOAT,ND,"""131072,4,128""",DT_BF16,ND,N/A,0.0,0,0.0,0.0,0.0,0.0,0.0,0.0,0.0,0.0,0.0,0.0,0.0,0.0,0.0,269.58,24097154,16.728,0.062,4.794,0.018,267.722,0.993,222.923,0.827,0.004,0.000
5,3,4294967295,1232,61,aclnnInplaceNormal_CastAiCore_Cast,Cast,dynamic,AI_VECTOR_CORE,1783598303393885.074	,256.262,0.000000,56,0,NO,"""131072,4,128""",DT_BF16,NCL,"""131072,4,128""",FLOAT,NCL,N/A,0.0,0,0.0,0.0,0.0,0.0,0.0,0.0,0.0,0.0,0.0,0.0,0.0,0.0,0.0,256.01,23514813,18.341,0.072,4.948,0.019,234.956,0.918,250.552,0.979,0.005,0.000
5,3,4294967295,1233,61,aclnnInplaceNormal_BroadcastToAiCore_BroadcastTo,BroadcastTo,dynamic,AI_VECTOR_CORE,1783598303394141.358	,155.944,0.000000,56,0,NO,"""1;3""",FLOAT;INT64,ND;ND,"""131072,4,128""",FLOAT,ND,N/A,0.0,0,0.0,0.0,0.0,0.0,0.0,0.0,0.0,0.0,0.0,0.0,0.0,0.0,0.0,155.69,13945758,0.254,0.002,1.563,0.01,0.729,0.005,153.405,0.985,0.023,0.000
5,3,4294967295,1234,61,aclnnInplaceNormal_BroadcastToAiCore_BroadcastTo,BroadcastTo,dynamic,AI_VECTOR_CORE,1783598303394297.324	,176.066,0.056000,56,0,NO,"""1;3""",FLOAT;INT64,ND;ND,"""131072,4,128""",FLOAT,ND,N/A,0.0,0,0.0,0.0,0.0,0.0,0.0,0.0,0.0,0.0,0.0,0.0,0.0,0.0,0.0,175.82,15831998,0.131,0.001,1.929,0.011,0.451,0.003,174.024,0.99,0.0,0.000
5,3,4294967295,1235,61,aclnnInplaceNormal_StatelessNormalAiCore_StatelessNormal,StatelessNormal,dynamic,MIX_AIV,1783598303394473.412	,3436.774,0.184000,56,0,NO,"""3;1;1;131072,4,128;131072,4,128""",INT64;INT64;INT64;FLOAT;FLOAT,ND;ND;ND;ND;ND,"""131072,4,128""",FLOAT,NCL,N/A,0.0,0,0.0,0.0,0.0,0.0,0.0,0.0,0.0,0.0,0.0,0.0,0.0,0.0,0.0,3436.53,289473221,3434.208,0.999,1.77,0.001,0.517,0.0,0.001,0.0,0.022,0.000
5,3,4294967295,1236,61,aclnnInplaceNormal_MulAiCore_Mul,Mul,dynamic,AI_VECTOR_CORE,1783598303397910.208	,349.273,0.000000,56,0,NO,"""131072,4,128;""",FLOAT;FLOAT,NCL;ND,"""131072,4,128""",FLOAT,ND,N/A,0.0,0,0.0,0.0,0.0,0.0,0.0,0.0,0.0,0.0,0.0,0.0,0.0,0.0,0.0,349.0,31768333,26.456,0.076,6.007,0.017,344.427,0.987,337.017,0.966,0.002,0.000
5,3,4294967295,1237,61,aclnnInplaceNormal_AddAiCore_Add,Add,dynamic,AI_VECTOR_CORE,1783598303398259.503	,368.191,0.000000,56,0,NO,"""131072,4,128;""",FLOAT;FLOAT,ND;ND,"""131072,4,128""",FLOAT,ND,N/A,0.0,0,0.0,0.0,0.0,0.0,0.0,0.0,0.0,0.0,0.0,0.0,0.0,0.0,0.0,367.91,33608092,26.322,0.072,5.996,0.016,363.943,0.989,360.435,0.98,0.002,0.000
5,3,4294967295,1238,61,aclnnInplaceNormal_CastAiCore_Cast,Cast,dynamic,AI_VECTOR_CORE,1783598303398627.716	,279.473,0.059000,56,0,NO,"""131072,4,128""",FLOAT,ND,"""131072,4,128""",DT_BF16,ND,N/A,0.0,0,0.0,0.0,0.0,0.0,0.0,0.0,0.0,0.0,0.0,0.0,0.0,0.0,0.0,279.2,25513222,16.363,0.059,4.68,0.017,276.434,0.99,245.328,0.879,0.005,0.000
5,3,4294967295,1239,61,aclnnInplaceNormal_CastAiCore_Cast,Cast,dynamic,AI_VECTOR_CORE,1783598303398907.211	,848.734,0.027000,56,0,NO,"""131072,12,128""",DT_BF16,NCL,"""131072,12,128""",FLOAT,NCL,N/A,0.0,0,0.0,0.0,0.0,0.0,0.0,0.0,0.0,0.0,0.0,0.0,0.0,0.0,0.0,848.46,77589197,55.264,0.065,12.752,0.015,810.396,0.955,843.928,0.995,0.002,0.000
5,3,4294967295,1240,61,aclnnInplaceNormal_BroadcastToAiCore_BroadcastTo,BroadcastTo,dynamic,AI_VECTOR_CORE,1783598303399755.967	,505.993,0.016000,56,0,NO,"""1;3""",FLOAT;INT64,ND;ND,"""131072,12,128""",FLOAT,ND,N/A,0.0,0,0.0,0.0,0.0,0.0,0.0,0.0,0.0,0.0,0.0,0.0,0.0,0.0,0.0,505.74,46113382,0.321,0.001,2.222,0.004,0.507,0.001,503.52,0.996,0.015,0.000
5,3,4294967295,1241,61,aclnnInplaceNormal_BroadcastToAiCore_BroadcastTo,BroadcastTo,dynamic,AI_VECTOR_CORE,1783598303400261.982	,525.810,0.007000,56,0,NO,"""1;3""",FLOAT;INT64,ND;ND,"""131072,12,128""",FLOAT,ND,N/A,0.0,0,0.0,0.0,0.0,0.0,0.0,0.0,0.0,0.0,0.0,0.0,0.0,0.0,0.0,525.56,48004252,0.174,0.0,2.246,0.004,0.838,0.002,523.634,0.996,0.0,0.000
5,3,4294967295,1242,61,aclnnInplaceNormal_StatelessNormalAiCore_StatelessNormal,StatelessNormal,dynamic,MIX_AIV,1783598303400787.814	,10095.993,0.000000,56,0,NO,"""3;1;1;131072,12,128;131072,12,128""",INT64;INT64;INT64;FLOAT;FLOAT,ND;ND;ND;ND;ND,"""131072,12,128""",FLOAT,NCL,N/A,0.0,0,0.0,0.0,0.0,0.0,0.0,0.0,0.0,0.0,0.0,0.0,0.0,0.0,0.0,10095.74,855662890,10093.282,1.0,1.48,0.0,0.421,0.0,0.001,0.0,0.023,0.000
5,3,4294967295,1243,61,aclnnInplaceNormal_MulAiCore_Mul,Mul,dynamic,AI_VECTOR_CORE,1783598303410883.829	,1089.773,0.007000,56,0,NO,"""131072,12,128;""",FLOAT;FLOAT,NCL;ND,"""131072,12,128""",FLOAT,ND,N/A,0.0,0,0.0,0.0,0.0,0.0,0.0,0.0,0.0,0.0,0.0,0.0,0.0,0.0,0.0,1089.52,99762490,77.776,0.071,15.892,0.015,1080.338,0.992,1047.169,0.961,0.001,0.000
5,3,4294967295,1244,61,aclnnInplaceNormal_AddAiCore_Add,Add,dynamic,AI_VECTOR_CORE,1783598303411973.624	,1112.579,0.000000,56,0,NO,"""131072,12,128;""",FLOAT;FLOAT,ND;ND,"""131072,12,128""",FLOAT,ND,N/A,0.0,0,0.0,0.0,0.0,0.0,0.0,0.0,0.0,0.0,0.0,0.0,0.0,0.0,0.0,1112.28,102134885,77.553,0.07,16.142,0.015,1104.434,0.993,1078.388,0.97,0.001,0.000
5,3,4294967295,1245,61,aclnnInplaceNormal_CastAiCore_Cast,Cast,dynamic,AI_VECTOR_CORE,1783598303413086.225	,823.496,0.171000,56,0,NO,"""131072,12,128""",FLOAT,ND,"""131072,12,128""",DT_BF16,ND,N/A,0.0,0,0.0,0.0,0.0,0.0,0.0,0.0,0.0,0.0,0.0,0.0,0.0,0.0,0.0,823.2,75657772,48.814,0.059,13.137,0.016,820.363,0.997,736.615,0.895,0.002,0.000
5,3,4294967295,1246,61,aclnnInplaceCopy_TensorMoveAiCore_TensorMove,TensorMove,dynamic,AI_VECTOR_CORE,1783598303413909.743	,536.520,0.004000,56,0,NO,"""131072,12,128""",DT_BF16,NCL,"""131072,12,128""",DT_BF16,NCL,N/A,0.0,0,0.0,0.0,0.0,0.0,0.0,0.0,0.0,0.0,0.0,0.0,0.0,0.0,0.0,536.22,48758008,0.0,0.0,5.641,0.011,466.316,0.87,489.354,0.913,0.012,0.000
5,3,4294967295,1247,61,aclnnInplaceCopy_TensorMoveAiCore_TensorMove,TensorMove,dynamic,AI_VECTOR_CORE,1783598303414446.285	,188.784,0.000000,56,0,NO,"""131072,4,128""",DT_BF16,NCL,"""131072,4,128""",DT_BF16,NCL,N/A,0.0,0,0.0,0.0,0.0,0.0,0.0,0.0,0.0,0.0,0.0,0.0,0.0,0.0,0.0,188.49,16988702,0.0,0.0,2.285,0.012,153.476,0.814,168.725,0.895,0.0,0.000
5,3,4294967295,1248,61,aclnnInplaceCopy_TensorMoveAiCore_TensorMove,TensorMove,dynamic,AI_VECTOR_CORE,1783598303414635.091	,183.829,0.000000,56,0,NO,"""131072,4,128""",DT_BF16,NCL,"""131072,4,128""",DT_BF16,NCL,N/A,0.0,0,0.0,0.0,0.0,0.0,0.0,0.0,0.0,0.0,0.0,0.0,0.0,0.0,0.0,183.17,16669310,0.0,0.0,2.595,0.014,150.949,0.824,165.077,0.901,0.0,0.000
5,3,4294967295,1249,61,aclnnInplaceZero_ZerosLikeAiCore_ZerosLike,ZerosLike,dynamic,AI_VECTOR_CORE,1783598303414818.942	,217.080,0.171000,56,0,NO,"""131072,12,128""",DT_BF16,NCL,"""131072,12,128""",DT_BF16,NCL,N/A,0.0,0,0.0,0.0,0.0,0.0,0.0,0.0,0.0,0.0,0.0,0.0,0.0,0.0,0.0,216.63,19840705,18.986,0.088,1.461,0.007,0.278,0.001,213.844,0.987,0.023,0.000
5,3,4294967295,1250,61,aclnnInplaceZero_ZerosLikeAiCore_ZerosLike,ZerosLike,dynamic,AI_VECTOR_CORE,1783598303415036.044	,7.531,0.000000,56,0,NO,"""12,131072""",FLOAT,ND,"""12,131072""",FLOAT,ND,N/A,0.0,0,0.0,0.0,0.0,0.0,0.0,0.0,0.0,0.0,0.0,0.0,0.0,0.0,0.0,7.23,574087,0.67,0.093,0.776,0.107,0.903,0.125,3.586,0.496,0.127,0.000
5,3,4294967295,1251,61,aclnnAdds_AddAiCore_Add,Add,dynamic,AI_VECTOR_CORE,1783598303415043.597	,5.936,0.000000,50,0,NO,"""1572864;""",FLOAT;FLOAT,ND;ND,"""12,131072""",FLOAT,ND,N/A,0.0,0,0.0,0.0,0.0,0.0,0.0,0.0,0.0,0.0,0.0,0.0,0.0,0.0,0.0,5.64,384361,1.248,0.221,1.306,0.231,2.567,0.455,3.468,0.615,0.0,0.000
5,3,4294967295,1252,61,aclnnInplaceZero_ZerosLikeAiCore_ZerosLike,ZerosLike,dynamic,AI_VECTOR_CORE,1783598303415049.555	,503.206,0.064000,56,0,NO,"""131072,12,128""",FLOAT,NCL,"""131072,12,128""",FLOAT,NCL,N/A,0.0,0,0.0,0.0,0.0,0.0,0.0,0.0,0.0,0.0,0.0,0.0,0.0,0.0,0.0,502.98,46031447,37.02,0.074,1.871,0.004,0.542,0.001,501.701,0.997,0.0,0.000
5,3,4294967295,1253,61,_swa_fwd_kernel,_swa_fwd_kernel,static,AI_CORE,1783598303415552.783	,4481.488,0.044000,28,56,NO,"""131072,12,128;131072,4,128""",DT_BF16;DT_BF16,ND;ND,"""131072,12,128;131072,12,128;12,131072""",DT_BF16;FLOAT;FLOAT,ND;ND;ND,N/A,4481.21,206171491,3030.063,0.676,1309.985,0.292,1661.812,0.371,2969.729,0.663,0.001,0.0,2661.203,0.594,0.0,4481.23,412376999,3915.378,0.874,1495.851,0.334,1102.612,0.246,1445.994,0.323,0.0,99.578
5,3,4294967295,1254,61,aclnnInplaceZero_ZerosLikeAiCore_ZerosLike,ZerosLike,dynamic,AI_VECTOR_CORE,1783598303420034.293	,4.865,0.012000,56,0,NO,"""12,131072""",FLOAT,ND,"""12,131072""",FLOAT,ND,N/A,0.0,0,0.0,0.0,0.0,0.0,0.0,0.0,0.0,0.0,0.0,0.0,0.0,0.0,0.0,4.64,343036,0.844,0.182,1.226,0.264,0.539,0.116,2.062,0.444,0.0,0.000
5,3,4294967295,1255,61,_swa_bwd_preprocess,_swa_bwd_preprocess,static,AI_VECTOR_CORE,1783598303420039.180	,837.520,0.135000,56,0,NO,"""131072,12,128;131072,12,128""",FLOAT;DT_BF16,ND;ND,"""12,131072""",FLOAT,ND,N/A,0.0,0,0.0,0.0,0.0,0.0,0.0,0.0,0.0,0.0,0.0,0.0,0.0,0.0,0.0,837.2,75289073,93.541,0.112,33.541,0.04,834.475,0.997,67.666,0.081,0.001,0.000
5,3,4294967295,1256,61,aclnnInplaceZero_ZerosLikeAiCore_ZerosLike,ZerosLike,dynamic,AI_VECTOR_CORE,1783598303420876.722	,203.811,0.000000,56,0,NO,"""131072,12,128""",DT_BF16,NCL,"""131072,12,128""",DT_BF16,NCL,N/A,0.0,0,0.0,0.0,0.0,0.0,0.0,0.0,0.0,0.0,0.0,0.0,0.0,0.0,0.0,203.49,18432892,19.208,0.094,1.51,0.007,0.852,0.004,200.289,0.984,0.028,0.000
5,3,4294967295,1257,61,aclnnInplaceZero_ZerosLikeAiCore_ZerosLike,ZerosLike,dynamic,AI_VECTOR_CORE,1783598303421080.555	,88.437,0.000000,56,0,NO,"""131072,4,128""",DT_BF16,NCL,"""131072,4,128""",DT_BF16,NCL,N/A,0.0,0,0.0,0.0,0.0,0.0,0.0,0.0,0.0,0.0,0.0,0.0,0.0,0.0,0.0,88.12,7903211,6.293,0.071,0.948,0.011,0.423,0.005,86.662,0.983,0.0,0.000
5,3,4294967295,1258,61,aclnnInplaceZero_ZerosLikeAiCore_ZerosLike,ZerosLike,dynamic,AI_VECTOR_CORE,1783598303421169.014	,85.959,0.063000,56,0,NO,"""131072,4,128""",DT_BF16,NCL,"""131072,4,128""",DT_BF16,NCL,N/A,0.0,0,0.0,0.0,0.0,0.0,0.0,0.0,0.0,0.0,0.0,0.0,0.0,0.0,0.0,85.64,7801094,6.196,0.072,0.92,0.011,0.375,0.004,84.251,0.984,0.0,0.000
5,3,4294967295,1259,61,_swa_bwd_dkdv_kernel,_swa_bwd_dkdv_kernel,static,AI_CORE,1783598303421254.995	,9736.747,0.041000,28,56,NO,"""131072,12,128;12,131072;12,131072""",DT_BF16;FLOAT;FLOAT,ND;ND;ND,"""131072,4,128;131072,4,128""",DT_BF16;DT_BF16,ND;ND,N/A,9736.47,390810815,7384.22,0.758,4271.632,0.439,7860.561,0.807,9469.821,0.973,0.001,0.0,2485.367,0.255,0.0,9736.49,781602328,5167.317,0.531,4226.448,0.434,4068.824,0.418,1636.51,0.168,0.0,86.878
5,3,4294967295,1260,61,_swa_bwd_dq_kernel,_swa_bwd_dq_kernel,static,AI_CORE,1783598303430991.764	,5379.815,0.003000,28,56,NO,"""131072,12,128;12,131072;12,131072;131072,12,128""",DT_BF16;FLOAT;FLOAT;DT_BF16,ND;ND;ND;ND,"""131072,12,128""",DT_BF16,ND,N/A,5379.54,247866557,4264.644,0.793,1645.278,0.306,2926.144,0.544,3900.329,0.725,0.001,0.0,1939.569,0.361,0.0,5379.56,495728201,2249.396,0.418,1014.887,0.189,911.412,0.169,765.325,0.142,0.0,99.726
6,3,4294967295,1261,61,aclnnInplaceRandom_StatelessRandomAiCore_StatelessRandom,StatelessRandom,dynamic,AI_VECTOR_CORE,1783598303437891.797	,6.394,1520.185000,1,0,NO,"""1;1;1;;""",INT64;INT64;INT64;INT64;INT64,ND;ND;ND;ND;ND,"""1""",INT32,ND,N/A,0.0,0,0.0,0.0,0.0,0.0,0.0,0.0,0.0,0.0,0.0,0.0,0.0,0.0,0.0,6.12,9780,3.765,0.615,1.205,0.197,0.344,0.056,0.003,0.0,0.026,0.000
6,3,4294967295,1262,61,aclnnClamp_ClipByValueV2AiCore_ClipByValueV2,ClipByValueV2,dynamic,AI_VECTOR_CORE,1783598303437992.973	,2.491,94.856000,1,0,NO,"""1;;""",INT32;INT32;INT32,ND;ND;ND,"""1""",INT32,ND,N/A,0.0,0,0.0,0.0,0.0,0.0,0.0,0.0,0.0,0.0,0.0,0.0,0.0,0.0,0.0,2.22,3335,0.306,0.138,0.499,0.225,0.444,0.2,0.075,0.034,0.136,0.000
6,3,4294967295,1263,61,aclnnCumsum_CastAiCore_Cast,Cast,dynamic,AI_VECTOR_CORE,1783598303438398.194	,2.283,402.759000,1,0,NO,"""1""",INT32,ND,"""1""",INT64,ND,N/A,0.0,0,0.0,0.0,0.0,0.0,0.0,0.0,0.0,0.0,0.0,0.0,0.0,0.0,0.0,2.01,2996,0.391,0.195,0.741,0.368,0.193,0.096,0.341,0.17,0.05,0.000
6,3,4294967295,1264,61,aclnnCumsum_CumsumAiCore_Cumsum,Cumsum,dynamic,AI_VECTOR_CORE,1783598303438401.495	,2.582,0.967000,1,0,NO,"""1;1""",INT64;INT64,ND;ND,"""1""",INT64,ND,N/A,0.0,0,0.0,0.0,0.0,0.0,0.0,0.0,0.0,0.0,0.0,0.0,0.0,0.0,0.0,2.31,3479,0.403,0.174,0.883,0.382,0.601,0.26,0.337,0.146,0.327,0.000
6,3,4294967295,1265,61,aclnnInplaceCopy_CastAiCore_Cast,Cast,dynamic,AI_VECTOR_CORE,1783598303438567.751	,2.079,163.668000,1,0,NO,"""1""",INT64,ND,"""1""",INT32,ND,N/A,0.0,0,0.0,0.0,0.0,0.0,0.0,0.0,0.0,0.0,0.0,0.0,0.0,0.0,0.0,1.85,2733,0.399,0.216,0.605,0.327,0.351,0.19,0.085,0.046,0.052,0.000
6,3,4294967295,1266,61,aclnnCat_ConcatD_ConcatD,ConcatD,dynamic,AI_VECTOR_CORE,1783598303438682.344	,2.638,112.421000,1,0,NO,"""1;1""",INT32;INT32,ND;ND,"""2""",INT32,ND,N/A,0.0,0,0.0,0.0,0.0,0.0,0.0,0.0,0.0,0.0,0.0,0.0,0.0,0.0,0.0,2.41,3650,0.549,0.228,1.113,0.462,0.768,0.319,0.083,0.035,0.218,0.000
6,3,4294967295,1267,61,aclnnCumsum_CastAiCore_Cast,Cast,dynamic,AI_VECTOR_CORE,1783598303439043.576	,1.588,358.612000,1,0,NO,"""1""",INT32,ND,"""1""",INT64,ND,N/A,0.0,0,0.0,0.0,0.0,0.0,0.0,0.0,0.0,0.0,0.0,0.0,0.0,0.0,0.0,1.36,1917,0.128,0.094,0.739,0.544,0.358,0.263,0.089,0.065,0.051,0.000
6,3,4294967295,1268,61,aclnnCumsum_CumsumAiCore_Cumsum,Cumsum,dynamic,AI_VECTOR_CORE,1783598303439047.384	,1.699,2.412000,1,0,NO,"""1;1""",INT64;INT64,ND;ND,"""1""",INT64,ND,N/A,0.0,0,0.0,0.0,0.0,0.0,0.0,0.0,0.0,0.0,0.0,0.0,0.0,0.0,0.0,1.47,2104,0.137,0.093,0.942,0.641,0.354,0.241,0.088,0.06,0.317,0.000
6,3,4294967295,1269,61,aclnnInplaceCopy_CastAiCore_Cast,Cast,dynamic,AI_VECTOR_CORE,1783598303439212.233	,1.799,163.051000,1,0,NO,"""1""",INT64,ND,"""1""",INT32,ND,N/A,0.0,0,0.0,0.0,0.0,0.0,0.0,0.0,0.0,0.0,0.0,0.0,0.0,0.0,0.0,1.51,2172,0.136,0.09,0.632,0.419,0.351,0.233,0.359,0.238,0.052,0.000
6,3,4294967295,1270,61,aclnnCat_ConcatD_ConcatD,ConcatD,dynamic,AI_VECTOR_CORE,1783598303439304.325	,2.227,90.201000,1,0,NO,"""1;1""",INT32;INT32,ND;ND,"""2""",INT32,ND,N/A,0.0,0,0.0,0.0,0.0,0.0,0.0,0.0,0.0,0.0,0.0,0.0,0.0,0.0,0.0,1.94,2876,0.177,0.091,1.13,0.582,0.787,0.405,0.085,0.044,0.213,0.000
6,3,4294967295,1271,61,aclnnInplaceNormal_CastAiCore_Cast,Cast,dynamic,AI_VECTOR_CORE,1783598303439726.191	,843.331,419.773000,56,0,NO,"""131072,12,128""",DT_BF16,NCL,"""131072,12,128""",FLOAT,NCL,N/A,0.0,0,0.0,0.0,0.0,0.0,0.0,0.0,0.0,0.0,0.0,0.0,0.0,0.0,0.0,843.03,77560539,54.93,0.065,12.914,0.015,804.334,0.954,837.43,0.993,0.002,0.000
6,3,4294967295,1272,61,aclnnInplaceNormal_BroadcastToAiCore_BroadcastTo,BroadcastTo,dynamic,AI_VECTOR_CORE,1783598303440569.544	,500.395,0.000000,56,0,NO,"""1;3""",FLOAT;INT64,ND;ND,"""131072,12,128""",FLOAT,ND,N/A,0.0,0,0.0,0.0,0.0,0.0,0.0,0.0,0.0,0.0,0.0,0.0,0.0,0.0,0.0,500.09,45586709,0.315,0.001,2.814,0.006,0.41,0.001,497.491,0.995,0.033,0.000
6,3,4294967295,1273,61,aclnnInplaceNormal_BroadcastToAiCore_BroadcastTo,BroadcastTo,dynamic,AI_VECTOR_CORE,1783598303441069.961	,525.434,0.105000,56,0,NO,"""1;3""",FLOAT;INT64,ND;ND,"""131072,12,128""",FLOAT,ND,N/A,0.0,0,0.0,0.0,0.0,0.0,0.0,0.0,0.0,0.0,0.0,0.0,0.0,0.0,0.0,525.19,47654153,0.175,0.0,2.475,0.005,0.81,0.002,523.092,0.996,0.0,0.000
6,3,4294967295,1274,61,aclnnInplaceNormal_StatelessNormalAiCore_StatelessNormal,StatelessNormal,dynamic,MIX_AIV,1783598303441595.417	,10091.921,0.066000,56,0,NO,"""3;1;1;131072,12,128;131072,12,128""",INT64;INT64;INT64;FLOAT;FLOAT,ND;ND;ND;ND;ND,"""131072,12,128""",FLOAT,NCL,N/A,0.0,0,0.0,0.0,0.0,0.0,0.0,0.0,0.0,0.0,0.0,0.0,0.0,0.0,0.0,10091.68,855342487,10089.027,1.0,1.384,0.0,0.277,0.0,0.001,0.0,0.023,0.000
6,3,4294967295,1275,61,aclnnInplaceNormal_MulAiCore_Mul,Mul,dynamic,AI_VECTOR_CORE,1783598303451687.360	,1090.410,0.000000,56,0,NO,"""131072,12,128;""",FLOAT;FLOAT,NCL;ND,"""131072,12,128""",FLOAT,ND,N/A,0.0,0,0.0,0.0,0.0,0.0,0.0,0.0,0.0,0.0,0.0,0.0,0.0,0.0,0.0,1090.16,100163027,77.444,0.071,16.039,0.015,1079.078,0.99,1044.868,0.958,0.002,0.000
6,3,4294967295,1276,61,aclnnInplaceNormal_AddAiCore_Add,Add,dynamic,AI_VECTOR_CORE,1783598303452777.792	,1112.447,0.090000,56,0,NO,"""131072,12,128;""",FLOAT;FLOAT,ND;ND,"""131072,12,128""",FLOAT,ND,N/A,0.0,0,0.0,0.0,0.0,0.0,0.0,0.0,0.0,0.0,0.0,0.0,0.0,0.0,0.0,1112.2,101840400,77.753,0.07,16.014,0.014,1104.151,0.993,1072.648,0.964,0.002,0.000
6,3,4294967295,1277,61,aclnnInplaceNormal_CastAiCore_Cast,Cast,dynamic,AI_VECTOR_CORE,1783598303453890.261	,826.789,0.053000,56,0,NO,"""131072,12,128""",FLOAT,ND,"""131072,12,128""",DT_BF16,ND,N/A,0.0,0,0.0,0.0,0.0,0.0,0.0,0.0,0.0,0.0,0.0,0.0,0.0,0.0,0.0,826.15,75917597,48.82,0.059,12.865,0.016,822.457,0.996,724.078,0.876,0.002,0.000
6,3,4294967295,1278,61,aclnnInplaceNormal_CastAiCore_Cast,Cast,dynamic,AI_VECTOR_CORE,1783598303454717.072	,254.223,0.000000,56,0,NO,"""131072,4,128""",DT_BF16,NCL,"""131072,4,128""",FLOAT,NCL,N/A,0.0,0,0.0,0.0,0.0,0.0,0.0,0.0,0.0,0.0,0.0,0.0,0.0,0.0,0.0,253.94,23056843,18.554,0.073,4.774,0.019,241.929,0.953,249.006,0.981,0.004,0.000
6,3,4294967295,1279,61,aclnnInplaceNormal_BroadcastToAiCore_BroadcastTo,BroadcastTo,dynamic,AI_VECTOR_CORE,1783598303454971.317	,156.893,0.027000,56,0,NO,"""1;3""",FLOAT;INT64,ND;ND,"""131072,4,128""",FLOAT,ND,N/A,0.0,0,0.0,0.0,0.0,0.0,0.0,0.0,0.0,0.0,0.0,0.0,0.0,0.0,0.0,156.61,14128500,0.263,0.002,1.716,0.011,0.587,0.004,154.314,0.985,0.022,0.000
6,3,4294967295,1280,61,aclnnInplaceNormal_BroadcastToAiCore_BroadcastTo,BroadcastTo,dynamic,AI_VECTOR_CORE,1783598303455128.232	,177.156,0.107000,56,0,NO,"""1;3""",FLOAT;INT64,ND;ND,"""131072,4,128""",FLOAT,ND,N/A,0.0,0,0.0,0.0,0.0,0.0,0.0,0.0,0.0,0.0,0.0,0.0,0.0,0.0,0.0,176.87,15813951,0.132,0.001,1.643,0.009,0.61,0.003,175.207,0.991,0.0,0.000
6,3,4294967295,1281,61,aclnnInplaceNormal_StatelessNormalAiCore_StatelessNormal,StatelessNormal,dynamic,MIX_AIV,1783598303455305.410	,3431.337,0.094000,56,0,NO,"""3;1;1;131072,4,128;131072,4,128""",INT64;INT64;INT64;FLOAT;FLOAT,ND;ND;ND;ND;ND,"""131072,4,128""",FLOAT,NCL,N/A,0.0,0,0.0,0.0,0.0,0.0,0.0,0.0,0.0,0.0,0.0,0.0,0.0,0.0,0.0,3431.1,289546534,3428.445,0.999,1.757,0.001,0.646,0.0,0.001,0.0,0.02,0.000
6,3,4294967295,1282,61,aclnnInplaceNormal_MulAiCore_Mul,Mul,dynamic,AI_VECTOR_CORE,1783598303458736.769	,349.780,0.000000,56,0,NO,"""131072,4,128;""",FLOAT;FLOAT,NCL;ND,"""131072,4,128""",FLOAT,ND,N/A,0.0,0,0.0,0.0,0.0,0.0,0.0,0.0,0.0,0.0,0.0,0.0,0.0,0.0,0.0,349.54,31652475,26.525,0.076,5.676,0.016,344.867,0.987,336.923,0.964,0.002,0.000
6,3,4294967295,1283,61,aclnnInplaceNormal_AddAiCore_Add,Add,dynamic,AI_VECTOR_CORE,1783598303459086.571	,371.971,0.000000,56,0,NO,"""131072,4,128;""",FLOAT;FLOAT,ND;ND,"""131072,4,128""",FLOAT,ND,N/A,0.0,0,0.0,0.0,0.0,0.0,0.0,0.0,0.0,0.0,0.0,0.0,0.0,0.0,0.0,371.73,33792341,26.434,0.071,6.087,0.016,367.809,0.989,362.222,0.974,0.002,0.000
6,3,4294967295,1284,61,aclnnInplaceNormal_CastAiCore_Cast,Cast,dynamic,AI_VECTOR_CORE,1783598303459458.564	,271.550,0.029000,56,0,NO,"""131072,4,128""",FLOAT,ND,"""131072,4,128""",DT_BF16,ND,N/A,0.0,0,0.0,0.0,0.0,0.0,0.0,0.0,0.0,0.0,0.0,0.0,0.0,0.0,0.0,271.31,24613838,16.481,0.061,4.592,0.017,268.974,0.991,237.489,0.875,0.004,0.000
6,3,4294967295,1285,61,aclnnInplaceNormal_CastAiCore_Cast,Cast,dynamic,AI_VECTOR_CORE,1783598303459730.136	,249.518,0.200000,56,0,NO,"""131072,4,128""",DT_BF16,NCL,"""131072,4,128""",FLOAT,NCL,N/A,0.0,0,0.0,0.0,0.0,0.0,0.0,0.0,0.0,0.0,0.0,0.0,0.0,0.0,0.0,249.21,22821310,18.396,0.074,4.679,0.019,228.521,0.917,244.771,0.982,0.005,0.000
6,3,4294967295,1286,61,aclnnInplaceNormal_BroadcastToAiCore_BroadcastTo,BroadcastTo,dynamic,AI_VECTOR_CORE,1783598303459979.676	,156.775,0.000000,56,0,NO,"""1;3""",FLOAT;INT64,ND;ND,"""131072,4,128""",FLOAT,ND,N/A,0.0,0,0.0,0.0,0.0,0.0,0.0,0.0,0.0,0.0,0.0,0.0,0.0,0.0,0.0,156.47,14021227,0.264,0.002,1.683,0.011,0.751,0.005,154.045,0.985,0.023,0.000
6,3,4294967295,1287,61,aclnnInplaceNormal_BroadcastToAiCore_BroadcastTo,BroadcastTo,dynamic,AI_VECTOR_CORE,1783598303460136.473	,176.815,0.000000,56,0,NO,"""1;3""",FLOAT;INT64,ND;ND,"""131072,4,128""",FLOAT,ND,N/A,0.0,0,0.0,0.0,0.0,0.0,0.0,0.0,0.0,0.0,0.0,0.0,0.0,0.0,0.0,176.51,16017068,0.13,0.001,1.842,0.01,0.435,0.002,174.81,0.99,0.0,0.000
6,3,4294967295,1288,61,aclnnInplaceNormal_StatelessNormalAiCore_StatelessNormal,StatelessNormal,dynamic,MIX_AIV,1783598303460313.310	,3445.063,0.000000,56,0,NO,"""3;1;1;131072,4,128;131072,4,128""",INT64;INT64;INT64;FLOAT;FLOAT,ND;ND;ND;ND;ND,"""131072,4,128""",FLOAT,NCL,N/A,0.0,0,0.0,0.0,0.0,0.0,0.0,0.0,0.0,0.0,0.0,0.0,0.0,0.0,0.0,3444.76,289901402,3441.956,0.999,1.644,0.0,0.7,0.0,0.001,0.0,0.023,0.000
6,3,4294967295,1289,61,aclnnInplaceNormal_MulAiCore_Mul,Mul,dynamic,AI_VECTOR_CORE,1783598303463758.395	,350.157,0.187000,56,0,NO,"""131072,4,128;""",FLOAT;FLOAT,NCL;ND,"""131072,4,128""",FLOAT,ND,N/A,0.0,0,0.0,0.0,0.0,0.0,0.0,0.0,0.0,0.0,0.0,0.0,0.0,0.0,0.0,349.91,31672711,26.554,0.076,5.841,0.017,345.126,0.986,334.618,0.956,0.002,0.000
6,3,4294967295,1290,61,aclnnInplaceNormal_AddAiCore_Add,Add,dynamic,AI_VECTOR_CORE,1783598303464108.574	,371.811,0.000000,56,0,NO,"""131072,4,128;""",FLOAT;FLOAT,ND;ND,"""131072,4,128""",FLOAT,ND,N/A,0.0,0,0.0,0.0,0.0,0.0,0.0,0.0,0.0,0.0,0.0,0.0,0.0,0.0,0.0,371.56,33855720,26.41,0.071,6.033,0.016,367.483,0.989,363.256,0.978,0.002,0.000
6,3,4294967295,1291,61,aclnnInplaceNormal_CastAiCore_Cast,Cast,dynamic,AI_VECTOR_CORE,1783598303464480.407	,274.167,0.189000,56,0,NO,"""131072,4,128""",FLOAT,ND,"""131072,4,128""",DT_BF16,ND,N/A,0.0,0,0.0,0.0,0.0,0.0,0.0,0.0,0.0,0.0,0.0,0.0,0.0,0.0,0.0,273.92,24969696,16.406,0.06,4.612,0.017,271.558,0.991,240.582,0.878,0.004,0.000
6,3,4294967295,1292,61,aclnnInplaceNormal_CastAiCore_Cast,Cast,dynamic,AI_VECTOR_CORE,1783598303464754.596	,853.237,0.000000,56,0,NO,"""131072,12,128""",DT_BF16,NCL,"""131072,12,128""",FLOAT,NCL,N/A,0.0,0,0.0,0.0,0.0,0.0,0.0,0.0,0.0,0.0,0.0,0.0,0.0,0.0,0.0,852.99,78378114,54.999,0.064,12.749,0.015,818.567,0.96,848.435,0.995,0.002,0.000
6,3,4294967295,1293,61,aclnnInplaceNormal_BroadcastToAiCore_BroadcastTo,BroadcastTo,dynamic,AI_VECTOR_CORE,1783598303465607.855	,505.214,0.013000,56,0,NO,"""1;3""",FLOAT;INT64,ND;ND,"""131072,12,128""",FLOAT,ND,N/A,0.0,0,0.0,0.0,0.0,0.0,0.0,0.0,0.0,0.0,0.0,0.0,0.0,0.0,0.0,504.94,46179342,0.265,0.001,2.398,0.005,0.427,0.001,502.663,0.995,0.014,0.000
6,3,4294967295,1294,61,aclnnInplaceNormal_BroadcastToAiCore_BroadcastTo,BroadcastTo,dynamic,AI_VECTOR_CORE,1783598303466113.091	,526.197,0.036000,56,0,NO,"""1;3""",FLOAT;INT64,ND;ND,"""131072,12,128""",FLOAT,ND,N/A,0.0,0,0.0,0.0,0.0,0.0,0.0,0.0,0.0,0.0,0.0,0.0,0.0,0.0,0.0,525.92,47762012,0.175,0.0,2.556,0.005,0.729,0.001,523.8,0.996,0.0,0.000
6,3,4294967295,1295,61,aclnnInplaceNormal_StatelessNormalAiCore_StatelessNormal,StatelessNormal,dynamic,MIX_AIV,1783598303466639.310	,10085.058,0.053000,56,0,NO,"""3;1;1;131072,12,128;131072,12,128""",INT64;INT64;INT64;FLOAT;FLOAT,ND;ND;ND;ND;ND,"""131072,12,128""",FLOAT,NCL,N/A,0.0,0,0.0,0.0,0.0,0.0,0.0,0.0,0.0,0.0,0.0,0.0,0.0,0.0,0.0,10084.79,856187595,10082.531,1.0,1.507,0.0,0.297,0.0,0.001,0.0,0.023,0.000
6,3,4294967295,1296,61,aclnnInplaceNormal_MulAiCore_Mul,Mul,dynamic,AI_VECTOR_CORE,1783598303476724.390	,1087.423,0.192000,56,0,NO,"""131072,12,128;""",FLOAT;FLOAT,NCL;ND,"""131072,12,128""",FLOAT,ND,N/A,0.0,0,0.0,0.0,0.0,0.0,0.0,0.0,0.0,0.0,0.0,0.0,0.0,0.0,0.0,1087.14,99834964,77.569,0.071,15.877,0.015,1080.387,0.994,1054.176,0.97,0.001,0.000
6,3,4294967295,1297,61,aclnnInplaceNormal_AddAiCore_Add,Add,dynamic,AI_VECTOR_CORE,1783598303477811.835	,1113.456,0.000000,56,0,NO,"""131072,12,128;""",FLOAT;FLOAT,ND;ND,"""131072,12,128""",FLOAT,ND,N/A,0.0,0,0.0,0.0,0.0,0.0,0.0,0.0,0.0,0.0,0.0,0.0,0.0,0.0,0.0,1113.21,102138225,78.1,0.07,15.971,0.014,1106.37,0.994,1084.362,0.974,0.001,0.000
6,3,4294967295,1298,61,aclnnInplaceNormal_CastAiCore_Cast,Cast,dynamic,AI_VECTOR_CORE,1783598303478925.313	,824.647,0.044000,56,0,NO,"""131072,12,128""",FLOAT,ND,"""131072,12,128""",DT_BF16,ND,N/A,0.0,0,0.0,0.0,0.0,0.0,0.0,0.0,0.0,0.0,0.0,0.0,0.0,0.0,0.0,824.4,75405920,49.048,0.059,13.125,0.016,821.887,0.997,729.627,0.885,0.002,0.000
6,3,4294967295,1299,61,aclnnInplaceCopy_TensorMoveAiCore_TensorMove,TensorMove,dynamic,AI_VECTOR_CORE,1783598303479749.982	,535.506,0.103000,56,0,NO,"""131072,12,128""",DT_BF16,NCL,"""131072,12,128""",DT_BF16,NCL,N/A,0.0,0,0.0,0.0,0.0,0.0,0.0,0.0,0.0,0.0,0.0,0.0,0.0,0.0,0.0,535.26,48822315,0.0,0.0,5.727,0.011,467.136,0.873,475.601,0.889,0.012,0.000
6,3,4294967295,1300,61,aclnnInplaceCopy_TensorMoveAiCore_TensorMove,TensorMove,dynamic,AI_VECTOR_CORE,1783598303480285.510	,190.900,0.000000,56,0,NO,"""131072,4,128""",DT_BF16,NCL,"""131072,4,128""",DT_BF16,NCL,N/A,0.0,0,0.0,0.0,0.0,0.0,0.0,0.0,0.0,0.0,0.0,0.0,0.0,0.0,0.0,190.65,17164149,0.0,0.0,2.309,0.012,155.302,0.815,174.432,0.915,0.0,0.000
6,3,4294967295,1301,61,aclnnInplaceCopy_TensorMoveAiCore_TensorMove,TensorMove,dynamic,AI_VECTOR_CORE,1783598303480476.432	,188.387,0.100000,56,0,NO,"""131072,4,128""",DT_BF16,NCL,"""131072,4,128""",DT_BF16,NCL,N/A,0.0,0,0.0,0.0,0.0,0.0,0.0,0.0,0.0,0.0,0.0,0.0,0.0,0.0,0.0,188.09,17099658,0.0,0.0,2.887,0.015,155.131,0.825,170.222,0.905,0.0,0.000
6,3,4294967295,1302,61,aclnnInplaceZero_ZerosLikeAiCore_ZerosLike,ZerosLike,dynamic,AI_VECTOR_CORE,1783598303480664.841	,215.865,0.000000,56,0,NO,"""131072,12,128""",DT_BF16,NCL,"""131072,12,128""",DT_BF16,NCL,N/A,0.0,0,0.0,0.0,0.0,0.0,0.0,0.0,0.0,0.0,0.0,0.0,0.0,0.0,0.0,215.57,19682275,18.91,0.088,1.393,0.006,0.844,0.004,212.176,0.984,0.023,0.000
6,3,4294967295,1303,61,aclnnInplaceZero_ZerosLikeAiCore_ZerosLike,ZerosLike,dynamic,AI_VECTOR_CORE,1783598303480880.728	,7.003,0.135000,56,0,NO,"""12,131072""",FLOAT,ND,"""12,131072""",FLOAT,ND,N/A,0.0,0,0.0,0.0,0.0,0.0,0.0,0.0,0.0,0.0,0.0,0.0,0.0,0.0,0.0,6.71,549298,0.704,0.105,0.869,0.13,0.302,0.045,3.561,0.531,0.127,0.000
6,3,4294967295,1304,61,aclnnAdds_AddAiCore_Add,Add,dynamic,AI_VECTOR_CORE,1783598303480887.753	,5.613,0.000000,50,0,NO,"""1572864;""",FLOAT;FLOAT,ND;ND,"""12,131072""",FLOAT,ND,N/A,0.0,0,0.0,0.0,0.0,0.0,0.0,0.0,0.0,0.0,0.0,0.0,0.0,0.0,0.0,5.32,367362,1.232,0.232,0.868,0.163,2.882,0.542,3.624,0.681,0.0,0.000
6,3,4294967295,1305,61,aclnnInplaceZero_ZerosLikeAiCore_ZerosLike,ZerosLike,dynamic,AI_VECTOR_CORE,1783598303480893.388	,503.819,0.137000,56,0,NO,"""131072,12,128""",FLOAT,NCL,"""131072,12,128""",FLOAT,NCL,N/A,0.0,0,0.0,0.0,0.0,0.0,0.0,0.0,0.0,0.0,0.0,0.0,0.0,0.0,0.0,503.57,45986338,37.1,0.074,1.875,0.004,0.536,0.001,502.299,0.997,0.0,0.000
6,3,4294967295,1306,61,_swa_fwd_kernel,_swa_fwd_kernel,static,AI_CORE,1783598303481397.229	,4481.892,0.000000,28,56,NO,"""131072,12,128;131072,4,128""",DT_BF16;DT_BF16,ND;ND,"""131072,12,128;131072,12,128;12,131072""",DT_BF16;FLOAT;FLOAT,ND;ND;ND,N/A,4481.59,206130324,3031.357,0.676,1310.35,0.292,1663.719,0.371,2974.593,0.664,0.001,0.0,2659.493,0.593,0.0,4481.62,412300140,3916.332,0.874,1496.119,0.334,1101.995,0.246,1447.214,0.323,0.0,99.549
6,3,4294967295,1307,61,aclnnInplaceZero_ZerosLikeAiCore_ZerosLike,ZerosLike,dynamic,AI_VECTOR_CORE,1783598303485879.143	,4.362,0.108000,56,0,NO,"""12,131072""",FLOAT,ND,"""12,131072""",FLOAT,ND,N/A,0.0,0,0.0,0.0,0.0,0.0,0.0,0.0,0.0,0.0,0.0,0.0,0.0,0.0,0.0,4.11,328576,0.602,0.147,1.048,0.255,0.2,0.049,2.278,0.554,0.0,0.000
6,3,4294967295,1308,61,_swa_bwd_preprocess,_swa_bwd_preprocess,static,AI_VECTOR_CORE,1783598303485883.527	,830.580,0.000000,56,0,NO,"""131072,12,128;131072,12,128""",FLOAT;DT_BF16,ND;ND,"""12,131072""",FLOAT,ND,N/A,0.0,0,0.0,0.0,0.0,0.0,0.0,0.0,0.0,0.0,0.0,0.0,0.0,0.0,0.0,830.0,75861211,91.979,0.111,33.123,0.04,827.545,0.997,59.83,0.072,0.001,0.000
6,3,4294967295,1309,61,aclnnInplaceZero_ZerosLikeAiCore_ZerosLike,ZerosLike,dynamic,AI_VECTOR_CORE,1783598303486714.129	,200.387,0.170000,56,0,NO,"""131072,12,128""",DT_BF16,NCL,"""131072,12,128""",DT_BF16,NCL,N/A,0.0,0,0.0,0.0,0.0,0.0,0.0,0.0,0.0,0.0,0.0,0.0,0.0,0.0,0.0,200.16,18093749,19.468,0.097,1.354,0.007,0.268,0.001,197.338,0.986,0.028,0.000
6,3,4294967295,1310,61,aclnnInplaceZero_ZerosLikeAiCore_ZerosLike,ZerosLike,dynamic,AI_VECTOR_CORE,1783598303486914.538	,86.536,0.000000,56,0,NO,"""131072,4,128""",DT_BF16,NCL,"""131072,4,128""",DT_BF16,NCL,N/A,0.0,0,0.0,0.0,0.0,0.0,0.0,0.0,0.0,0.0,0.0,0.0,0.0,0.0,0.0,86.31,7876300,6.185,0.072,0.959,0.011,0.328,0.004,84.938,0.984,0.0,0.000
6,3,4294967295,1311,61,aclnnInplaceZero_ZerosLikeAiCore_ZerosLike,ZerosLike,dynamic,AI_VECTOR_CORE,1783598303487001.096	,85.492,0.000000,56,0,NO,"""131072,4,128""",DT_BF16,NCL,"""131072,4,128""",DT_BF16,NCL,N/A,0.0,0,0.0,0.0,0.0,0.0,0.0,0.0,0.0,0.0,0.0,0.0,0.0,0.0,0.0,85.26,7782018,6.184,0.073,0.824,0.01,0.316,0.004,84.026,0.986,0.0,0.000
6,3,4294967295,1312,61,_swa_bwd_dkdv_kernel,_swa_bwd_dkdv_kernel,static,AI_CORE,1783598303487086.610	,9700.801,0.008000,28,56,NO,"""131072,12,128;12,131072;12,131072""",DT_BF16;FLOAT;FLOAT,ND;ND;ND,"""131072,4,128;131072,4,128""",DT_BF16;DT_BF16,ND;ND,N/A,9700.45,390745108,7359.214,0.759,4256.419,0.439,7830.567,0.807,9433.237,0.972,0.001,0.0,2476.904,0.255,0.0,9700.48,781471713,5137.632,0.53,4211.532,0.434,4042.843,0.417,1652.986,0.17,0.0,87.185
6,3,4294967295,1313,61,_swa_bwd_dq_kernel,_swa_bwd_dq_kernel,static,AI_CORE,1783598303496787.433	,5384.360,0.199000,28,56,NO,"""131072,12,128;12,131072;12,131072;131072,12,128""",DT_BF16;FLOAT;FLOAT;DT_BF16,ND;ND;ND;ND,"""131072,12,128""",DT_BF16,ND,N/A,5384.01,247923679,4269.144,0.793,1646.227,0.306,2924.943,0.543,3910.476,0.726,0.001,0.0,1941.984,0.361,0.0,5384.04,495845017,2250.6,0.418,1015.335,0.189,913.571,0.17,766.372,0.142,0.0,99.665
7,3,4294967295,1314,61,aclnnInplaceRandom_StatelessRandomAiCore_StatelessRandom,StatelessRandom,dynamic,AI_VECTOR_CORE,1783598303503718.861	,6.387,1546.890000,1,0,NO,"""1;1;1;;""",INT64;INT64;INT64;INT64;INT64,ND;ND;ND;ND;ND,"""1""",INT32,ND,N/A,0.0,0,0.0,0.0,0.0,0.0,0.0,0.0,0.0,0.0,0.0,0.0,0.0,0.0,0.0,6.17,9869,3.887,0.63,1.378,0.223,0.343,0.056,0.003,0.0,0.028,0.000
7,3,4294967295,1315,61,aclnnClamp_ClipByValueV2AiCore_ClipByValueV2,ClipByValueV2,dynamic,AI_VECTOR_CORE,1783598303503803.064	,2.434,77.863000,1,0,NO,"""1;;""",INT32;INT32;INT32,ND;ND;ND,"""1""",INT32,ND,N/A,0.0,0,0.0,0.0,0.0,0.0,0.0,0.0,0.0,0.0,0.0,0.0,0.0,0.0,0.0,2.21,3327,0.296,0.134,0.511,0.231,0.515,0.233,0.075,0.034,0.136,0.000
7,3,4294967295,1316,61,aclnnCumsum_CastAiCore_Cast,Cast,dynamic,AI_VECTOR_CORE,1783598303504214.037	,2.573,408.566000,1,0,NO,"""1""",INT32,ND,"""1""",INT64,ND,N/A,0.0,0,0.0,0.0,0.0,0.0,0.0,0.0,0.0,0.0,0.0,0.0,0.0,0.0,0.0,2.35,3560,0.376,0.16,0.677,0.288,0.625,0.266,0.335,0.143,0.05,0.000
7,3,4294967295,1317,61,aclnnCumsum_CumsumAiCore_Cumsum,Cumsum,dynamic,AI_VECTOR_CORE,1783598303504219.714	,2.410,3.177000,1,0,NO,"""1;1""",INT64;INT64,ND;ND,"""1""",INT64,ND,N/A,0.0,0,0.0,0.0,0.0,0.0,0.0,0.0,0.0,0.0,0.0,0.0,0.0,0.0,0.0,2.19,3291,0.404,0.184,0.907,0.414,0.464,0.212,0.329,0.15,0.32,0.000
7,3,4294967295,1318,61,aclnnInplaceCopy_CastAiCore_Cast,Cast,dynamic,AI_VECTOR_CORE,1783598303504398.265	,2.251,176.090000,1,0,NO,"""1""",INT64,ND,"""1""",INT32,ND,N/A,0.0,0,0.0,0.0,0.0,0.0,0.0,0.0,0.0,0.0,0.0,0.0,0.0,0.0,0.0,1.94,2882,0.396,0.204,0.767,0.395,0.316,0.163,0.071,0.037,0.052,0.000
7,3,4294967295,1319,61,aclnnCat_ConcatD_ConcatD,ConcatD,dynamic,AI_VECTOR_CORE,1783598303504499.498	,2.699,98.999000,1,0,NO,"""1;1""",INT32;INT32,ND;ND,"""2""",INT32,ND,N/A,0.0,0,0.0,0.0,0.0,0.0,0.0,0.0,0.0,0.0,0.0,0.0,0.0,0.0,0.0,2.39,3619,0.501,0.209,1.048,0.439,0.769,0.322,0.07,0.029,0.217,0.000
7,3,4294967295,1320,61,aclnnCumsum_CastAiCore_Cast,Cast,dynamic,AI_VECTOR_CORE,1783598303504874.795	,1.897,372.551000,1,0,NO,"""1""",INT32,ND,"""1""",INT64,ND,N/A,0.0,0,0.0,0.0,0.0,0.0,0.0,0.0,0.0,0.0,0.0,0.0,0.0,0.0,0.0,1.59,2292,0.126,0.079,0.697,0.438,0.637,0.401,0.087,0.055,0.051,0.000
7,3,4294967295,1321,61,aclnnCumsum_CumsumAiCore_Cumsum,Cumsum,dynamic,AI_VECTOR_CORE,1783598303504878.774	,2.039,2.103000,1,0,NO,"""1;1""",INT64;INT64,ND;ND,"""1""",INT64,ND,N/A,0.0,0,0.0,0.0,0.0,0.0,0.0,0.0,0.0,0.0,0.0,0.0,0.0,0.0,0.0,1.73,2533,0.133,0.077,0.939,0.543,0.635,0.367,0.072,0.042,0.323,0.000
7,3,4294967295,1322,61,aclnnInplaceCopy_CastAiCore_Cast,Cast,dynamic,AI_VECTOR_CORE,1783598303505051.412	,1.838,170.711000,1,0,NO,"""1""",INT64,ND,"""1""",INT32,ND,N/A,0.0,0,0.0,0.0,0.0,0.0,0.0,0.0,0.0,0.0,0.0,0.0,0.0,0.0,0.0,1.61,2330,0.135,0.084,0.74,0.46,0.486,0.302,0.21,0.13,0.052,0.000
7,3,4294967295,1323,61,aclnnCat_ConcatD_ConcatD,ConcatD,dynamic,AI_VECTOR_CORE,1783598303505154.115	,2.360,100.662000,1,0,NO,"""1;1""",INT32;INT32,ND;ND,"""2""",INT32,ND,N/A,0.0,0,0.0,0.0,0.0,0.0,0.0,0.0,0.0,0.0,0.0,0.0,0.0,0.0,0.0,2.13,3193,0.176,0.083,1.239,0.582,0.756,0.355,0.071,0.033,0.21,0.000
7,3,4294967295,1324,61,aclnnInplaceNormal_CastAiCore_Cast,Cast,dynamic,AI_VECTOR_CORE,1783598303505607.867	,841.126,451.390000,56,0,NO,"""131072,12,128""",DT_BF16,NCL,"""131072,12,128""",FLOAT,NCL,N/A,0.0,0,0.0,0.0,0.0,0.0,0.0,0.0,0.0,0.0,0.0,0.0,0.0,0.0,0.0,840.88,77283215,54.987,0.065,12.663,0.015,804.7,0.957,835.642,0.994,0.002,0.000
7,3,4294967295,1325,61,aclnnInplaceNormal_BroadcastToAiCore_BroadcastTo,BroadcastTo,dynamic,AI_VECTOR_CORE,1783598303506449.015	,503.695,0.124000,56,0,NO,"""1;3""",FLOAT;INT64,ND;ND,"""131072,12,128""",FLOAT,ND,N/A,0.0,0,0.0,0.0,0.0,0.0,0.0,0.0,0.0,0.0,0.0,0.0,0.0,0.0,0.0,503.45,45535368,0.555,0.001,2.166,0.004,0.635,0.001,500.992,0.995,0.033,0.000
7,3,4294967295,1326,61,aclnnInplaceNormal_BroadcastToAiCore_BroadcastTo,BroadcastTo,dynamic,AI_VECTOR_CORE,1783598303506952.732	,527.255,0.055000,56,0,NO,"""1;3""",FLOAT;INT64,ND;ND,"""131072,12,128""",FLOAT,ND,N/A,0.0,0,0.0,0.0,0.0,0.0,0.0,0.0,0.0,0.0,0.0,0.0,0.0,0.0,0.0,526.97,48103953,0.174,0.0,2.549,0.005,0.522,0.001,525.079,0.996,0.0,0.000
7,3,4294967295,1327,61,aclnnInplaceNormal_StatelessNormalAiCore_StatelessNormal,StatelessNormal,dynamic,MIX_AIV,1783598303507480.009	,10136.201,0.000000,56,0,NO,"""3;1;1;131072,12,128;131072,12,128""",INT64;INT64;INT64;FLOAT;FLOAT,ND;ND;ND;ND;ND,"""131072,12,128""",FLOAT,NCL,N/A,0.0,0,0.0,0.0,0.0,0.0,0.0,0.0,0.0,0.0,0.0,0.0,0.0,0.0,0.0,10135.92,855315702,10132.275,1.0,1.653,0.0,0.45,0.0,0.001,0.0,0.023,0.000
7,3,4294967295,1328,61,aclnnInplaceNormal_MulAiCore_Mul,Mul,dynamic,AI_VECTOR_CORE,1783598303517616.232	,1088.587,0.049000,56,0,NO,"""131072,12,128;""",FLOAT;FLOAT,NCL;ND,"""131072,12,128""",FLOAT,ND,N/A,0.0,0,0.0,0.0,0.0,0.0,0.0,0.0,0.0,0.0,0.0,0.0,0.0,0.0,0.0,1088.3,99893283,77.855,0.072,15.734,0.014,1078.826,0.991,1047.564,0.963,0.002,0.000
7,3,4294967295,1329,61,aclnnInplaceNormal_AddAiCore_Add,Add,dynamic,AI_VECTOR_CORE,1783598303518704.841	,1117.280,0.000000,56,0,NO,"""131072,12,128;""",FLOAT;FLOAT,ND;ND,"""131072,12,128""",FLOAT,ND,N/A,0.0,0,0.0,0.0,0.0,0.0,0.0,0.0,0.0,0.0,0.0,0.0,0.0,0.0,0.0,1116.99,102089987,77.99,0.07,16.181,0.014,1108.39,0.992,1079.518,0.966,0.002,0.000
7,3,4294967295,1330,61,aclnnInplaceNormal_CastAiCore_Cast,Cast,dynamic,AI_VECTOR_CORE,1783598303519822.143	,826.309,0.220000,56,0,NO,"""131072,12,128""",FLOAT,ND,"""131072,12,128""",DT_BF16,ND,N/A,0.0,0,0.0,0.0,0.0,0.0,0.0,0.0,0.0,0.0,0.0,0.0,0.0,0.0,0.0,826.06,75294023,49.219,0.06,12.62,0.015,823.549,0.997,727.439,0.881,0.002,0.000
7,3,4294967295,1331,61,aclnnInplaceNormal_CastAiCore_Cast,Cast,dynamic,AI_VECTOR_CORE,1783598303520648.474	,250.701,0.000000,56,0,NO,"""131072,4,128""",DT_BF16,NCL,"""131072,4,128""",FLOAT,NCL,N/A,0.0,0,0.0,0.0,0.0,0.0,0.0,0.0,0.0,0.0,0.0,0.0,0.0,0.0,0.0,250.46,22984268,18.358,0.073,4.537,0.018,235.102,0.939,245.498,0.98,0.004,0.000
7,3,4294967295,1332,61,aclnnInplaceNormal_BroadcastToAiCore_BroadcastTo,BroadcastTo,dynamic,AI_VECTOR_CORE,1783598303520899.197	,157.362,0.049000,56,0,NO,"""1;3""",FLOAT;INT64,ND;ND,"""131072,4,128""",FLOAT,ND,N/A,0.0,0,0.0,0.0,0.0,0.0,0.0,0.0,0.0,0.0,0.0,0.0,0.0,0.0,0.0,157.11,14228721,0.302,0.002,1.935,0.012,0.399,0.003,154.769,0.985,0.022,0.000
7,3,4294967295,1333,61,aclnnInplaceNormal_BroadcastToAiCore_BroadcastTo,BroadcastTo,dynamic,AI_VECTOR_CORE,1783598303521056.581	,177.007,0.000000,56,0,NO,"""1;3""",FLOAT;INT64,ND;ND,"""131072,4,128""",FLOAT,ND,N/A,0.0,0,0.0,0.0,0.0,0.0,0.0,0.0,0.0,0.0,0.0,0.0,0.0,0.0,0.0,176.76,15982681,0.131,0.001,1.638,0.009,0.606,0.003,175.1,0.991,0.0,0.000
7,3,4294967295,1334,61,aclnnInplaceNormal_StatelessNormalAiCore_StatelessNormal,StatelessNormal,dynamic,MIX_AIV,1783598303521233.610	,3428.933,0.000000,56,0,NO,"""3;1;1;131072,4,128;131072,4,128""",INT64;INT64;INT64;FLOAT;FLOAT,ND;ND;ND;ND;ND,"""131072,4,128""",FLOAT,NCL,N/A,0.0,0,0.0,0.0,0.0,0.0,0.0,0.0,0.0,0.0,0.0,0.0,0.0,0.0,0.0,3428.64,289242098,3426.311,0.999,1.58,0.0,0.534,0.0,0.001,0.0,0.022,0.000
7,3,4294967295,1335,61,aclnnInplaceNormal_MulAiCore_Mul,Mul,dynamic,AI_VECTOR_CORE,1783598303524662.565	,348.690,0.067000,56,0,NO,"""131072,4,128;""",FLOAT;FLOAT,NCL;ND,"""131072,4,128""",FLOAT,ND,N/A,0.0,0,0.0,0.0,0.0,0.0,0.0,0.0,0.0,0.0,0.0,0.0,0.0,0.0,0.0,348.39,31744485,26.425,0.076,5.964,0.017,343.856,0.987,336.98,0.967,0.002,0.000
7,3,4294967295,1336,61,aclnnInplaceNormal_AddAiCore_Add,Add,dynamic,AI_VECTOR_CORE,1783598303525011.277	,368.807,0.060000,56,0,NO,"""131072,4,128;""",FLOAT;FLOAT,ND;ND,"""131072,4,128""",FLOAT,ND,N/A,0.0,0,0.0,0.0,0.0,0.0,0.0,0.0,0.0,0.0,0.0,0.0,0.0,0.0,0.0,368.5,33613409,26.424,0.072,5.78,0.016,364.32,0.989,360.587,0.979,0.002,0.000
7,3,4294967295,1337,61,aclnnInplaceNormal_CastAiCore_Cast,Cast,dynamic,AI_VECTOR_CORE,1783598303525380.106	,278.920,0.000000,56,0,NO,"""131072,4,128""",FLOAT,ND,"""131072,4,128""",DT_BF16,ND,N/A,0.0,0,0.0,0.0,0.0,0.0,0.0,0.0,0.0,0.0,0.0,0.0,0.0,0.0,0.0,278.62,25489494,16.345,0.059,4.842,0.017,275.815,0.99,244.586,0.878,0.004,0.000
7,3,4294967295,1338,61,aclnnInplaceNormal_CastAiCore_Cast,Cast,dynamic,AI_VECTOR_CORE,1783598303525659.048	,242.905,0.080000,56,0,NO,"""131072,4,128""",DT_BF16,NCL,"""131072,4,128""",FLOAT,NCL,N/A,0.0,0,0.0,0.0,0.0,0.0,0.0,0.0,0.0,0.0,0.0,0.0,0.0,0.0,0.0,242.31,22262498,18.336,0.076,4.539,0.019,225.924,0.932,237.786,0.981,0.005,0.000
7,3,4294967295,1339,61,aclnnInplaceNormal_BroadcastToAiCore_BroadcastTo,BroadcastTo,dynamic,AI_VECTOR_CORE,1783598303525901.975	,157.672,0.095000,56,0,NO,"""1;3""",FLOAT;INT64,ND;ND,"""131072,4,128""",FLOAT,ND,N/A,0.0,0,0.0,0.0,0.0,0.0,0.0,0.0,0.0,0.0,0.0,0.0,0.0,0.0,0.0,157.43,14194160,0.326,0.002,1.533,0.01,0.884,0.006,154.893,0.984,0.023,0.000
7,3,4294967295,1340,61,aclnnInplaceNormal_BroadcastToAiCore_BroadcastTo,BroadcastTo,dynamic,AI_VECTOR_CORE,1783598303526059.669	,177.739,0.078000,56,0,NO,"""1;3""",FLOAT;INT64,ND;ND,"""131072,4,128""",FLOAT,ND,N/A,0.0,0,0.0,0.0,0.0,0.0,0.0,0.0,0.0,0.0,0.0,0.0,0.0,0.0,0.0,177.5,15941088,0.132,0.001,1.593,0.009,0.698,0.004,175.794,0.99,0.0,0.000
7,3,4294967295,1341,61,aclnnInplaceNormal_StatelessNormalAiCore_StatelessNormal,StatelessNormal,dynamic,MIX_AIV,1783598303526237.430	,3445.084,0.011000,56,0,NO,"""3;1;1;131072,4,128;131072,4,128""",INT64;INT64;INT64;FLOAT;FLOAT,ND;ND;ND;ND;ND,"""131072,4,128""",FLOAT,NCL,N/A,0.0,0,0.0,0.0,0.0,0.0,0.0,0.0,0.0,0.0,0.0,0.0,0.0,0.0,0.0,3444.85,289835156,3442.401,0.999,1.669,0.0,0.329,0.0,0.001,0.0,0.023,0.000
7,3,4294967295,1342,61,aclnnInplaceNormal_MulAiCore_Mul,Mul,dynamic,AI_VECTOR_CORE,1783598303529682.536	,350.279,0.000000,56,0,NO,"""131072,4,128;""",FLOAT;FLOAT,NCL;ND,"""131072,4,128""",FLOAT,ND,N/A,0.0,0,0.0,0.0,0.0,0.0,0.0,0.0,0.0,0.0,0.0,0.0,0.0,0.0,0.0,350.0,31845214,26.394,0.075,6.009,0.017,345.544,0.987,337.866,0.965,0.002,0.000
7,3,4294967295,1343,61,aclnnInplaceNormal_AddAiCore_Add,Add,dynamic,AI_VECTOR_CORE,1783598303530032.837	,369.150,0.000000,56,0,NO,"""131072,4,128;""",FLOAT;FLOAT,ND;ND,"""131072,4,128""",FLOAT,ND,N/A,0.0,0,0.0,0.0,0.0,0.0,0.0,0.0,0.0,0.0,0.0,0.0,0.0,0.0,0.0,368.87,33619878,26.356,0.071,5.909,0.016,364.561,0.988,358.497,0.972,0.002,0.000
7,3,4294967295,1344,61,aclnnInplaceNormal_CastAiCore_Cast,Cast,dynamic,AI_VECTOR_CORE,1783598303530402.009	,270.313,0.100000,56,0,NO,"""131072,4,128""",FLOAT,ND,"""131072,4,128""",DT_BF16,ND,N/A,0.0,0,0.0,0.0,0.0,0.0,0.0,0.0,0.0,0.0,0.0,0.0,0.0,0.0,0.0,270.03,24198718,16.686,0.062,4.788,0.018,267.898,0.992,230.463,0.853,0.004,0.000
7,3,4294967295,1345,61,aclnnInplaceNormal_CastAiCore_Cast,Cast,dynamic,AI_VECTOR_CORE,1783598303530672.344	,857.248,0.000000,56,0,NO,"""131072,12,128""",DT_BF16,NCL,"""131072,12,128""",FLOAT,NCL,N/A,0.0,0,0.0,0.0,0.0,0.0,0.0,0.0,0.0,0.0,0.0,0.0,0.0,0.0,0.0,856.96,78886948,54.899,0.064,13.052,0.015,814.897,0.951,852.005,0.994,0.002,0.000
7,3,4294967295,1346,61,aclnnInplaceNormal_BroadcastToAiCore_BroadcastTo,BroadcastTo,dynamic,AI_VECTOR_CORE,1783598303531529.614	,503.483,0.002000,56,0,NO,"""1;3""",FLOAT;INT64,ND;ND,"""131072,12,128""",FLOAT,ND,N/A,0.0,0,0.0,0.0,0.0,0.0,0.0,0.0,0.0,0.0,0.0,0.0,0.0,0.0,0.0,503.24,45712309,0.589,0.001,2.368,0.005,0.83,0.002,500.356,0.994,0.015,0.000
7,3,4294967295,1347,61,aclnnInplaceNormal_BroadcastToAiCore_BroadcastTo,BroadcastTo,dynamic,AI_VECTOR_CORE,1783598303532033.119	,525.614,0.017000,56,0,NO,"""1;3""",FLOAT;INT64,ND;ND,"""131072,12,128""",FLOAT,ND,N/A,0.0,0,0.0,0.0,0.0,0.0,0.0,0.0,0.0,0.0,0.0,0.0,0.0,0.0,0.0,525.37,47476070,0.176,0.0,2.59,0.005,0.668,0.001,523.283,0.996,0.0,0.000
7,3,4294967295,1348,61,aclnnInplaceNormal_StatelessNormalAiCore_StatelessNormal,StatelessNormal,dynamic,MIX_AIV,1783598303532558.755	,10090.047,0.136000,56,0,NO,"""3;1;1;131072,12,128;131072,12,128""",INT64;INT64;INT64;FLOAT;FLOAT,ND;ND;ND;ND;ND,"""131072,12,128""",FLOAT,NCL,N/A,0.0,0,0.0,0.0,0.0,0.0,0.0,0.0,0.0,0.0,0.0,0.0,0.0,0.0,0.0,10089.81,855089983,10087.585,1.0,1.187,0.0,0.602,0.0,0.001,0.0,0.022,0.000
7,3,4294967295,1349,61,aclnnInplaceNormal_MulAiCore_Mul,Mul,dynamic,AI_VECTOR_CORE,1783598303542648.824	,1089.260,0.000000,56,0,NO,"""131072,12,128;""",FLOAT;FLOAT,NCL;ND,"""131072,12,128""",FLOAT,ND,N/A,0.0,0,0.0,0.0,0.0,0.0,0.0,0.0,0.0,0.0,0.0,0.0,0.0,0.0,0.0,1089.02,100012003,77.614,0.071,15.67,0.014,1081.296,0.993,1051.822,0.966,0.001,0.000
7,3,4294967295,1350,61,aclnnInplaceNormal_AddAiCore_Add,Add,dynamic,AI_VECTOR_CORE,1783598303543738.106	,1114.859,0.000000,56,0,NO,"""131072,12,128;""",FLOAT;FLOAT,ND;ND,"""131072,12,128""",FLOAT,ND,N/A,0.0,0,0.0,0.0,0.0,0.0,0.0,0.0,0.0,0.0,0.0,0.0,0.0,0.0,0.0,1114.56,101941873,77.909,0.07,16.2,0.015,1106.908,0.993,1078.818,0.968,0.001,0.000
7,3,4294967295,1351,61,aclnnInplaceNormal_CastAiCore_Cast,Cast,dynamic,AI_VECTOR_CORE,1783598303544852.987	,827.651,0.141000,56,0,NO,"""131072,12,128""",FLOAT,ND,"""131072,12,128""",DT_BF16,ND,N/A,0.0,0,0.0,0.0,0.0,0.0,0.0,0.0,0.0,0.0,0.0,0.0,0.0,0.0,0.0,827.35,75130374,49.402,0.06,13.179,0.016,824.776,0.997,736.913,0.891,0.002,0.000
7,3,4294967295,1352,61,aclnnInplaceCopy_TensorMoveAiCore_TensorMove,TensorMove,dynamic,AI_VECTOR_CORE,1783598303545680.660	,537.440,0.099000,56,0,NO,"""131072,12,128""",DT_BF16,NCL,"""131072,12,128""",DT_BF16,NCL,N/A,0.0,0,0.0,0.0,0.0,0.0,0.0,0.0,0.0,0.0,0.0,0.0,0.0,0.0,0.0,537.14,48999521,0.0,0.0,5.713,0.011,456.872,0.851,483.621,0.9,0.011,0.000
7,3,4294967295,1353,61,aclnnInplaceCopy_TensorMoveAiCore_TensorMove,TensorMove,dynamic,AI_VECTOR_CORE,1783598303546218.122	,186.240,0.000000,56,0,NO,"""131072,4,128""",DT_BF16,NCL,"""131072,4,128""",DT_BF16,NCL,N/A,0.0,0,0.0,0.0,0.0,0.0,0.0,0.0,0.0,0.0,0.0,0.0,0.0,0.0,0.0,185.94,16894860,0.0,0.0,2.635,0.014,152.431,0.82,167.149,0.899,0.0,0.000
7,3,4294967295,1354,61,aclnnInplaceCopy_TensorMoveAiCore_TensorMove,TensorMove,dynamic,AI_VECTOR_CORE,1783598303546404.384	,183.125,0.260000,56,0,NO,"""131072,4,128""",DT_BF16,NCL,"""131072,4,128""",DT_BF16,NCL,N/A,0.0,0,0.0,0.0,0.0,0.0,0.0,0.0,0.0,0.0,0.0,0.0,0.0,0.0,0.0,182.88,16510938,0.0,0.0,2.216,0.012,149.35,0.817,163.686,0.895,0.0,0.000
7,3,4294967295,1355,61,aclnnInplaceZero_ZerosLikeAiCore_ZerosLike,ZerosLike,dynamic,AI_VECTOR_CORE,1783598303546587.531	,219.116,0.000000,56,0,NO,"""131072,12,128""",DT_BF16,NCL,"""131072,12,128""",DT_BF16,NCL,N/A,0.0,0,0.0,0.0,0.0,0.0,0.0,0.0,0.0,0.0,0.0,0.0,0.0,0.0,0.0,218.87,19996165,18.925,0.086,1.301,0.006,0.347,0.002,216.283,0.988,0.023,0.000
7,3,4294967295,1356,61,aclnnInplaceZero_ZerosLikeAiCore_ZerosLike,ZerosLike,dynamic,AI_VECTOR_CORE,1783598303546806.669	,6.806,0.134000,56,0,NO,"""12,131072""",FLOAT,ND,"""12,131072""",FLOAT,ND,N/A,0.0,0,0.0,0.0,0.0,0.0,0.0,0.0,0.0,0.0,0.0,0.0,0.0,0.0,0.0,6.56,526199,0.705,0.107,0.752,0.115,0.319,0.049,3.512,0.535,0.127,0.000
7,3,4294967295,1357,61,aclnnAdds_AddAiCore_Add,Add,dynamic,AI_VECTOR_CORE,1783598303546813.497	,5.466,0.000000,50,0,NO,"""1572864;""",FLOAT;FLOAT,ND;ND,"""12,131072""",FLOAT,ND,N/A,0.0,0,0.0,0.0,0.0,0.0,0.0,0.0,0.0,0.0,0.0,0.0,0.0,0.0,0.0,5.22,358251,1.239,0.237,0.874,0.168,2.775,0.532,3.595,0.689,0.0,0.000
7,3,4294967295,1358,61,aclnnInplaceZero_ZerosLikeAiCore_ZerosLike,ZerosLike,dynamic,AI_VECTOR_CORE,1783598303546818.985	,501.805,0.034000,56,0,NO,"""131072,12,128""",FLOAT,NCL,"""131072,12,128""",FLOAT,NCL,N/A,0.0,0,0.0,0.0,0.0,0.0,0.0,0.0,0.0,0.0,0.0,0.0,0.0,0.0,0.0,501.53,46068084,36.884,0.074,1.864,0.004,0.515,0.001,500.285,0.998,0.0,0.000
7,3,4294967295,1359,61,_swa_fwd_kernel,_swa_fwd_kernel,static,AI_CORE,1783598303547320.812	,4481.470,0.000000,28,56,NO,"""131072,12,128;131072,4,128""",DT_BF16;DT_BF16,ND;ND,"""131072,12,128;131072,12,128;12,131072""",DT_BF16;FLOAT;FLOAT,ND;ND;ND,N/A,4481.15,206194090,3030.683,0.676,1309.855,0.292,1660.798,0.371,2961.163,0.661,0.001,0.0,2661.038,0.594,0.0,4481.17,412424357,3914.716,0.874,1495.605,0.334,1105.557,0.247,1446.71,0.323,0.0,99.590
7,3,4294967295,1360,61,aclnnInplaceZero_ZerosLikeAiCore_ZerosLike,ZerosLike,dynamic,AI_VECTOR_CORE,1783598303551802.304	,4.645,0.030000,56,0,NO,"""12,131072""",FLOAT,ND,"""12,131072""",FLOAT,ND,N/A,0.0,0,0.0,0.0,0.0,0.0,0.0,0.0,0.0,0.0,0.0,0.0,0.0,0.0,0.0,4.37,324060,0.567,0.13,1.337,0.306,0.328,0.075,2.167,0.496,0.0,0.000
7,3,4294967295,1361,61,_swa_bwd_preprocess,_swa_bwd_preprocess,static,AI_VECTOR_CORE,1783598303551806.971	,830.238,0.105000,56,0,NO,"""131072,12,128;131072,12,128""",FLOAT;DT_BF16,ND;ND,"""12,131072""",FLOAT,ND,N/A,0.0,0,0.0,0.0,0.0,0.0,0.0,0.0,0.0,0.0,0.0,0.0,0.0,0.0,0.0,829.99,75644295,92.314,0.111,33.296,0.04,827.472,0.997,60.294,0.073,0.001,0.000
7,3,4294967295,1362,61,aclnnInplaceZero_ZerosLikeAiCore_ZerosLike,ZerosLike,dynamic,AI_VECTOR_CORE,1783598303552637.231	,200.584,0.012000,56,0,NO,"""131072,12,128""",DT_BF16,NCL,"""131072,12,128""",DT_BF16,NCL,N/A,0.0,0,0.0,0.0,0.0,0.0,0.0,0.0,0.0,0.0,0.0,0.0,0.0,0.0,0.0,200.34,18149067,19.198,0.096,1.585,0.008,0.221,0.001,197.412,0.985,0.028,0.000
7,3,4294967295,1363,61,aclnnInplaceZero_ZerosLikeAiCore_ZerosLike,ZerosLike,dynamic,AI_VECTOR_CORE,1783598303552837.837	,86.945,0.000000,56,0,NO,"""131072,4,128""",DT_BF16,NCL,"""131072,4,128""",DT_BF16,NCL,N/A,0.0,0,0.0,0.0,0.0,0.0,0.0,0.0,0.0,0.0,0.0,0.0,0.0,0.0,0.0,86.7,7860305,6.226,0.072,0.871,0.01,0.6,0.007,85.143,0.982,0.0,0.000
7,3,4294967295,1364,61,aclnnInplaceZero_ZerosLikeAiCore_ZerosLike,ZerosLike,dynamic,AI_VECTOR_CORE,1783598303552924.804	,84.720,0.055000,56,0,NO,"""131072,4,128""",DT_BF16,NCL,"""131072,4,128""",DT_BF16,NCL,N/A,0.0,0,0.0,0.0,0.0,0.0,0.0,0.0,0.0,0.0,0.0,0.0,0.0,0.0,0.0,84.47,7705246,6.188,0.073,1.033,0.012,0.327,0.004,83.017,0.983,0.0,0.000
7,3,4294967295,1365,61,_swa_bwd_dkdv_kernel,_swa_bwd_dkdv_kernel,static,AI_CORE,1783598303553009.546	,9709.888,0.030000,28,56,NO,"""131072,12,128;12,131072;12,131072""",DT_BF16;FLOAT;FLOAT,ND;ND;ND,"""131072,4,128;131072,4,128""",DT_BF16;DT_BF16,ND;ND,N/A,9709.55,391289559,7353.185,0.757,4257.117,0.438,7824.88,0.806,9441.3,0.972,0.001,0.0,2471.307,0.255,0.0,9709.57,782560841,5146.97,0.53,4210.228,0.434,4060.749,0.418,1628.417,0.168,0.0,87.225
7,3,4294967295,1366,61,_swa_bwd_dq_kernel,_swa_bwd_dq_kernel,static,AI_CORE,1783598303562719.456	,5382.145,0.112000,28,56,NO,"""131072,12,128;12,131072;12,131072;131072,12,128""",DT_BF16;FLOAT;FLOAT;DT_BF16,ND;ND;ND;ND,"""131072,12,128""",DT_BF16,ND,N/A,5381.8,247976740,4264.574,0.792,1645.354,0.306,2926.33,0.544,3908.769,0.726,0.001,0.0,1939.581,0.36,0.0,5381.83,495951591,2249.309,0.418,1014.835,0.189,913.601,0.17,765.594,0.142,0.0,99.727
8,3,4294967295,1367,61,aclnnInplaceRandom_StatelessRandomAiCore_StatelessRandom,StatelessRandom,dynamic,AI_VECTOR_CORE,1783598303569527.532	,6.500,1425.855000,1,0,NO,"""1;1;1;;""",INT64;INT64;INT64;INT64;INT64,ND;ND;ND;ND;ND,"""1""",INT32,ND,N/A,0.0,0,0.0,0.0,0.0,0.0,0.0,0.0,0.0,0.0,0.0,0.0,0.0,0.0,0.0,5.88,9372,3.732,0.635,1.009,0.172,0.346,0.059,0.003,0.0,0.028,0.000
8,3,4294967295,1368,61,aclnnClamp_ClipByValueV2AiCore_ClipByValueV2,ClipByValueV2,dynamic,AI_VECTOR_CORE,1783598303569623.158	,2.741,89.250000,1,0,NO,"""1;;""",INT32;INT32;INT32,ND;ND;ND,"""1""",INT32,ND,N/A,0.0,0,0.0,0.0,0.0,0.0,0.0,0.0,0.0,0.0,0.0,0.0,0.0,0.0,0.0,2.47,3747,0.295,0.12,0.646,0.262,0.619,0.251,0.074,0.03,0.136,0.000
8,3,4294967295,1369,61,aclnnCumsum_CastAiCore_Cast,Cast,dynamic,AI_VECTOR_CORE,1783598303570016.574	,2.376,390.509000,1,0,NO,"""1""",INT32,ND,"""1""",INT64,ND,N/A,0.0,0,0.0,0.0,0.0,0.0,0.0,0.0,0.0,0.0,0.0,0.0,0.0,0.0,0.0,2.1,3150,0.399,0.19,0.685,0.326,0.324,0.154,0.339,0.162,0.05,0.000
8,3,4294967295,1370,61,aclnnCumsum_CumsumAiCore_Cumsum,Cumsum,dynamic,AI_VECTOR_CORE,1783598303570021.140	,2.132,2.374000,1,0,NO,"""1;1""",INT64;INT64,ND;ND,"""1""",INT64,ND,N/A,0.0,0,0.0,0.0,0.0,0.0,0.0,0.0,0.0,0.0,0.0,0.0,0.0,0.0,0.0,1.86,2740,0.412,0.222,0.814,0.438,0.344,0.185,0.202,0.108,0.327,0.000
8,3,4294967295,1371,61,aclnnInplaceCopy_CastAiCore_Cast,Cast,dynamic,AI_VECTOR_CORE,1783598303570191.777	,1.880,168.368000,1,0,NO,"""1""",INT64,ND,"""1""",INT32,ND,N/A,0.0,0,0.0,0.0,0.0,0.0,0.0,0.0,0.0,0.0,0.0,0.0,0.0,0.0,0.0,1.65,2399,0.404,0.245,0.594,0.36,0.206,0.125,0.086,0.052,0.052,0.000
8,3,4294967295,1372,61,aclnnCat_ConcatD_ConcatD,ConcatD,dynamic,AI_VECTOR_CORE,1783598303570291.368	,2.749,97.620000,1,0,NO,"""1;1""",INT32;INT32,ND;ND,"""2""",INT32,ND,N/A,0.0,0,0.0,0.0,0.0,0.0,0.0,0.0,0.0,0.0,0.0,0.0,0.0,0.0,0.0,2.52,3835,0.501,0.199,1.184,0.47,0.752,0.299,0.082,0.033,0.217,0.000
8,3,4294967295,1373,61,aclnnCumsum_CastAiCore_Cast,Cast,dynamic,AI_VECTOR_CORE,1783598303570641.069	,1.447,347.001000,1,0,NO,"""1""",INT32,ND,"""1""",INT64,ND,N/A,0.0,0,0.0,0.0,0.0,0.0,0.0,0.0,0.0,0.0,0.0,0.0,0.0,0.0,0.0,1.22,1692,0.131,0.107,0.597,0.489,0.357,0.293,0.089,0.073,0.051,0.000
8,3,4294967295,1374,61,aclnnCumsum_CumsumAiCore_Cumsum,Cumsum,dynamic,AI_VECTOR_CORE,1783598303570645.537	,1.792,3.053000,1,0,NO,"""1;1""",INT64;INT64,ND;ND,"""1""",INT64,ND,N/A,0.0,0,0.0,0.0,0.0,0.0,0.0,0.0,0.0,0.0,0.0,0.0,0.0,0.0,0.0,1.56,2257,0.135,0.087,0.938,0.601,0.478,0.306,0.087,0.056,0.32,0.000
8,3,4294967295,1375,61,aclnnInplaceCopy_CastAiCore_Cast,Cast,dynamic,AI_VECTOR_CORE,1783598303570804.652	,2.019,157.458000,1,0,NO,"""1""",INT64,ND,"""1""",INT32,ND,N/A,0.0,0,0.0,0.0,0.0,0.0,0.0,0.0,0.0,0.0,0.0,0.0,0.0,0.0,0.0,1.73,2533,0.133,0.077,0.725,0.419,0.488,0.282,0.352,0.203,0.052,0.000
8,3,4294967295,1376,61,aclnnCat_ConcatD_ConcatD,ConcatD,dynamic,AI_VECTOR_CORE,1783598303570893.776	,2.289,86.981000,1,0,NO,"""1;1""",INT32;INT32,ND;ND,"""2""",INT32,ND,N/A,0.0,0,0.0,0.0,0.0,0.0,0.0,0.0,0.0,0.0,0.0,0.0,0.0,0.0,0.0,2.0,2977,0.176,0.088,1.2,0.6,0.754,0.377,0.085,0.042,0.22,0.000
8,3,4294967295,1377,61,aclnnInplaceNormal_CastAiCore_Cast,Cast,dynamic,AI_VECTOR_CORE,1783598303571318.161	,848.967,422.211000,56,0,NO,"""131072,12,128""",DT_BF16,NCL,"""131072,12,128""",FLOAT,NCL,N/A,0.0,0,0.0,0.0,0.0,0.0,0.0,0.0,0.0,0.0,0.0,0.0,0.0,0.0,0.0,848.66,77516352,55.326,0.065,12.838,0.015,817.093,0.963,842.671,0.993,0.002,0.000
8,3,4294967295,1378,61,aclnnInplaceNormal_BroadcastToAiCore_BroadcastTo,BroadcastTo,dynamic,AI_VECTOR_CORE,1783598303572167.150	,505.363,0.033000,56,0,NO,"""1;3""",FLOAT;INT64,ND;ND,"""131072,12,128""",FLOAT,ND,N/A,0.0,0,0.0,0.0,0.0,0.0,0.0,0.0,0.0,0.0,0.0,0.0,0.0,0.0,0.0,505.06,46032262,0.28,0.001,2.163,0.004,0.688,0.001,502.795,0.996,0.033,0.000
8,3,4294967295,1379,61,aclnnInplaceNormal_BroadcastToAiCore_BroadcastTo,BroadcastTo,dynamic,AI_VECTOR_CORE,1783598303572672.535	,526.009,0.000000,56,0,NO,"""1;3""",FLOAT;INT64,ND;ND,"""131072,12,128""",FLOAT,ND,N/A,0.0,0,0.0,0.0,0.0,0.0,0.0,0.0,0.0,0.0,0.0,0.0,0.0,0.0,0.0,525.76,47760652,0.175,0.0,2.544,0.005,0.586,0.001,523.81,0.996,0.0,0.000
8,3,4294967295,1380,61,aclnnInplaceNormal_StatelessNormalAiCore_StatelessNormal,StatelessNormal,dynamic,MIX_AIV,1783598303573198.566	,10136.538,0.000000,56,0,NO,"""3;1;1;131072,12,128;131072,12,128""",INT64;INT64;INT64;FLOAT;FLOAT,ND;ND;ND;ND;ND,"""131072,12,128""",FLOAT,NCL,N/A,0.0,0,0.0,0.0,0.0,0.0,0.0,0.0,0.0,0.0,0.0,0.0,0.0,0.0,0.0,10136.3,855745550,10132.874,1.0,1.495,0.0,0.491,0.0,0.001,0.0,0.023,0.000
8,3,4294967295,1381,61,aclnnInplaceNormal_MulAiCore_Mul,Mul,dynamic,AI_VECTOR_CORE,1783598303583335.126	,1089.848,0.212000,56,0,NO,"""131072,12,128;""",FLOAT;FLOAT,NCL;ND,"""131072,12,128""",FLOAT,ND,N/A,0.0,0,0.0,0.0,0.0,0.0,0.0,0.0,0.0,0.0,0.0,0.0,0.0,0.0,0.0,1089.6,99854199,77.76,0.071,16.054,0.015,1081.487,0.993,1051.992,0.965,0.002,0.000
8,3,4294967295,1382,61,aclnnInplaceNormal_AddAiCore_Add,Add,dynamic,AI_VECTOR_CORE,1783598303584424.996	,1115.824,0.000000,56,0,NO,"""131072,12,128;""",FLOAT;FLOAT,ND;ND,"""131072,12,128""",FLOAT,ND,N/A,0.0,0,0.0,0.0,0.0,0.0,0.0,0.0,0.0,0.0,0.0,0.0,0.0,0.0,0.0,1115.58,102389279,77.764,0.07,16.247,0.015,1105.893,0.991,1069.695,0.959,0.002,0.000
8,3,4294967295,1383,61,aclnnInplaceNormal_CastAiCore_Cast,Cast,dynamic,AI_VECTOR_CORE,1783598303585540.842	,828.241,0.000000,56,0,NO,"""131072,12,128""",FLOAT,ND,"""131072,12,128""",DT_BF16,ND,N/A,0.0,0,0.0,0.0,0.0,0.0,0.0,0.0,0.0,0.0,0.0,0.0,0.0,0.0,0.0,827.94,74469501,49.875,0.06,13.062,0.016,824.938,0.996,737.962,0.891,0.002,0.000
8,3,4294967295,1384,61,aclnnInplaceNormal_CastAiCore_Cast,Cast,dynamic,AI_VECTOR_CORE,1783598303586369.105	,252.921,0.009000,56,0,NO,"""131072,4,128""",DT_BF16,NCL,"""131072,4,128""",FLOAT,NCL,N/A,0.0,0,0.0,0.0,0.0,0.0,0.0,0.0,0.0,0.0,0.0,0.0,0.0,0.0,0.0,252.62,23152552,18.381,0.073,4.713,0.019,236.18,0.935,247.81,0.981,0.004,0.000
8,3,4294967295,1385,61,aclnnInplaceNormal_BroadcastToAiCore_BroadcastTo,BroadcastTo,dynamic,AI_VECTOR_CORE,1783598303586622.048	,156.643,0.079000,56,0,NO,"""1;3""",FLOAT;INT64,ND;ND,"""131072,4,128""",FLOAT,ND,N/A,0.0,0,0.0,0.0,0.0,0.0,0.0,0.0,0.0,0.0,0.0,0.0,0.0,0.0,0.0,156.34,14019080,0.296,0.002,1.991,0.013,0.449,0.003,153.892,0.984,0.022,0.000
8,3,4294967295,1386,61,aclnnInplaceNormal_BroadcastToAiCore_BroadcastTo,BroadcastTo,dynamic,AI_VECTOR_CORE,1783598303586778.713	,177.510,0.107000,56,0,NO,"""1;3""",FLOAT;INT64,ND;ND,"""131072,4,128""",FLOAT,ND,N/A,0.0,0,0.0,0.0,0.0,0.0,0.0,0.0,0.0,0.0,0.0,0.0,0.0,0.0,0.0,177.21,16016711,0.131,0.001,2.007,0.011,0.677,0.004,175.11,0.988,0.0,0.000
8,3,4294967295,1387,61,aclnnInplaceNormal_StatelessNormalAiCore_StatelessNormal,StatelessNormal,dynamic,MIX_AIV,1783598303586956.245	,3412.263,0.000000,56,0,NO,"""3;1;1;131072,4,128;131072,4,128""",INT64;INT64;INT64;FLOAT;FLOAT,ND;ND;ND;ND;ND,"""131072,4,128""",FLOAT,NCL,N/A,0.0,0,0.0,0.0,0.0,0.0,0.0,0.0,0.0,0.0,0.0,0.0,0.0,0.0,0.0,3412.04,289612948,3409.963,0.999,1.445,0.0,0.296,0.0,0.001,0.0,0.021,0.000
8,3,4294967295,1388,61,aclnnInplaceNormal_MulAiCore_Mul,Mul,dynamic,AI_VECTOR_CORE,1783598303590368.530	,349.844,0.000000,56,0,NO,"""131072,4,128;""",FLOAT;FLOAT,NCL;ND,"""131072,4,128""",FLOAT,ND,N/A,0.0,0,0.0,0.0,0.0,0.0,0.0,0.0,0.0,0.0,0.0,0.0,0.0,0.0,0.0,349.61,31895272,26.3,0.075,6.021,0.017,344.981,0.987,337.096,0.964,0.002,0.000
8,3,4294967295,1389,61,aclnnInplaceNormal_AddAiCore_Add,Add,dynamic,AI_VECTOR_CORE,1783598303590718.396	,370.364,0.156000,56,0,NO,"""131072,4,128;""",FLOAT;FLOAT,ND;ND,"""131072,4,128""",FLOAT,ND,N/A,0.0,0,0.0,0.0,0.0,0.0,0.0,0.0,0.0,0.0,0.0,0.0,0.0,0.0,0.0,370.13,33533614,26.532,0.072,5.875,0.016,365.902,0.989,361.354,0.976,0.002,0.000
8,3,4294967295,1390,61,aclnnInplaceNormal_CastAiCore_Cast,Cast,dynamic,AI_VECTOR_CORE,1783598303591088.782	,281.088,0.000000,56,0,NO,"""131072,4,128""",FLOAT,ND,"""131072,4,128""",DT_BF16,ND,N/A,0.0,0,0.0,0.0,0.0,0.0,0.0,0.0,0.0,0.0,0.0,0.0,0.0,0.0,0.0,280.86,25133057,16.711,0.06,5.166,0.018,278.259,0.991,245.651,0.875,0.004,0.000
8,3,4294967295,1391,61,aclnnInplaceNormal_CastAiCore_Cast,Cast,dynamic,AI_VECTOR_CORE,1783598303591369.892	,245.431,0.162000,56,0,NO,"""131072,4,128""",DT_BF16,NCL,"""131072,4,128""",FLOAT,NCL,N/A,0.0,0,0.0,0.0,0.0,0.0,0.0,0.0,0.0,0.0,0.0,0.0,0.0,0.0,0.0,245.11,22522949,18.333,0.075,4.549,0.019,231.148,0.943,240.253,0.98,0.005,0.000
8,3,4294967295,1392,61,aclnnInplaceNormal_BroadcastToAiCore_BroadcastTo,BroadcastTo,dynamic,AI_VECTOR_CORE,1783598303591615.345	,155.898,0.000000,56,0,NO,"""1;3""",FLOAT;INT64,ND;ND,"""131072,4,128""",FLOAT,ND,N/A,0.0,0,0.0,0.0,0.0,0.0,0.0,0.0,0.0,0.0,0.0,0.0,0.0,0.0,0.0,155.58,13955647,0.282,0.002,1.479,0.01,0.716,0.005,153.329,0.986,0.023,0.000
8,3,4294967295,1393,61,aclnnInplaceNormal_BroadcastToAiCore_BroadcastTo,BroadcastTo,dynamic,AI_VECTOR_CORE,1783598303591771.265	,176.764,0.102000,56,0,NO,"""1;3""",FLOAT;INT64,ND;ND,"""131072,4,128""",FLOAT,ND,N/A,0.0,0,0.0,0.0,0.0,0.0,0.0,0.0,0.0,0.0,0.0,0.0,0.0,0.0,0.0,176.44,15804968,0.132,0.001,1.626,0.009,0.754,0.004,174.647,0.99,0.0,0.000
8,3,4294967295,1394,61,aclnnInplaceNormal_StatelessNormalAiCore_StatelessNormal,StatelessNormal,dynamic,MIX_AIV,1783598303591948.051	,3476.849,0.000000,56,0,NO,"""3;1;1;131072,4,128;131072,4,128""",INT64;INT64;INT64;FLOAT;FLOAT,ND;ND;ND;ND;ND,"""131072,4,128""",FLOAT,NCL,N/A,0.0,0,0.0,0.0,0.0,0.0,0.0,0.0,0.0,0.0,0.0,0.0,0.0,0.0,0.0,3476.53,289711178,3473.704,0.999,1.901,0.001,0.602,0.0,0.001,0.0,0.023,0.000
8,3,4294967295,1395,61,aclnnInplaceNormal_MulAiCore_Mul,Mul,dynamic,AI_VECTOR_CORE,1783598303595424.922	,350.194,0.151000,56,0,NO,"""131072,4,128;""",FLOAT;FLOAT,NCL;ND,"""131072,4,128""",FLOAT,ND,N/A,0.0,0,0.0,0.0,0.0,0.0,0.0,0.0,0.0,0.0,0.0,0.0,0.0,0.0,0.0,349.96,31729683,26.506,0.076,6.199,0.018,345.376,0.987,336.286,0.961,0.002,0.000
8,3,4294967295,1396,61,aclnnInplaceNormal_AddAiCore_Add,Add,dynamic,AI_VECTOR_CORE,1783598303595775.138	,372.943,0.056000,56,0,NO,"""131072,4,128;""",FLOAT;FLOAT,ND;ND,"""131072,4,128""",FLOAT,ND,N/A,0.0,0,0.0,0.0,0.0,0.0,0.0,0.0,0.0,0.0,0.0,0.0,0.0,0.0,0.0,372.71,33662235,26.67,0.072,5.979,0.016,367.346,0.986,356.572,0.957,0.002,0.000
8,3,4294967295,1397,61,aclnnInplaceNormal_CastAiCore_Cast,Cast,dynamic,AI_VECTOR_CORE,1783598303596148.103	,281.468,0.000000,56,0,NO,"""131072,4,128""",FLOAT,ND,"""131072,4,128""",DT_BF16,ND,N/A,0.0,0,0.0,0.0,0.0,0.0,0.0,0.0,0.0,0.0,0.0,0.0,0.0,0.0,0.0,281.24,25660497,16.39,0.058,4.69,0.017,278.944,0.992,247.995,0.882,0.004,0.000
8,3,4294967295,1398,61,aclnnInplaceNormal_CastAiCore_Cast,Cast,dynamic,AI_VECTOR_CORE,1783598303596429.593	,850.010,0.032000,56,0,NO,"""131072,12,128""",DT_BF16,NCL,"""131072,12,128""",FLOAT,NCL,N/A,0.0,0,0.0,0.0,0.0,0.0,0.0,0.0,0.0,0.0,0.0,0.0,0.0,0.0,0.0,849.78,78156545,54.947,0.065,12.944,0.015,820.516,0.966,844.692,0.994,0.002,0.000
8,3,4294967295,1399,61,aclnnInplaceNormal_BroadcastToAiCore_BroadcastTo,BroadcastTo,dynamic,AI_VECTOR_CORE,1783598303597279.625	,500.345,0.000000,56,0,NO,"""1;3""",FLOAT;INT64,ND;ND,"""131072,12,128""",FLOAT,ND,N/A,0.0,0,0.0,0.0,0.0,0.0,0.0,0.0,0.0,0.0,0.0,0.0,0.0,0.0,0.0,499.71,45465155,0.435,0.001,2.108,0.004,0.576,0.001,497.447,0.995,0.015,0.000
8,3,4294967295,1400,61,aclnnInplaceNormal_BroadcastToAiCore_BroadcastTo,BroadcastTo,dynamic,AI_VECTOR_CORE,1783598303597779.992	,526.446,0.155000,56,0,NO,"""1;3""",FLOAT;INT64,ND;ND,"""131072,12,128""",FLOAT,ND,N/A,0.0,0,0.0,0.0,0.0,0.0,0.0,0.0,0.0,0.0,0.0,0.0,0.0,0.0,0.0,526.17,48062357,0.174,0.0,2.581,0.005,0.637,0.001,524.111,0.996,0.0,0.000
8,3,4294967295,1401,61,aclnnInplaceNormal_StatelessNormalAiCore_StatelessNormal,StatelessNormal,dynamic,MIX_AIV,1783598303598306.460	,10152.688,0.054000,56,0,NO,"""3;1;1;131072,12,128;131072,12,128""",INT64;INT64;INT64;FLOAT;FLOAT,ND;ND;ND;ND;ND,"""131072,12,128""",FLOAT,NCL,N/A,0.0,0,0.0,0.0,0.0,0.0,0.0,0.0,0.0,0.0,0.0,0.0,0.0,0.0,0.0,10152.42,855775368,10149.67,1.0,1.845,0.0,0.55,0.0,0.001,0.0,0.021,0.000
8,3,4294967295,1402,61,aclnnInplaceNormal_MulAiCore_Mul,Mul,dynamic,AI_VECTOR_CORE,1783598303608459.170	,1092.567,0.062000,56,0,NO,"""131072,12,128;""",FLOAT;FLOAT,NCL;ND,"""131072,12,128""",FLOAT,ND,N/A,0.0,0,0.0,0.0,0.0,0.0,0.0,0.0,0.0,0.0,0.0,0.0,0.0,0.0,0.0,1092.29,100192504,77.594,0.071,15.776,0.014,1082.446,0.991,1048.004,0.959,0.001,0.000
8,3,4294967295,1403,61,aclnnInplaceNormal_AddAiCore_Add,Add,dynamic,AI_VECTOR_CORE,1783598303609551.759	,1118.664,0.000000,56,0,NO,"""131072,12,128;""",FLOAT;FLOAT,ND;ND,"""131072,12,128""",FLOAT,ND,N/A,0.0,0,0.0,0.0,0.0,0.0,0.0,0.0,0.0,0.0,0.0,0.0,0.0,0.0,0.0,1118.42,102438143,77.866,0.07,16.027,0.014,1107.24,0.99,1069.057,0.956,0.001,0.000
8,3,4294967295,1404,61,aclnnInplaceNormal_CastAiCore_Cast,Cast,dynamic,AI_VECTOR_CORE,1783598303610670.445	,825.500,0.086000,56,0,NO,"""131072,12,128""",FLOAT,ND,"""131072,12,128""",DT_BF16,ND,N/A,0.0,0,0.0,0.0,0.0,0.0,0.0,0.0,0.0,0.0,0.0,0.0,0.0,0.0,0.0,825.25,75513911,49.027,0.059,12.664,0.015,822.915,0.997,725.881,0.88,0.002,0.000
8,3,4294967295,1405,61,aclnnInplaceCopy_TensorMoveAiCore_TensorMove,TensorMove,dynamic,AI_VECTOR_CORE,1783598303611495.967	,537.964,0.000000,56,0,NO,"""131072,12,128""",DT_BF16,NCL,"""131072,12,128""",DT_BF16,NCL,N/A,0.0,0,0.0,0.0,0.0,0.0,0.0,0.0,0.0,0.0,0.0,0.0,0.0,0.0,0.0,537.72,49047618,0.0,0.0,5.517,0.01,449.338,0.836,467.797,0.87,0.011,0.000
8,3,4294967295,1406,61,aclnnInplaceCopy_TensorMoveAiCore_TensorMove,TensorMove,dynamic,AI_VECTOR_CORE,1783598303612033.953	,186.117,0.036000,56,0,NO,"""131072,4,128""",DT_BF16,NCL,"""131072,4,128""",DT_BF16,NCL,N/A,0.0,0,0.0,0.0,0.0,0.0,0.0,0.0,0.0,0.0,0.0,0.0,0.0,0.0,0.0,185.87,16806608,0.0,0.0,2.518,0.014,155.92,0.839,167.032,0.899,0.0,0.000
8,3,4294967295,1407,61,aclnnInplaceCopy_TensorMoveAiCore_TensorMove,TensorMove,dynamic,AI_VECTOR_CORE,1783598303612220.092	,190.120,0.000000,56,0,NO,"""131072,4,128""",DT_BF16,NCL,"""131072,4,128""",DT_BF16,NCL,N/A,0.0,0,0.0,0.0,0.0,0.0,0.0,0.0,0.0,0.0,0.0,0.0,0.0,0.0,0.0,189.82,17208924,0.0,0.0,2.221,0.012,157.269,0.829,168.384,0.887,0.0,0.000
8,3,4294967295,1408,61,aclnnInplaceZero_ZerosLikeAiCore_ZerosLike,ZerosLike,dynamic,AI_VECTOR_CORE,1783598303612410.234	,218.098,0.130000,56,0,NO,"""131072,12,128""",DT_BF16,NCL,"""131072,12,128""",DT_BF16,NCL,N/A,0.0,0,0.0,0.0,0.0,0.0,0.0,0.0,0.0,0.0,0.0,0.0,0.0,0.0,0.0,217.81,19907751,18.906,0.087,1.592,0.007,0.159,0.001,215.176,0.988,0.023,0.000
8,3,4294967295,1409,61,aclnnInplaceZero_ZerosLikeAiCore_ZerosLike,ZerosLike,dynamic,AI_VECTOR_CORE,1783598303612628.354	,7.243,0.000000,56,0,NO,"""12,131072""",FLOAT,ND,"""12,131072""",FLOAT,ND,N/A,0.0,0,0.0,0.0,0.0,0.0,0.0,0.0,0.0,0.0,0.0,0.0,0.0,0.0,0.0,6.95,549219,0.717,0.103,0.603,0.087,0.398,0.057,3.835,0.552,0.127,0.000
8,3,4294967295,1410,61,aclnnAdds_AddAiCore_Add,Add,dynamic,AI_VECTOR_CORE,1783598303612635.619	,5.819,0.007000,50,0,NO,"""1572864;""",FLOAT;FLOAT,ND;ND,"""12,131072""",FLOAT,ND,N/A,0.0,0,0.0,0.0,0.0,0.0,0.0,0.0,0.0,0.0,0.0,0.0,0.0,0.0,0.0,5.52,376740,1.246,0.226,1.096,0.199,2.573,0.466,3.589,0.65,0.0,0.000
8,3,4294967295,1411,61,aclnnInplaceZero_ZerosLikeAiCore_ZerosLike,ZerosLike,dynamic,AI_VECTOR_CORE,1783598303612641.460	,504.208,0.181000,56,0,NO,"""131072,12,128""",FLOAT,NCL,"""131072,12,128""",FLOAT,NCL,N/A,0.0,0,0.0,0.0,0.0,0.0,0.0,0.0,0.0,0.0,0.0,0.0,0.0,0.0,0.0,503.96,45983521,37.131,0.074,1.87,0.004,0.512,0.001,502.717,0.998,0.0,0.000
8,3,4294967295,1412,61,_swa_fwd_kernel,_swa_fwd_kernel,static,AI_CORE,1783598303613145.690	,4480.312,0.042000,28,56,NO,"""131072,12,128;131072,4,128""",DT_BF16;DT_BF16,ND;ND,"""131072,12,128;131072,12,128;12,131072""",DT_BF16;FLOAT;FLOAT,ND;ND;ND,N/A,4480.01,206180362,3029.559,0.676,1309.322,0.292,1661.499,0.371,2967.949,0.662,0.001,0.0,2661.002,0.594,0.0,4480.04,412395673,3914.001,0.874,1495.299,0.334,1102.343,0.246,1446.035,0.323,0.0,99.609
8,3,4294967295,1413,61,aclnnInplaceZero_ZerosLikeAiCore_ZerosLike,ZerosLike,dynamic,AI_VECTOR_CORE,1783598303617626.024	,4.368,0.000000,56,0,NO,"""12,131072""",FLOAT,ND,"""12,131072""",FLOAT,ND,N/A,0.0,0,0.0,0.0,0.0,0.0,0.0,0.0,0.0,0.0,0.0,0.0,0.0,0.0,0.0,4.12,316876,0.748,0.181,0.685,0.166,0.275,0.067,2.407,0.584,0.0,0.000
8,3,4294967295,1414,61,_swa_bwd_preprocess,_swa_bwd_preprocess,static,AI_VECTOR_CORE,1783598303617630.414	,830.340,0.132000,56,0,NO,"""131072,12,128;131072,12,128""",FLOAT;DT_BF16,ND;ND,"""12,131072""",FLOAT,ND,N/A,0.0,0,0.0,0.0,0.0,0.0,0.0,0.0,0.0,0.0,0.0,0.0,0.0,0.0,0.0,830.06,75652077,92.192,0.111,33.406,0.04,827.506,0.997,62.062,0.075,0.001,0.000
8,3,4294967295,1415,61,aclnnInplaceZero_ZerosLikeAiCore_ZerosLike,ZerosLike,dynamic,AI_VECTOR_CORE,1783598303618460.776	,200.545,0.000000,56,0,NO,"""131072,12,128""",DT_BF16,NCL,"""131072,12,128""",DT_BF16,NCL,N/A,0.0,0,0.0,0.0,0.0,0.0,0.0,0.0,0.0,0.0,0.0,0.0,0.0,0.0,0.0,200.27,18317514,18.966,0.095,1.993,0.01,0.66,0.003,197.063,0.984,0.028,0.000
8,3,4294967295,1416,61,aclnnInplaceZero_ZerosLikeAiCore_ZerosLike,ZerosLike,dynamic,AI_VECTOR_CORE,1783598303618661.343	,86.690,0.000000,56,0,NO,"""131072,4,128""",DT_BF16,NCL,"""131072,4,128""",DT_BF16,NCL,N/A,0.0,0,0.0,0.0,0.0,0.0,0.0,0.0,0.0,0.0,0.0,0.0,0.0,0.0,0.0,86.41,7894965,6.178,0.071,0.957,0.011,0.363,0.004,85.005,0.984,0.0,0.000
8,3,4294967295,1417,61,aclnnInplaceZero_ZerosLikeAiCore_ZerosLike,ZerosLike,dynamic,AI_VECTOR_CORE,1783598303618748.055	,85.293,0.060000,56,0,NO,"""131072,4,128""",DT_BF16,NCL,"""131072,4,128""",DT_BF16,NCL,N/A,0.0,0,0.0,0.0,0.0,0.0,0.0,0.0,0.0,0.0,0.0,0.0,0.0,0.0,0.0,85.01,7763552,6.181,0.073,0.929,0.011,0.376,0.004,83.611,0.984,0.0,0.000
8,3,4294967295,1418,61,_swa_bwd_dkdv_kernel,_swa_bwd_dkdv_kernel,static,AI_CORE,1783598303618833.370	,9711.614,0.000000,28,56,NO,"""131072,12,128;12,131072;12,131072""",DT_BF16;FLOAT;FLOAT,ND;ND;ND,"""131072,4,128;131072,4,128""",DT_BF16;DT_BF16,ND;ND,N/A,9711.33,390435082,7375.872,0.76,4265.099,0.439,7847.833,0.808,9444.156,0.972,0.001,0.0,2483.113,0.256,0.0,9711.35,780851372,5147.375,0.53,4220.238,0.435,4049.567,0.417,1654.197,0.17,0.0,87.019
8,3,4294967295,1419,61,_swa_bwd_dq_kernel,_swa_bwd_dq_kernel,static,AI_CORE,1783598303628545.006	,5379.757,0.136000,28,56,NO,"""131072,12,128;12,131072;12,131072;131072,12,128""",DT_BF16;FLOAT;FLOAT;DT_BF16,ND;ND;ND;ND,"""131072,12,128""",DT_BF16,ND,N/A,5379.47,247781633,4267.504,0.793,1645.894,0.306,2922.77,0.543,3905.432,0.726,0.001,0.0,1941.587,0.361,0.0,5379.49,495558180,2250.02,0.418,1015.207,0.189,913.265,0.17,764.946,0.142,0.0,99.693
9,3,4294967295,1420,61,aclnnInplaceRandom_StatelessRandomAiCore_StatelessRandom,StatelessRandom,dynamic,AI_VECTOR_CORE,1783598303635553.656	,6.322,1628.993000,1,0,NO,"""1;1;1;;""",INT64;INT64;INT64;INT64;INT64,ND;ND;ND;ND;ND,"""1""",INT32,ND,N/A,0.0,0,0.0,0.0,0.0,0.0,0.0,0.0,0.0,0.0,0.0,0.0,0.0,0.0,0.0,6.04,9646,3.796,0.628,0.99,0.164,0.341,0.056,0.003,0.0,0.026,0.000
9,3,4294967295,1421,61,aclnnClamp_ClipByValueV2AiCore_ClipByValueV2,ClipByValueV2,dynamic,AI_VECTOR_CORE,1783598303635660.312	,2.699,100.178000,1,0,NO,"""1;;""",INT32;INT32;INT32,ND;ND;ND,"""1""",INT32,ND,N/A,0.0,0,0.0,0.0,0.0,0.0,0.0,0.0,0.0,0.0,0.0,0.0,0.0,0.0,0.0,2.41,3654,0.303,0.126,0.623,0.258,0.595,0.247,0.075,0.031,0.136,0.000
9,3,4294967295,1422,61,aclnnCumsum_CastAiCore_Cast,Cast,dynamic,AI_VECTOR_CORE,1783598303636059.263	,2.361,396.301000,1,0,NO,"""1""",INT32,ND,"""1""",INT64,ND,N/A,0.0,0,0.0,0.0,0.0,0.0,0.0,0.0,0.0,0.0,0.0,0.0,0.0,0.0,0.0,2.07,3099,0.381,0.184,0.671,0.324,0.335,0.162,0.339,0.164,0.05,0.000
9,3,4294967295,1423,61,aclnnCumsum_CumsumAiCore_Cumsum,Cumsum,dynamic,AI_VECTOR_CORE,1783598303636062.654	,2.249,1.139000,1,0,NO,"""1;1""",INT64;INT64,ND;ND,"""1""",INT64,ND,N/A,0.0,0,0.0,0.0,0.0,0.0,0.0,0.0,0.0,0.0,0.0,0.0,0.0,0.0,0.0,1.96,2912,0.412,0.21,0.804,0.41,0.326,0.166,0.332,0.169,0.326,0.000
9,3,4294967295,1424,61,aclnnInplaceCopy_CastAiCore_Cast,Cast,dynamic,AI_VECTOR_CORE,1783598303636239.670	,1.994,174.751000,1,0,NO,"""1""",INT64,ND,"""1""",INT32,ND,N/A,0.0,0,0.0,0.0,0.0,0.0,0.0,0.0,0.0,0.0,0.0,0.0,0.0,0.0,0.0,1.76,2585,0.4,0.227,0.608,0.345,0.321,0.182,0.072,0.041,0.052,0.000
9,3,4294967295,1425,61,aclnnCat_ConcatD_ConcatD,ConcatD,dynamic,AI_VECTOR_CORE,1783598303636341.177	,2.621,99.506000,1,0,NO,"""1;1""",INT32;INT32,ND;ND,"""2""",INT32,ND,N/A,0.0,0,0.0,0.0,0.0,0.0,0.0,0.0,0.0,0.0,0.0,0.0,0.0,0.0,0.0,2.39,3622,0.502,0.21,1.064,0.445,0.754,0.316,0.07,0.029,0.217,0.000
9,3,4294967295,1426,61,aclnnCumsum_CastAiCore_Cast,Cast,dynamic,AI_VECTOR_CORE,1783598303636712.061	,1.479,368.129000,1,0,NO,"""1""",INT32,ND,"""1""",INT64,ND,N/A,0.0,0,0.0,0.0,0.0,0.0,0.0,0.0,0.0,0.0,0.0,0.0,0.0,0.0,0.0,1.25,1736,0.131,0.105,0.621,0.497,0.364,0.291,0.089,0.071,0.051,0.000
9,3,4294967295,1427,61,aclnnCumsum_CumsumAiCore_Cumsum,Cumsum,dynamic,AI_VECTOR_CORE,1783598303636717.052	,1.883,3.521000,1,0,NO,"""1;1""",INT64;INT64,ND;ND,"""1""",INT64,ND,N/A,0.0,0,0.0,0.0,0.0,0.0,0.0,0.0,0.0,0.0,0.0,0.0,0.0,0.0,0.0,1.65,2403,0.134,0.081,0.999,0.605,0.472,0.286,0.073,0.044,0.323,0.000
9,3,4294967295,1428,61,aclnnInplaceCopy_CastAiCore_Cast,Cast,dynamic,AI_VECTOR_CORE,1783598303636890.828	,2.539,171.867000,1,0,NO,"""1""",INT64,ND,"""1""",INT32,ND,N/A,0.0,0,0.0,0.0,0.0,0.0,0.0,0.0,0.0,0.0,0.0,0.0,0.0,0.0,0.0,1.88,2777,0.133,0.071,0.738,0.393,0.622,0.331,0.349,0.185,0.052,0.000
9,3,4294967295,1429,61,aclnnCat_ConcatD_ConcatD,ConcatD,dynamic,AI_VECTOR_CORE,1783598303636986.092	,2.342,92.711000,1,0,NO,"""1;1""",INT32;INT32,ND;ND,"""2""",INT32,ND,N/A,0.0,0,0.0,0.0,0.0,0.0,0.0,0.0,0.0,0.0,0.0,0.0,0.0,0.0,0.0,2.13,3189,0.176,0.083,1.205,0.566,0.896,0.421,0.071,0.033,0.217,0.000
9,3,4294967295,1430,61,aclnnInplaceNormal_CastAiCore_Cast,Cast,dynamic,AI_VECTOR_CORE,1783598303637451.203	,847.126,462.908000,56,0,NO,"""131072,12,128""",DT_BF16,NCL,"""131072,12,128""",FLOAT,NCL,N/A,0.0,0,0.0,0.0,0.0,0.0,0.0,0.0,0.0,0.0,0.0,0.0,0.0,0.0,0.0,846.9,77923695,54.925,0.065,12.661,0.015,813.993,0.961,841.83,0.994,0.002,0.000
9,3,4294967295,1431,61,aclnnInplaceNormal_BroadcastToAiCore_BroadcastTo,BroadcastTo,dynamic,AI_VECTOR_CORE,1783598303638298.351	,504.608,0.000000,56,0,NO,"""1;3""",FLOAT;INT64,ND;ND,"""131072,12,128""",FLOAT,ND,N/A,0.0,0,0.0,0.0,0.0,0.0,0.0,0.0,0.0,0.0,0.0,0.0,0.0,0.0,0.0,504.38,45999517,0.274,0.001,2.171,0.004,0.919,0.002,501.922,0.995,0.033,0.000
9,3,4294967295,1432,61,aclnnInplaceNormal_BroadcastToAiCore_BroadcastTo,BroadcastTo,dynamic,AI_VECTOR_CORE,1783598303638802.981	,525.087,0.142000,56,0,NO,"""1;3""",FLOAT;INT64,ND;ND,"""131072,12,128""",FLOAT,ND,N/A,0.0,0,0.0,0.0,0.0,0.0,0.0,0.0,0.0,0.0,0.0,0.0,0.0,0.0,0.0,524.79,48078732,0.174,0.0,2.243,0.004,0.657,0.001,523.065,0.997,0.0,0.000
9,3,4294967295,1433,61,aclnnInplaceNormal_StatelessNormalAiCore_StatelessNormal,StatelessNormal,dynamic,MIX_AIV,1783598303639328.090	,10125.819,0.000000,56,0,NO,"""3;1;1;131072,12,128;131072,12,128""",INT64;INT64;INT64;FLOAT;FLOAT,ND;ND;ND;ND;ND,"""131072,12,128""",FLOAT,NCL,N/A,0.0,0,0.0,0.0,0.0,0.0,0.0,0.0,0.0,0.0,0.0,0.0,0.0,0.0,0.0,10125.52,856332109,10122.807,1.0,1.581,0.0,0.439,0.0,0.001,0.0,0.023,0.000
9,3,4294967295,1434,61,aclnnInplaceNormal_MulAiCore_Mul,Mul,dynamic,AI_VECTOR_CORE,1783598303649453.931	,1090.265,0.181000,56,0,NO,"""131072,12,128;""",FLOAT;FLOAT,NCL;ND,"""131072,12,128""",FLOAT,ND,N/A,0.0,0,0.0,0.0,0.0,0.0,0.0,0.0,0.0,0.0,0.0,0.0,0.0,0.0,0.0,1089.96,100050798,77.602,0.071,15.79,0.014,1081.975,0.993,1054.278,0.967,0.002,0.000
9,3,4294967295,1435,61,aclnnInplaceNormal_AddAiCore_Add,Add,dynamic,AI_VECTOR_CORE,1783598303650544.218	,1116.512,0.000000,56,0,NO,"""131072,12,128;""",FLOAT;FLOAT,ND;ND,"""131072,12,128""",FLOAT,ND,N/A,0.0,0,0.0,0.0,0.0,0.0,0.0,0.0,0.0,0.0,0.0,0.0,0.0,0.0,0.0,1116.21,102298106,77.89,0.07,15.907,0.014,1106.208,0.991,1076.082,0.964,0.002,0.000
9,3,4294967295,1436,61,aclnnInplaceNormal_CastAiCore_Cast,Cast,dynamic,AI_VECTOR_CORE,1783598303651660.752	,826.580,0.000000,56,0,NO,"""131072,12,128""",FLOAT,ND,"""131072,12,128""",DT_BF16,ND,N/A,0.0,0,0.0,0.0,0.0,0.0,0.0,0.0,0.0,0.0,0.0,0.0,0.0,0.0,0.0,826.35,75865212,48.867,0.059,12.727,0.015,822.87,0.996,724.759,0.877,0.002,0.000
9,3,4294967295,1437,61,aclnnInplaceNormal_CastAiCore_Cast,Cast,dynamic,AI_VECTOR_CORE,1783598303652487.354	,257.091,0.000000,56,0,NO,"""131072,4,128""",DT_BF16,NCL,"""131072,4,128""",FLOAT,NCL,N/A,0.0,0,0.0,0.0,0.0,0.0,0.0,0.0,0.0,0.0,0.0,0.0,0.0,0.0,0.0,256.86,23333123,18.543,0.072,4.908,0.019,243.483,0.948,251.753,0.98,0.004,0.000
9,3,4294967295,1438,61,aclnnInplaceNormal_BroadcastToAiCore_BroadcastTo,BroadcastTo,dynamic,AI_VECTOR_CORE,1783598303652744.467	,156.234,0.159000,56,0,NO,"""1;3""",FLOAT;INT64,ND;ND,"""131072,4,128""",FLOAT,ND,N/A,0.0,0,0.0,0.0,0.0,0.0,0.0,0.0,0.0,0.0,0.0,0.0,0.0,0.0,0.0,156.0,14080308,0.256,0.002,2.001,0.013,0.462,0.003,153.524,0.984,0.022,0.000
9,3,4294967295,1439,61,aclnnInplaceNormal_BroadcastToAiCore_BroadcastTo,BroadcastTo,dynamic,AI_VECTOR_CORE,1783598303652900.723	,177.173,0.016000,56,0,NO,"""1;3""",FLOAT;INT64,ND;ND,"""131072,4,128""",FLOAT,ND,N/A,0.0,0,0.0,0.0,0.0,0.0,0.0,0.0,0.0,0.0,0.0,0.0,0.0,0.0,0.0,176.94,16061261,0.13,0.001,1.98,0.011,0.791,0.004,174.751,0.988,0.0,0.000
9,3,4294967295,1440,61,aclnnInplaceNormal_StatelessNormalAiCore_StatelessNormal,StatelessNormal,dynamic,MIX_AIV,1783598303653077.918	,3469.770,0.077000,56,0,NO,"""3;1;1;131072,4,128;131072,4,128""",INT64;INT64;INT64;FLOAT;FLOAT,ND;ND;ND;ND;ND,"""131072,4,128""",FLOAT,NCL,N/A,0.0,0,0.0,0.0,0.0,0.0,0.0,0.0,0.0,0.0,0.0,0.0,0.0,0.0,0.0,3469.46,290010473,3467.438,0.999,1.286,0.0,0.528,0.0,0.001,0.0,0.024,0.000
9,3,4294967295,1441,61,aclnnInplaceNormal_MulAiCore_Mul,Mul,dynamic,AI_VECTOR_CORE,1783598303656547.710	,349.119,0.000000,56,0,NO,"""131072,4,128;""",FLOAT;FLOAT,NCL;ND,"""131072,4,128""",FLOAT,ND,N/A,0.0,0,0.0,0.0,0.0,0.0,0.0,0.0,0.0,0.0,0.0,0.0,0.0,0.0,0.0,348.8,31797706,26.391,0.076,5.872,0.017,344.363,0.987,337.081,0.966,0.002,0.000
9,3,4294967295,1442,61,aclnnInplaceNormal_AddAiCore_Add,Add,dynamic,AI_VECTOR_CORE,1783598303656896.851	,371.898,0.000000,56,0,NO,"""131072,4,128;""",FLOAT;FLOAT,ND;ND,"""131072,4,128""",FLOAT,ND,N/A,0.0,0,0.0,0.0,0.0,0.0,0.0,0.0,0.0,0.0,0.0,0.0,0.0,0.0,0.0,371.58,33940332,26.328,0.071,5.985,0.016,367.675,0.989,363.431,0.978,0.002,0.000
9,3,4294967295,1443,61,aclnnInplaceNormal_CastAiCore_Cast,Cast,dynamic,AI_VECTOR_CORE,1783598303657268.771	,273.668,0.102000,56,0,NO,"""131072,4,128""",FLOAT,ND,"""131072,4,128""",DT_BF16,ND,N/A,0.0,0,0.0,0.0,0.0,0.0,0.0,0.0,0.0,0.0,0.0,0.0,0.0,0.0,0.0,273.19,24841524,16.445,0.06,4.877,0.018,270.607,0.991,236.24,0.865,0.004,0.000
9,3,4294967295,1444,61,aclnnInplaceNormal_CastAiCore_Cast,Cast,dynamic,AI_VECTOR_CORE,1783598303657542.461	,250.998,0.082000,56,0,NO,"""131072,4,128""",DT_BF16,NCL,"""131072,4,128""",FLOAT,NCL,N/A,0.0,0,0.0,0.0,0.0,0.0,0.0,0.0,0.0,0.0,0.0,0.0,0.0,0.0,0.0,250.76,22948028,18.407,0.073,4.698,0.019,237.766,0.948,245.758,0.98,0.005,0.000
9,3,4294967295,1445,61,aclnnInplaceNormal_BroadcastToAiCore_BroadcastTo,BroadcastTo,dynamic,AI_VECTOR_CORE,1783598303657793.481	,156.549,0.002000,56,0,NO,"""1;3""",FLOAT;INT64,ND;ND,"""131072,4,128""",FLOAT,ND,N/A,0.0,0,0.0,0.0,0.0,0.0,0.0,0.0,0.0,0.0,0.0,0.0,0.0,0.0,0.0,156.31,14145120,0.302,0.002,1.821,0.012,0.432,0.003,154.046,0.986,0.022,0.000
9,3,4294967295,1446,61,aclnnInplaceNormal_BroadcastToAiCore_BroadcastTo,BroadcastTo,dynamic,AI_VECTOR_CORE,1783598303657950.052	,176.662,0.000000,56,0,NO,"""1;3""",FLOAT;INT64,ND;ND,"""131072,4,128""",FLOAT,ND,N/A,0.0,0,0.0,0.0,0.0,0.0,0.0,0.0,0.0,0.0,0.0,0.0,0.0,0.0,0.0,176.42,15961448,0.131,0.001,1.686,0.01,0.605,0.003,174.709,0.99,0.0,0.000
9,3,4294967295,1447,61,aclnnInplaceNormal_StatelessNormalAiCore_StatelessNormal,StatelessNormal,dynamic,MIX_AIV,1783598303658126.736	,3445.538,0.088000,56,0,NO,"""3;1;1;131072,4,128;131072,4,128""",INT64;INT64;INT64;FLOAT;FLOAT,ND;ND;ND;ND;ND,"""131072,4,128""",FLOAT,NCL,N/A,0.0,0,0.0,0.0,0.0,0.0,0.0,0.0,0.0,0.0,0.0,0.0,0.0,0.0,0.0,3445.3,290193501,3441.865,0.999,1.726,0.001,1.073,0.0,0.001,0.0,0.022,0.000
9,3,4294967295,1448,61,aclnnInplaceNormal_MulAiCore_Mul,Mul,dynamic,AI_VECTOR_CORE,1783598303661572.296	,352.361,0.000000,56,0,NO,"""131072,4,128;""",FLOAT;FLOAT,NCL;ND,"""131072,4,128""",FLOAT,ND,N/A,0.0,0,0.0,0.0,0.0,0.0,0.0,0.0,0.0,0.0,0.0,0.0,0.0,0.0,0.0,352.07,31690235,26.749,0.076,5.919,0.017,347.152,0.986,336.526,0.956,0.002,0.000
9,3,4294967295,1449,61,aclnnInplaceNormal_AddAiCore_Add,Add,dynamic,AI_VECTOR_CORE,1783598303661924.679	,372.144,0.139000,56,0,NO,"""131072,4,128;""",FLOAT;FLOAT,ND;ND,"""131072,4,128""",FLOAT,ND,N/A,0.0,0,0.0,0.0,0.0,0.0,0.0,0.0,0.0,0.0,0.0,0.0,0.0,0.0,0.0,371.86,33953938,26.414,0.071,5.777,0.016,367.866,0.989,364.65,0.981,0.002,0.000
9,3,4294967295,1450,61,aclnnInplaceNormal_CastAiCore_Cast,Cast,dynamic,AI_VECTOR_CORE,1783598303662296.845	,274.954,0.000000,56,0,NO,"""131072,4,128""",FLOAT,ND,"""131072,4,128""",DT_BF16,ND,N/A,0.0,0,0.0,0.0,0.0,0.0,0.0,0.0,0.0,0.0,0.0,0.0,0.0,0.0,0.0,274.67,24997033,16.432,0.06,4.692,0.017,272.321,0.991,239.337,0.871,0.004,0.000
9,3,4294967295,1451,61,aclnnInplaceNormal_CastAiCore_Cast,Cast,dynamic,AI_VECTOR_CORE,1783598303662571.821	,858.247,0.046000,56,0,NO,"""131072,12,128""",DT_BF16,NCL,"""131072,12,128""",FLOAT,NCL,N/A,0.0,0,0.0,0.0,0.0,0.0,0.0,0.0,0.0,0.0,0.0,0.0,0.0,0.0,0.0,857.96,79030193,54.859,0.064,13.122,0.015,828.498,0.966,852.46,0.994,0.001,0.000
9,3,4294967295,1452,61,aclnnInplaceNormal_BroadcastToAiCore_BroadcastTo,BroadcastTo,dynamic,AI_VECTOR_CORE,1783598303663430.090	,500.970,0.003000,56,0,NO,"""1;3""",FLOAT;INT64,ND;ND,"""131072,12,128""",FLOAT,ND,N/A,0.0,0,0.0,0.0,0.0,0.0,0.0,0.0,0.0,0.0,0.0,0.0,0.0,0.0,0.0,500.73,45791059,0.35,0.001,2.083,0.004,0.647,0.001,498.496,0.996,0.015,0.000
9,3,4294967295,1453,61,aclnnInplaceNormal_BroadcastToAiCore_BroadcastTo,BroadcastTo,dynamic,AI_VECTOR_CORE,1783598303663931.082	,526.951,0.030000,56,0,NO,"""1;3""",FLOAT;INT64,ND;ND,"""131072,12,128""",FLOAT,ND,N/A,0.0,0,0.0,0.0,0.0,0.0,0.0,0.0,0.0,0.0,0.0,0.0,0.0,0.0,0.0,526.71,47796186,0.175,0.0,2.975,0.006,0.622,0.001,524.277,0.995,0.0,0.000
9,3,4294967295,1454,61,aclnnInplaceNormal_StatelessNormalAiCore_StatelessNormal,StatelessNormal,dynamic,MIX_AIV,1783598303664458.055	,10070.046,0.049000,56,0,NO,"""3;1;1;131072,12,128;131072,12,128""",INT64;INT64;INT64;FLOAT;FLOAT,ND;ND;ND;ND;ND,"""131072,12,128""",FLOAT,NCL,N/A,0.0,0,0.0,0.0,0.0,0.0,0.0,0.0,0.0,0.0,0.0,0.0,0.0,0.0,0.0,10069.8,856243893,10067.331,1.0,1.626,0.0,0.283,0.0,0.001,0.0,0.022,0.000
9,3,4294967295,1455,61,aclnnInplaceNormal_MulAiCore_Mul,Mul,dynamic,AI_VECTOR_CORE,1783598303674528.123	,1091.397,0.000000,56,0,NO,"""131072,12,128;""",FLOAT;FLOAT,NCL;ND,"""131072,12,128""",FLOAT,ND,N/A,0.0,0,0.0,0.0,0.0,0.0,0.0,0.0,0.0,0.0,0.0,0.0,0.0,0.0,0.0,1091.15,100195426,77.474,0.071,15.961,0.015,1082.189,0.992,1048.905,0.961,0.001,0.000
9,3,4294967295,1456,61,aclnnInplaceNormal_AddAiCore_Add,Add,dynamic,AI_VECTOR_CORE,1783598303675619.542	,1119.162,0.103000,56,0,NO,"""131072,12,128;""",FLOAT;FLOAT,ND;ND,"""131072,12,128""",FLOAT,ND,N/A,0.0,0,0.0,0.0,0.0,0.0,0.0,0.0,0.0,0.0,0.0,0.0,0.0,0.0,0.0,1118.86,102565495,77.621,0.069,16.303,0.015,1108.391,0.991,1070.77,0.957,0.001,0.000
9,3,4294967295,1457,61,aclnnInplaceNormal_CastAiCore_Cast,Cast,dynamic,AI_VECTOR_CORE,1783598303676738.726	,826.370,0.088000,56,0,NO,"""131072,12,128""",FLOAT,ND,"""131072,12,128""",DT_BF16,ND,N/A,0.0,0,0.0,0.0,0.0,0.0,0.0,0.0,0.0,0.0,0.0,0.0,0.0,0.0,0.0,826.07,75376385,49.165,0.06,12.989,0.016,823.309,0.997,741.277,0.897,0.002,0.000
9,3,4294967295,1458,61,aclnnInplaceCopy_TensorMoveAiCore_TensorMove,TensorMove,dynamic,AI_VECTOR_CORE,1783598303677565.118	,536.395,0.000000,56,0,NO,"""131072,12,128""",DT_BF16,NCL,"""131072,12,128""",DT_BF16,NCL,N/A,0.0,0,0.0,0.0,0.0,0.0,0.0,0.0,0.0,0.0,0.0,0.0,0.0,0.0,0.0,536.09,48953326,0.0,0.0,5.471,0.01,480.127,0.896,489.652,0.913,0.012,0.000
9,3,4294967295,1459,61,aclnnInplaceCopy_TensorMoveAiCore_TensorMove,TensorMove,dynamic,AI_VECTOR_CORE,1783598303678101.535	,192.701,0.105000,56,0,NO,"""131072,4,128""",DT_BF16,NCL,"""131072,4,128""",DT_BF16,NCL,N/A,0.0,0,0.0,0.0,0.0,0.0,0.0,0.0,0.0,0.0,0.0,0.0,0.0,0.0,0.0,192.4,17342164,0.0,0.0,2.513,0.013,159.274,0.828,174.127,0.905,0.0,0.000
9,3,4294967295,1460,61,aclnnInplaceCopy_TensorMoveAiCore_TensorMove,TensorMove,dynamic,AI_VECTOR_CORE,1783598303678294.258	,189.391,0.049000,56,0,NO,"""131072,4,128""",DT_BF16,NCL,"""131072,4,128""",DT_BF16,NCL,N/A,0.0,0,0.0,0.0,0.0,0.0,0.0,0.0,0.0,0.0,0.0,0.0,0.0,0.0,0.0,188.71,17187351,0.0,0.0,2.219,0.012,158.905,0.842,171.302,0.908,0.0,0.000
9,3,4294967295,1461,61,aclnnInplaceZero_ZerosLikeAiCore_ZerosLike,ZerosLike,dynamic,AI_VECTOR_CORE,1783598303678483.671	,214.249,0.109000,56,0,NO,"""131072,12,128""",DT_BF16,NCL,"""131072,12,128""",DT_BF16,NCL,N/A,0.0,0,0.0,0.0,0.0,0.0,0.0,0.0,0.0,0.0,0.0,0.0,0.0,0.0,0.0,214.01,19341171,19.115,0.089,1.796,0.008,0.184,0.001,211.301,0.987,0.023,0.000
9,3,4294967295,1462,61,aclnnInplaceZero_ZerosLikeAiCore_ZerosLike,ZerosLike,dynamic,AI_VECTOR_CORE,1783598303678697.942	,6.897,0.001000,56,0,NO,"""12,131072""",FLOAT,ND,"""12,131072""",FLOAT,ND,N/A,0.0,0,0.0,0.0,0.0,0.0,0.0,0.0,0.0,0.0,0.0,0.0,0.0,0.0,0.0,6.66,516920,0.777,0.117,0.642,0.096,0.396,0.059,3.594,0.54,0.127,0.000
9,3,4294967295,1463,61,aclnnAdds_AddAiCore_Add,Add,dynamic,AI_VECTOR_CORE,1783598303678704.861	,5.444,0.000000,50,0,NO,"""1572864;""",FLOAT;FLOAT,ND;ND,"""12,131072""",FLOAT,ND,N/A,0.0,0,0.0,0.0,0.0,0.0,0.0,0.0,0.0,0.0,0.0,0.0,0.0,0.0,0.0,5.2,358848,1.233,0.237,0.858,0.165,2.931,0.564,3.605,0.693,0.0,0.000
9,3,4294967295,1464,61,aclnnInplaceZero_ZerosLikeAiCore_ZerosLike,ZerosLike,dynamic,AI_VECTOR_CORE,1783598303678710.327	,502.565,0.056000,56,0,NO,"""131072,12,128""",FLOAT,NCL,"""131072,12,128""",FLOAT,NCL,N/A,0.0,0,0.0,0.0,0.0,0.0,0.0,0.0,0.0,0.0,0.0,0.0,0.0,0.0,0.0,502.29,45808799,37.149,0.074,2.028,0.004,0.205,0.0,501.217,0.998,0.0,0.000
9,3,4294967295,1465,61,_swa_fwd_kernel,_swa_fwd_kernel,static,AI_CORE,1783598303679212.914	,4480.469,0.185000,28,56,NO,"""131072,12,128;131072,4,128""",DT_BF16;DT_BF16,ND;ND,"""131072,12,128;131072,12,128;12,131072""",DT_BF16;FLOAT;FLOAT,ND;ND;ND,N/A,4480.14,206253908,3029.001,0.676,1308.926,0.292,1661.535,0.371,2981.425,0.665,0.001,0.0,2659.066,0.594,0.0,4480.16,412546692,3912.743,0.873,1494.584,0.334,1105.081,0.247,1446.345,0.323,0.0,99.641
9,3,4294967295,1466,61,aclnnInplaceZero_ZerosLikeAiCore_ZerosLike,ZerosLike,dynamic,AI_VECTOR_CORE,1783598303683693.405	,4.889,0.031000,56,0,NO,"""12,131072""",FLOAT,ND,"""12,131072""",FLOAT,ND,N/A,0.0,0,0.0,0.0,0.0,0.0,0.0,0.0,0.0,0.0,0.0,0.0,0.0,0.0,0.0,4.47,338959,0.629,0.141,0.682,0.152,0.627,0.14,2.528,0.566,0.0,0.000
9,3,4294967295,1467,61,_swa_bwd_preprocess,_swa_bwd_preprocess,static,AI_VECTOR_CORE,1783598303683698.316	,829.413,0.000000,56,0,NO,"""131072,12,128;131072,12,128""",FLOAT;DT_BF16,ND;ND,"""12,131072""",FLOAT,ND,N/A,0.0,0,0.0,0.0,0.0,0.0,0.0,0.0,0.0,0.0,0.0,0.0,0.0,0.0,0.0,829.17,75898805,91.904,0.111,33.058,0.04,826.973,0.997,60.248,0.073,0.001,0.000
9,3,4294967295,1468,61,aclnnInplaceZero_ZerosLikeAiCore_ZerosLike,ZerosLike,dynamic,AI_VECTOR_CORE,1783598303684527.751	,199.685,0.087000,56,0,NO,"""131072,12,128""",DT_BF16,NCL,"""131072,12,128""",DT_BF16,NCL,N/A,0.0,0,0.0,0.0,0.0,0.0,0.0,0.0,0.0,0.0,0.0,0.0,0.0,0.0,0.0,199.44,18162498,19.123,0.096,1.691,0.008,0.136,0.001,196.663,0.986,0.028,0.000
9,3,4294967295,1469,61,aclnnInplaceZero_ZerosLikeAiCore_ZerosLike,ZerosLike,dynamic,AI_VECTOR_CORE,1783598303684727.458	,87.163,0.065000,56,0,NO,"""131072,4,128""",DT_BF16,NCL,"""131072,4,128""",DT_BF16,NCL,N/A,0.0,0,0.0,0.0,0.0,0.0,0.0,0.0,0.0,0.0,0.0,0.0,0.0,0.0,0.0,86.92,7624093,6.435,0.074,1.182,0.014,0.206,0.002,85.456,0.983,0.0,0.000
9,3,4294967295,1470,61,aclnnInplaceZero_ZerosLikeAiCore_ZerosLike,ZerosLike,dynamic,AI_VECTOR_CORE,1783598303684814.643	,85.682,0.087000,56,0,NO,"""131072,4,128""",DT_BF16,NCL,"""131072,4,128""",DT_BF16,NCL,N/A,0.0,0,0.0,0.0,0.0,0.0,0.0,0.0,0.0,0.0,0.0,0.0,0.0,0.0,0.0,85.44,7604846,6.341,0.074,1.0,0.012,0.295,0.003,84.05,0.984,0.0,0.000
9,3,4294967295,1471,61,_swa_bwd_dkdv_kernel,_swa_bwd_dkdv_kernel,static,AI_CORE,1783598303684900.347	,9709.918,0.000000,28,56,NO,"""131072,12,128;12,131072;12,131072""",DT_BF16;FLOAT;FLOAT,ND;ND;ND,"""131072,4,128;131072,4,128""",DT_BF16;DT_BF16,ND;ND,N/A,9709.57,390433309,7370.223,0.759,4263.045,0.439,7844.313,0.808,9442.456,0.972,0.001,0.0,2481.951,0.256,0.0,9709.59,780848913,5157.793,0.531,4218.646,0.434,4038.684,0.416,1639.107,0.169,0.0,87.034
9,3,4294967295,1472,61,_swa_bwd_dq_kernel,_swa_bwd_dq_kernel,static,AI_CORE,1783598303694610.287	,5385.608,0.082000,28,56,NO,"""131072,12,128;12,131072;12,131072;131072,12,128""",DT_BF16;FLOAT;FLOAT;DT_BF16,ND;ND;ND;ND,"""131072,12,128""",DT_BF16,ND,N/A,5385.26,247988212,4267.417,0.792,1646.311,0.306,2928.504,0.544,3907.798,0.726,0.001,0.0,1940.634,0.36,0.0,5385.28,495973437,2250.668,0.418,1015.469,0.189,914.117,0.17,766.125,0.142,0.0,99.668
