Component,Timestamp(us),Total Allocated(MB),Total Reserved(MB),Total Active(MB),Stream Ptr,Device Type
APP,1783596639006584.570	,,9916.51953125,,,NPU:3
APP,1783596639026567.570	,,9916.51953125,,,NPU:3
APP,1783596639046559.570	,,9916.51953125,,,NPU:3
APP,1783596639066574.570	,,9916.51953125,,,NPU:3
APP,1783596639086573.570	,,9916.51953125,,,NPU:3
APP,1783596639106773.570	,,9916.51953125,,,NPU:3
APP,1783596639126560.570	,,9916.51953125,,,NPU:3
APP,1783596639146583.570	,,9916.51953125,,,NPU:3
APP,1783596639166566.570	,,9916.51953125,,,NPU:3
APP,1783596639186570.570	,,9916.51953125,,,NPU:3
APP,1783596639206614.570	,,9916.51953125,,,NPU:3
APP,1783596639226701.570	,,9916.51953125,,,NPU:3
APP,1783596639246666.570	,,9916.51953125,,,NPU:3
APP,1783596639281779.570	,,9916.51953125,,,NPU:3
APP,1783596639289970.570	,,9916.51953125,,,NPU:3
APP,1783596639306708.570	,,9916.51953125,,,NPU:3
APP,1783596639326572.570	,,9916.51953125,,,NPU:3
APP,1783596639346573.570	,,9916.51953125,,,NPU:3
APP,1783596639368460.570	,,9916.51953125,,,NPU:3
APP,1783596639369283.570	,,9916.51953125,,,NPU:3
PTA,1783596639054041.468	,2692.50146484375,9626.0,2692.50146484375,57,NPU:3
PTA+GE,1783596639054041.468	,2692.50146484375,9626.0,2692.50146484375,57,NPU:3
PTA,1783596639054104.753	,2692.501953125,9626.0,2692.501953125,57,NPU:3
PTA+GE,1783596639054104.753	,2692.501953125,9626.0,2692.501953125,57,NPU:3
PTA,1783596639054141.257	,2692.50146484375,9626.0,2692.50146484375,57,NPU:3
PTA+GE,1783596639054141.257	,2692.50146484375,9626.0,2692.50146484375,57,NPU:3
PTA,1783596639054141.798	,2692.50146484375,9626.0,2692.50146484375,57,NPU:3
PTA+GE,1783596639054141.798	,2692.50146484375,9626.0,2692.50146484375,57,NPU:3
PTA,1783596639054246.305	,2692.501953125,9626.0,2692.501953125,57,NPU:3
PTA+GE,1783596639054246.305	,2692.501953125,9626.0,2692.501953125,57,NPU:3
PTA,1783596639054253.125	,2708.50244140625,9626.0,2708.50244140625,57,NPU:3
PTA+GE,1783596639054253.125	,2708.50244140625,9626.0,2708.50244140625,57,NPU:3
PTA,1783596639054294.237	,2692.501953125,9626.0,2692.501953125,57,NPU:3
PTA+GE,1783596639054294.237	,2692.501953125,9626.0,2692.501953125,57,NPU:3
PTA,1783596639054294.708	,2692.501953125,9626.0,2692.501953125,57,NPU:3
PTA+GE,1783596639054294.708	,2692.501953125,9626.0,2692.501953125,57,NPU:3
PTA,1783596639054298.703	,2692.50146484375,9626.0,2692.50146484375,57,NPU:3
PTA+GE,1783596639054298.703	,2692.50146484375,9626.0,2692.50146484375,57,NPU:3
PTA,1783596639054299.575	,2692.50146484375,9626.0,2692.50146484375,57,NPU:3
PTA+GE,1783596639054299.575	,2692.50146484375,9626.0,2692.50146484375,57,NPU:3
PTA,1783596639054512.674	,2692.501953125,9626.0,2692.501953125,57,NPU:3
PTA+GE,1783596639054512.674	,2692.501953125,9626.0,2692.501953125,57,NPU:3
PTA,1783596639054822.239	,2692.50244140625,9626.0,2692.50244140625,57,NPU:3
PTA+GE,1783596639054822.239	,2692.50244140625,9626.0,2692.50244140625,57,NPU:3
PTA,1783596639054826.875	,2708.50341796875,9626.0,2708.50341796875,57,NPU:3
PTA+GE,1783596639054826.875	,2708.50341796875,9626.0,2708.50341796875,57,NPU:3
PTA,1783596639054861.327	,2692.50244140625,9626.0,2692.50244140625,57,NPU:3
PTA+GE,1783596639054861.327	,2692.50244140625,9626.0,2692.50244140625,57,NPU:3
PTA,1783596639054861.808	,2692.50244140625,9626.0,2692.50244140625,57,NPU:3
PTA+GE,1783596639054861.808	,2692.50244140625,9626.0,2692.50244140625,57,NPU:3
PTA,1783596639055010.170	,2692.5029296875,9626.0,2692.5029296875,57,NPU:3
PTA+GE,1783596639055010.170	,2692.5029296875,9626.0,2692.5029296875,57,NPU:3
PTA,1783596639055040.406	,2708.50341796875,9626.0,2708.50341796875,57,NPU:3
PTA+GE,1783596639055040.406	,2708.50341796875,9626.0,2708.50341796875,57,NPU:3
PTA,1783596639055076.640	,2692.5029296875,9626.0,2692.5029296875,57,NPU:3
PTA+GE,1783596639055076.640	,2692.5029296875,9626.0,2692.5029296875,57,NPU:3
PTA,1783596639055077.261	,2692.5029296875,9626.0,2692.5029296875,57,NPU:3
PTA+GE,1783596639055077.261	,2692.5029296875,9626.0,2692.5029296875,57,NPU:3
PTA,1783596639055081.477	,2692.50244140625,9626.0,2692.50244140625,57,NPU:3
PTA+GE,1783596639055081.477	,2692.50244140625,9626.0,2692.50244140625,57,NPU:3
PTA,1783596639055082.028	,2692.50244140625,9626.0,2692.50244140625,57,NPU:3
PTA+GE,1783596639055082.028	,2692.50244140625,9626.0,2692.50244140625,57,NPU:3
PTA,1783596639055168.728	,2692.5029296875,9626.0,2692.5029296875,57,NPU:3
PTA+GE,1783596639055168.728	,2692.5029296875,9626.0,2692.5029296875,57,NPU:3
PTA,1783596639055173.395	,2708.50341796875,9626.0,2708.50341796875,57,NPU:3
PTA+GE,1783596639055173.395	,2708.50341796875,9626.0,2708.50341796875,57,NPU:3
PTA,1783596639055204.852	,2692.5029296875,9626.0,2692.5029296875,57,NPU:3
PTA+GE,1783596639055204.852	,2692.5029296875,9626.0,2692.5029296875,57,NPU:3
PTA,1783596639055205.433	,2692.5029296875,9626.0,2692.5029296875,57,NPU:3
PTA+GE,1783596639055205.433	,2692.5029296875,9626.0,2692.5029296875,57,NPU:3
PTA,1783596639055210.421	,2692.50244140625,9626.0,2692.50244140625,57,NPU:3
PTA+GE,1783596639055210.421	,2692.50244140625,9626.0,2692.50244140625,57,NPU:3
PTA,1783596639055210.891	,2692.50244140625,9626.0,2692.50244140625,57,NPU:3
PTA+GE,1783596639055210.891	,2692.50244140625,9626.0,2692.50244140625,57,NPU:3
PTA,1783596639055212.273	,2692.501953125,9626.0,2692.501953125,57,NPU:3
PTA+GE,1783596639055212.273	,2692.501953125,9626.0,2692.501953125,57,NPU:3
PTA,1783596639055212.884	,2692.501953125,9626.0,2692.501953125,57,NPU:3
PTA+GE,1783596639055212.884	,2692.501953125,9626.0,2692.501953125,57,NPU:3
PTA,1783596639055388.568	,2692.50244140625,9626.0,2692.50244140625,57,NPU:3
PTA+GE,1783596639055388.568	,2692.50244140625,9626.0,2692.50244140625,57,NPU:3
PTA,1783596639055615.688	,2692.5029296875,9626.0,2692.5029296875,57,NPU:3
PTA+GE,1783596639055615.688	,2692.5029296875,9626.0,2692.5029296875,57,NPU:3
PTA,1783596639055618.723	,2708.50390625,9626.0,2708.50390625,57,NPU:3
PTA+GE,1783596639055618.723	,2708.50390625,9626.0,2708.50390625,57,NPU:3
PTA,1783596639055652.303	,2692.5029296875,9626.0,2692.5029296875,57,NPU:3
PTA+GE,1783596639055652.303	,2692.5029296875,9626.0,2692.5029296875,57,NPU:3
PTA,1783596639055652.714	,2692.5029296875,9626.0,2692.5029296875,57,NPU:3
PTA+GE,1783596639055652.714	,2692.5029296875,9626.0,2692.5029296875,57,NPU:3
PTA,1783596639055782.188	,2692.50341796875,9626.0,2692.50341796875,57,NPU:3
PTA+GE,1783596639055782.188	,2692.50341796875,9626.0,2692.50341796875,57,NPU:3
PTA,1783596639055815.618	,2708.50390625,9626.0,2708.50390625,57,NPU:3
PTA+GE,1783596639055815.618	,2708.50390625,9626.0,2708.50390625,57,NPU:3
PTA,1783596639055846.164	,2692.50341796875,9626.0,2692.50341796875,57,NPU:3
PTA+GE,1783596639055846.164	,2692.50341796875,9626.0,2692.50341796875,57,NPU:3
PTA,1783596639055846.574	,2692.50341796875,9626.0,2692.50341796875,57,NPU:3
PTA+GE,1783596639055846.574	,2692.50341796875,9626.0,2692.50341796875,57,NPU:3
PTA,1783596639055849.108	,2692.5029296875,9626.0,2692.5029296875,57,NPU:3
PTA+GE,1783596639055849.108	,2692.5029296875,9626.0,2692.5029296875,57,NPU:3
PTA,1783596639055849.519	,2692.5029296875,9626.0,2692.5029296875,57,NPU:3
PTA+GE,1783596639055849.519	,2692.5029296875,9626.0,2692.5029296875,57,NPU:3
PTA,1783596639055921.396	,2692.50341796875,9626.0,2692.50341796875,57,NPU:3
PTA+GE,1783596639055921.396	,2692.50341796875,9626.0,2692.50341796875,57,NPU:3
PTA,1783596639055923.620	,2708.50390625,9626.0,2708.50390625,57,NPU:3
PTA+GE,1783596639055923.620	,2708.50390625,9626.0,2708.50390625,57,NPU:3
PTA,1783596639055950.670	,2692.50341796875,9626.0,2692.50341796875,57,NPU:3
PTA+GE,1783596639055950.670	,2692.50341796875,9626.0,2692.50341796875,57,NPU:3
PTA,1783596639055951.071	,2692.50341796875,9626.0,2692.50341796875,57,NPU:3
PTA+GE,1783596639055951.071	,2692.50341796875,9626.0,2692.50341796875,57,NPU:3
PTA,1783596639055954.346	,2692.5029296875,9626.0,2692.5029296875,57,NPU:3
PTA+GE,1783596639055954.346	,2692.5029296875,9626.0,2692.5029296875,57,NPU:3
PTA,1783596639055954.766	,2692.5029296875,9626.0,2692.5029296875,57,NPU:3
PTA+GE,1783596639055954.766	,2692.5029296875,9626.0,2692.5029296875,57,NPU:3
PTA,1783596639055955.808	,2692.50244140625,9626.0,2692.50244140625,57,NPU:3
PTA+GE,1783596639055955.808	,2692.50244140625,9626.0,2692.50244140625,57,NPU:3
PTA,1783596639055956.219	,2692.50244140625,9626.0,2692.50244140625,57,NPU:3
PTA+GE,1783596639055956.219	,2692.50244140625,9626.0,2692.50244140625,57,NPU:3
PTA,1783596639056447.185	,3076.50244140625,9626.0,3076.50244140625,57,NPU:3
PTA+GE,1783596639056447.185	,3076.50244140625,9626.0,3076.50244140625,57,NPU:3
PTA,1783596639056497.280	,6148.50439453125,9626.0,6148.50439453125,57,NPU:3
PTA+GE,1783596639056497.280	,6148.50439453125,9626.0,6148.50439453125,57,NPU:3
PTA,1783596639056528.186	,3076.50244140625,9626.0,3076.50244140625,57,NPU:3
PTA+GE,1783596639056528.186	,3076.50244140625,9626.0,3076.50244140625,57,NPU:3
PTA,1783596639056528.627	,3076.50244140625,9626.0,3076.50244140625,57,NPU:3
PTA+GE,1783596639056528.627	,3076.50244140625,9626.0,3076.50244140625,57,NPU:3
PTA,1783596639056617.881	,3204.50244140625,9626.0,3204.50244140625,57,NPU:3
PTA+GE,1783596639056617.881	,3204.50244140625,9626.0,3204.50244140625,57,NPU:3
PTA,1783596639056649.238	,4228.50439453125,9626.0,4228.50439453125,57,NPU:3
PTA+GE,1783596639056649.238	,4228.50439453125,9626.0,4228.50439453125,57,NPU:3
PTA,1783596639056678.411	,3204.50244140625,9626.0,3204.50244140625,57,NPU:3
PTA+GE,1783596639056678.411	,3204.50244140625,9626.0,3204.50244140625,57,NPU:3
PTA,1783596639056678.912	,3204.50244140625,9626.0,3204.50244140625,57,NPU:3
PTA+GE,1783596639056678.912	,3204.50244140625,9626.0,3204.50244140625,57,NPU:3
PTA,1783596639056763.559	,3332.50244140625,9626.0,3332.50244140625,57,NPU:3
PTA+GE,1783596639056763.559	,3332.50244140625,9626.0,3332.50244140625,57,NPU:3
PTA,1783596639056791.952	,4356.50439453125,9626.0,4356.50439453125,57,NPU:3
PTA+GE,1783596639056791.952	,4356.50439453125,9626.0,4356.50439453125,57,NPU:3
PTA,1783596639056825.021	,3332.50244140625,9626.0,3332.50244140625,57,NPU:3
PTA+GE,1783596639056825.021	,3332.50244140625,9626.0,3332.50244140625,57,NPU:3
PTA,1783596639056825.442	,3332.50244140625,9626.0,3332.50244140625,57,NPU:3
PTA+GE,1783596639056825.442	,3332.50244140625,9626.0,3332.50244140625,57,NPU:3
PTA,1783596639056907.185	,3716.50244140625,9626.0,3716.50244140625,57,NPU:3
PTA+GE,1783596639056907.185	,3716.50244140625,9626.0,3716.50244140625,57,NPU:3
PTA,1783596639056936.168	,6788.50439453125,9626.0,6788.50439453125,57,NPU:3
PTA+GE,1783596639056936.168	,6788.50439453125,9626.0,6788.50439453125,57,NPU:3
PTA,1783596639056961.987	,3716.50244140625,9626.0,3716.50244140625,57,NPU:3
PTA+GE,1783596639056961.987	,3716.50244140625,9626.0,3716.50244140625,57,NPU:3
PTA,1783596639056962.417	,3716.50244140625,9626.0,3716.50244140625,57,NPU:3
PTA+GE,1783596639056962.417	,3716.50244140625,9626.0,3716.50244140625,57,NPU:3
PTA,1783596639056965.192	,3716.501953125,9626.0,3716.501953125,57,NPU:3
PTA+GE,1783596639056965.192	,3716.501953125,9626.0,3716.501953125,57,NPU:3
PTA,1783596639056965.642	,3716.501953125,9626.0,3716.501953125,57,NPU:3
PTA+GE,1783596639056965.642	,3716.501953125,9626.0,3716.501953125,57,NPU:3
PTA,1783596639056967.906	,3332.501953125,9626.0,3332.501953125,57,NPU:3
PTA+GE,1783596639056967.906	,3332.501953125,9626.0,3332.501953125,57,NPU:3
PTA,1783596639056968.316	,3332.501953125,9626.0,3332.501953125,57,NPU:3
PTA+GE,1783596639056968.316	,3332.501953125,9626.0,3332.501953125,57,NPU:3
PTA,1783596639056969.868	,3204.501953125,9626.0,3204.501953125,57,NPU:3
PTA+GE,1783596639056969.868	,3204.501953125,9626.0,3204.501953125,57,NPU:3
PTA,1783596639056970.850	,3204.501953125,9626.0,3204.501953125,57,NPU:3
PTA+GE,1783596639056970.850	,3204.501953125,9626.0,3204.501953125,57,NPU:3
PTA,1783596639056973.634	,3076.501953125,9626.0,3076.501953125,57,NPU:3
PTA+GE,1783596639056973.634	,3076.501953125,9626.0,3076.501953125,57,NPU:3
PTA,1783596639056974.315	,3076.501953125,9626.0,3076.501953125,57,NPU:3
PTA+GE,1783596639056974.315	,3076.501953125,9626.0,3076.501953125,57,NPU:3
PTA,1783596639056975.958	,2692.501953125,9626.0,2692.501953125,57,NPU:3
PTA+GE,1783596639056975.958	,2692.501953125,9626.0,2692.501953125,57,NPU:3
PTA,1783596639056976.509	,2692.501953125,9626.0,2692.501953125,57,NPU:3
PTA+GE,1783596639056976.509	,2692.501953125,9626.0,2692.501953125,57,NPU:3
PTA,1783596639056977.410	,2692.50146484375,9626.0,2692.50146484375,57,NPU:3
PTA+GE,1783596639056977.410	,2692.50146484375,9626.0,2692.50146484375,57,NPU:3
PTA,1783596639056977.820	,2692.50146484375,9626.0,2692.50146484375,57,NPU:3
PTA+GE,1783596639056977.820	,2692.50146484375,9626.0,2692.50146484375,57,NPU:3
PTA,1783596639056979.503	,2692.5009765625,9626.0,2692.5009765625,57,NPU:3
PTA+GE,1783596639056979.503	,2692.5009765625,9626.0,2692.5009765625,57,NPU:3
PTA,1783596639056980.024	,2692.5009765625,9626.0,2692.5009765625,57,NPU:3
PTA+GE,1783596639056980.024	,2692.5009765625,9626.0,2692.5009765625,57,NPU:3
PTA,1783596639057085.392	,3076.5009765625,9626.0,3076.5009765625,57,NPU:3
PTA+GE,1783596639057085.392	,3076.5009765625,9626.0,3076.5009765625,57,NPU:3
PTA,1783596639057113.794	,3076.50146484375,9626.0,3076.50146484375,57,NPU:3
PTA+GE,1783596639057113.794	,3076.50146484375,9626.0,3076.50146484375,57,NPU:3
PTA,1783596639057141.125	,3076.5009765625,9626.0,3076.5009765625,57,NPU:3
PTA+GE,1783596639057141.125	,3076.5009765625,9626.0,3076.5009765625,57,NPU:3
PTA,1783596639057141.586	,3076.5009765625,9626.0,3076.5009765625,57,NPU:3
PTA+GE,1783596639057141.586	,3076.5009765625,9626.0,3076.5009765625,57,NPU:3
PTA,1783596639057286.143	,3204.5009765625,9626.0,3204.5009765625,57,NPU:3
PTA+GE,1783596639057286.143	,3204.5009765625,9626.0,3204.5009765625,57,NPU:3
PTA,1783596639057313.534	,3204.50146484375,9626.0,3204.50146484375,57,NPU:3
PTA+GE,1783596639057313.534	,3204.50146484375,9626.0,3204.50146484375,57,NPU:3
PTA,1783596639057338.732	,3204.5009765625,9626.0,3204.5009765625,57,NPU:3
PTA+GE,1783596639057338.732	,3204.5009765625,9626.0,3204.5009765625,57,NPU:3
PTA,1783596639057339.954	,3204.5009765625,9626.0,3204.5009765625,57,NPU:3
PTA+GE,1783596639057339.954	,3204.5009765625,9626.0,3204.5009765625,57,NPU:3
PTA,1783596639057470.029	,3332.5009765625,9626.0,3332.5009765625,57,NPU:3
PTA+GE,1783596639057470.029	,3332.5009765625,9626.0,3332.5009765625,57,NPU:3
PTA,1783596639057493.584	,3332.50146484375,9626.0,3332.50146484375,57,NPU:3
PTA+GE,1783596639057493.584	,3332.50146484375,9626.0,3332.50146484375,57,NPU:3
PTA,1783596639057519.132	,3332.5009765625,9626.0,3332.5009765625,57,NPU:3
PTA+GE,1783596639057519.132	,3332.5009765625,9626.0,3332.5009765625,57,NPU:3
PTA,1783596639057519.813	,3332.5009765625,9626.0,3332.5009765625,57,NPU:3
PTA+GE,1783596639057519.813	,3332.5009765625,9626.0,3332.5009765625,57,NPU:3
PTA,1783596639057772.762	,3716.5009765625,9626.0,3716.5009765625,57,NPU:3
PTA+GE,1783596639057772.762	,3716.5009765625,9626.0,3716.5009765625,57,NPU:3
PTA,1783596639057805.752	,3716.50146484375,9626.0,3716.50146484375,57,NPU:3
PTA+GE,1783596639057805.752	,3716.50146484375,9626.0,3716.50146484375,57,NPU:3
PTA,1783596639057835.156	,3716.5009765625,9626.0,3716.5009765625,57,NPU:3
PTA+GE,1783596639057835.156	,3716.5009765625,9626.0,3716.5009765625,57,NPU:3
PTA,1783596639057835.566	,3716.5009765625,9626.0,3716.5009765625,57,NPU:3
PTA+GE,1783596639057835.566	,3716.5009765625,9626.0,3716.5009765625,57,NPU:3
PTA,1783596639057903.148	,3722.5009765625,9626.0,3722.5009765625,57,NPU:3
PTA+GE,1783596639057903.148	,3722.5009765625,9626.0,3722.5009765625,57,NPU:3
PTA,1783596639057931.610	,3722.50146484375,9626.0,3722.50146484375,57,NPU:3
PTA+GE,1783596639057931.610	,3722.50146484375,9626.0,3722.50146484375,57,NPU:3
PTA,1783596639057959.452	,3722.5009765625,9626.0,3722.5009765625,57,NPU:3
PTA+GE,1783596639057959.452	,3722.5009765625,9626.0,3722.5009765625,57,NPU:3
PTA,1783596639057959.863	,3722.5009765625,9626.0,3722.5009765625,57,NPU:3
PTA+GE,1783596639057959.863	,3722.5009765625,9626.0,3722.5009765625,57,NPU:3
PTA,1783596639058038.451	,3728.5009765625,9626.0,3728.5009765625,57,NPU:3
PTA+GE,1783596639058038.451	,3728.5009765625,9626.0,3728.5009765625,57,NPU:3
PTA,1783596639058094.966	,3744.50146484375,9626.0,3744.50146484375,57,NPU:3
PTA+GE,1783596639058094.966	,3744.50146484375,9626.0,3744.50146484375,57,NPU:3
PTA,1783596639058121.555	,3728.5009765625,9626.0,3728.5009765625,57,NPU:3
PTA+GE,1783596639058121.555	,3728.5009765625,9626.0,3728.5009765625,57,NPU:3
PTA,1783596639058122.387	,3728.5009765625,9626.0,3728.5009765625,57,NPU:3
PTA+GE,1783596639058122.387	,3728.5009765625,9626.0,3728.5009765625,57,NPU:3
PTA,1783596639058126.273	,3722.5009765625,9626.0,3722.5009765625,57,NPU:3
PTA+GE,1783596639058126.273	,3722.5009765625,9626.0,3722.5009765625,57,NPU:3
PTA,1783596639058126.723	,3722.5009765625,9626.0,3722.5009765625,57,NPU:3
PTA+GE,1783596639058126.723	,3722.5009765625,9626.0,3722.5009765625,57,NPU:3
PTA,1783596639058240.884	,4490.5009765625,9626.0,4490.5009765625,57,NPU:3
PTA+GE,1783596639058240.884	,4490.5009765625,9626.0,4490.5009765625,57,NPU:3
PTA,1783596639058269.737	,4490.50146484375,9626.0,4490.50146484375,57,NPU:3
PTA+GE,1783596639058269.737	,4490.50146484375,9626.0,4490.50146484375,57,NPU:3
PTA,1783596639058304.450	,4490.5009765625,9626.0,4490.5009765625,57,NPU:3
PTA+GE,1783596639058304.450	,4490.5009765625,9626.0,4490.5009765625,57,NPU:3
PTA,1783596639058305.221	,4490.5009765625,9626.0,4490.5009765625,57,NPU:3
PTA+GE,1783596639058305.221	,4490.5009765625,9626.0,4490.5009765625,57,NPU:3
PTA,1783596639058973.232	,4362.5009765625,9626.0,4362.5009765625,57,NPU:3
PTA+GE,1783596639058973.232	,4362.5009765625,9626.0,4362.5009765625,57,NPU:3
PTA,1783596639058973.753	,4362.5009765625,9626.0,4362.5009765625,57,NPU:3
PTA+GE,1783596639058973.753	,4362.5009765625,9626.0,4362.5009765625,57,NPU:3
PTA,1783596639058974.935	,4234.5009765625,9626.0,4234.5009765625,57,NPU:3
PTA+GE,1783596639058974.935	,4234.5009765625,9626.0,4234.5009765625,57,NPU:3
PTA,1783596639058975.406	,4234.5009765625,9626.0,4234.5009765625,57,NPU:3
PTA+GE,1783596639058975.406	,4234.5009765625,9626.0,4234.5009765625,57,NPU:3
PTA,1783596639058977.509	,4106.5009765625,9626.0,4106.5009765625,57,NPU:3
PTA+GE,1783596639058977.509	,4106.5009765625,9626.0,4106.5009765625,57,NPU:3
PTA,1783596639058977.919	,4106.5009765625,9626.0,4106.5009765625,57,NPU:3
PTA+GE,1783596639058977.919	,4106.5009765625,9626.0,4106.5009765625,57,NPU:3
PTA,1783596639058978.871	,3978.5009765625,9626.0,3978.5009765625,57,NPU:3
PTA+GE,1783596639058978.871	,3978.5009765625,9626.0,3978.5009765625,57,NPU:3
PTA,1783596639058979.301	,3978.5009765625,9626.0,3978.5009765625,57,NPU:3
PTA+GE,1783596639058979.301	,3978.5009765625,9626.0,3978.5009765625,57,NPU:3
PTA,1783596639058980.493	,3594.5009765625,9626.0,3594.5009765625,57,NPU:3
PTA+GE,1783596639058980.493	,3594.5009765625,9626.0,3594.5009765625,57,NPU:3
PTA,1783596639058980.904	,3594.5009765625,9626.0,3594.5009765625,57,NPU:3
PTA+GE,1783596639058980.904	,3594.5009765625,9626.0,3594.5009765625,57,NPU:3
PTA,1783596639058982.316	,3210.5009765625,9626.0,3210.5009765625,57,NPU:3
PTA+GE,1783596639058982.316	,3210.5009765625,9626.0,3210.5009765625,57,NPU:3
PTA,1783596639058982.717	,3210.5009765625,9626.0,3210.5009765625,57,NPU:3
PTA+GE,1783596639058982.717	,3210.5009765625,9626.0,3210.5009765625,57,NPU:3
PTA,1783596639058984.028	,2826.5009765625,9626.0,2826.5009765625,57,NPU:3
PTA+GE,1783596639058984.028	,2826.5009765625,9626.0,2826.5009765625,57,NPU:3
PTA,1783596639058984.569	,2826.5009765625,9626.0,2826.5009765625,57,NPU:3
PTA+GE,1783596639058984.569	,2826.5009765625,9626.0,2826.5009765625,57,NPU:3
PTA,1783596639059248.475	,2832.5009765625,9626.0,2832.5009765625,57,NPU:3
PTA+GE,1783596639059248.475	,2832.5009765625,9626.0,2832.5009765625,57,NPU:3
PTA,1783596639059261.134	,2832.50146484375,9626.0,2832.50146484375,57,NPU:3
PTA+GE,1783596639059261.134	,2832.50146484375,9626.0,2832.50146484375,57,NPU:3
PTA,1783596639059269.316	,2832.5009765625,9626.0,2832.5009765625,57,NPU:3
PTA+GE,1783596639059269.316	,2832.5009765625,9626.0,2832.5009765625,57,NPU:3
PTA,1783596639059269.837	,2832.5009765625,9626.0,2832.5009765625,57,NPU:3
PTA+GE,1783596639059269.837	,2832.5009765625,9626.0,2832.5009765625,57,NPU:3
PTA,1783596639059523.227	,3216.5009765625,9626.0,3216.5009765625,57,NPU:3
PTA+GE,1783596639059523.227	,3216.5009765625,9626.0,3216.5009765625,57,NPU:3
PTA,1783596639059529.857	,3216.50146484375,9626.0,3216.50146484375,57,NPU:3
PTA+GE,1783596639059529.857	,3216.50146484375,9626.0,3216.50146484375,57,NPU:3
PTA,1783596639059534.714	,3216.5009765625,9626.0,3216.5009765625,57,NPU:3
PTA+GE,1783596639059534.714	,3216.5009765625,9626.0,3216.5009765625,57,NPU:3
PTA,1783596639059535.445	,3216.5009765625,9626.0,3216.5009765625,57,NPU:3
PTA+GE,1783596639059535.445	,3216.5009765625,9626.0,3216.5009765625,57,NPU:3
PTA,1783596639059548.935	,3344.5009765625,9626.0,3344.5009765625,57,NPU:3
PTA+GE,1783596639059548.935	,3344.5009765625,9626.0,3344.5009765625,57,NPU:3
PTA,1783596639059552.881	,3344.50146484375,9626.0,3344.50146484375,57,NPU:3
PTA+GE,1783596639059552.881	,3344.50146484375,9626.0,3344.50146484375,57,NPU:3
PTA,1783596639059558.149	,3344.5009765625,9626.0,3344.5009765625,57,NPU:3
PTA+GE,1783596639059558.149	,3344.5009765625,9626.0,3344.5009765625,57,NPU:3
PTA,1783596639059558.820	,3344.5009765625,9626.0,3344.5009765625,57,NPU:3
PTA+GE,1783596639059558.820	,3344.5009765625,9626.0,3344.5009765625,57,NPU:3
PTA,1783596639059568.705	,3472.5009765625,9626.0,3472.5009765625,57,NPU:3
PTA+GE,1783596639059568.705	,3472.5009765625,9626.0,3472.5009765625,57,NPU:3
PTA,1783596639059572.481	,3472.50146484375,9626.0,3472.50146484375,57,NPU:3
PTA+GE,1783596639059572.481	,3472.50146484375,9626.0,3472.50146484375,57,NPU:3
PTA,1783596639059576.146	,3472.5009765625,9626.0,3472.5009765625,57,NPU:3
PTA+GE,1783596639059576.146	,3472.5009765625,9626.0,3472.5009765625,57,NPU:3
PTA,1783596639059576.757	,3472.5009765625,9626.0,3472.5009765625,57,NPU:3
PTA+GE,1783596639059576.757	,3472.5009765625,9626.0,3472.5009765625,57,NPU:3
PTA,1783596639060165.370	,3466.5009765625,9626.0,3466.5009765625,57,NPU:3
PTA+GE,1783596639060165.370	,3466.5009765625,9626.0,3466.5009765625,57,NPU:3
PTA,1783596639060165.961	,3466.5009765625,9626.0,3466.5009765625,57,NPU:3
PTA+GE,1783596639060165.961	,3466.5009765625,9626.0,3466.5009765625,57,NPU:3
PTA,1783596639060172.561	,2698.5009765625,9626.0,2698.5009765625,57,NPU:3
PTA+GE,1783596639060172.561	,2698.5009765625,9626.0,2698.5009765625,57,NPU:3
PTA,1783596639060173.101	,2698.5009765625,9626.0,2698.5009765625,57,NPU:3
PTA+GE,1783596639060173.101	,2698.5009765625,9626.0,2698.5009765625,57,NPU:3
PTA,1783596639060174.714	,2692.5009765625,9626.0,2692.5009765625,57,NPU:3
PTA+GE,1783596639060174.714	,2692.5009765625,9626.0,2692.5009765625,57,NPU:3
PTA,1783596639060175.255	,2692.5009765625,9626.0,2692.5009765625,57,NPU:3
PTA+GE,1783596639060175.255	,2692.5009765625,9626.0,2692.5009765625,57,NPU:3
PTA,1783596639122336.007	,2692.50146484375,9626.0,2692.50146484375,57,NPU:3
PTA+GE,1783596639122336.007	,2692.50146484375,9626.0,2692.50146484375,57,NPU:3
PTA,1783596639122380.784	,2692.501953125,9626.0,2692.501953125,57,NPU:3
PTA+GE,1783596639122380.784	,2692.501953125,9626.0,2692.501953125,57,NPU:3
PTA,1783596639122413.273	,2692.50146484375,9626.0,2692.50146484375,57,NPU:3
PTA+GE,1783596639122413.273	,2692.50146484375,9626.0,2692.50146484375,57,NPU:3
PTA,1783596639122413.673	,2692.50146484375,9626.0,2692.50146484375,57,NPU:3
PTA+GE,1783596639122413.673	,2692.50146484375,9626.0,2692.50146484375,57,NPU:3
PTA,1783596639122483.528	,2692.501953125,9626.0,2692.501953125,57,NPU:3
PTA+GE,1783596639122483.528	,2692.501953125,9626.0,2692.501953125,57,NPU:3
PTA,1783596639122488.436	,2708.50244140625,9626.0,2708.50244140625,57,NPU:3
PTA+GE,1783596639122488.436	,2708.50244140625,9626.0,2708.50244140625,57,NPU:3
PTA,1783596639122515.907	,2692.501953125,9626.0,2692.501953125,57,NPU:3
PTA+GE,1783596639122515.907	,2692.501953125,9626.0,2692.501953125,57,NPU:3
PTA,1783596639122516.498	,2692.501953125,9626.0,2692.501953125,57,NPU:3
PTA+GE,1783596639122516.498	,2692.501953125,9626.0,2692.501953125,57,NPU:3
PTA,1783596639122519.833	,2692.50146484375,9626.0,2692.50146484375,57,NPU:3
PTA+GE,1783596639122519.833	,2692.50146484375,9626.0,2692.50146484375,57,NPU:3
PTA,1783596639122520.283	,2692.50146484375,9626.0,2692.50146484375,57,NPU:3
PTA+GE,1783596639122520.283	,2692.50146484375,9626.0,2692.50146484375,57,NPU:3
PTA,1783596639122668.796	,2692.501953125,9626.0,2692.501953125,57,NPU:3
PTA+GE,1783596639122668.796	,2692.501953125,9626.0,2692.501953125,57,NPU:3
PTA,1783596639122877.519	,2692.50244140625,9626.0,2692.50244140625,57,NPU:3
PTA+GE,1783596639122877.519	,2692.50244140625,9626.0,2692.50244140625,57,NPU:3
PTA,1783596639122881.505	,2708.50341796875,9626.0,2708.50341796875,57,NPU:3
PTA+GE,1783596639122881.505	,2708.50341796875,9626.0,2708.50341796875,57,NPU:3
PTA,1783596639122909.227	,2692.50244140625,9626.0,2692.50244140625,57,NPU:3
PTA+GE,1783596639122909.227	,2692.50244140625,9626.0,2692.50244140625,57,NPU:3
PTA,1783596639122910.368	,2692.50244140625,9626.0,2692.50244140625,57,NPU:3
PTA+GE,1783596639122910.368	,2692.50244140625,9626.0,2692.50244140625,57,NPU:3
PTA,1783596639123020.754	,2692.5029296875,9626.0,2692.5029296875,57,NPU:3
PTA+GE,1783596639123020.754	,2692.5029296875,9626.0,2692.5029296875,57,NPU:3
PTA,1783596639123050.178	,2708.50341796875,9626.0,2708.50341796875,57,NPU:3
PTA+GE,1783596639123050.178	,2708.50341796875,9626.0,2708.50341796875,57,NPU:3
PTA,1783596639123075.636	,2692.5029296875,9626.0,2692.5029296875,57,NPU:3
PTA+GE,1783596639123075.636	,2692.5029296875,9626.0,2692.5029296875,57,NPU:3
PTA,1783596639123076.267	,2692.5029296875,9626.0,2692.5029296875,57,NPU:3
PTA+GE,1783596639123076.267	,2692.5029296875,9626.0,2692.5029296875,57,NPU:3
PTA,1783596639123079.572	,2692.50244140625,9626.0,2692.50244140625,57,NPU:3
PTA+GE,1783596639123079.572	,2692.50244140625,9626.0,2692.50244140625,57,NPU:3
PTA,1783596639123080.203	,2692.50244140625,9626.0,2692.50244140625,57,NPU:3
PTA+GE,1783596639123080.203	,2692.50244140625,9626.0,2692.50244140625,57,NPU:3
PTA,1783596639123140.884	,2692.5029296875,9626.0,2692.5029296875,57,NPU:3
PTA+GE,1783596639123140.884	,2692.5029296875,9626.0,2692.5029296875,57,NPU:3
PTA,1783596639123144.239	,2708.50341796875,9626.0,2708.50341796875,57,NPU:3
PTA+GE,1783596639123144.239	,2708.50341796875,9626.0,2708.50341796875,57,NPU:3
PTA,1783596639123177.709	,2692.5029296875,9626.0,2692.5029296875,57,NPU:3
PTA+GE,1783596639123177.709	,2692.5029296875,9626.0,2692.5029296875,57,NPU:3
PTA,1783596639123178.130	,2692.5029296875,9626.0,2692.5029296875,57,NPU:3
PTA+GE,1783596639123178.130	,2692.5029296875,9626.0,2692.5029296875,57,NPU:3
PTA,1783596639123181.965	,2692.50244140625,9626.0,2692.50244140625,57,NPU:3
PTA+GE,1783596639123181.965	,2692.50244140625,9626.0,2692.50244140625,57,NPU:3
PTA,1783596639123182.406	,2692.50244140625,9626.0,2692.50244140625,57,NPU:3
PTA+GE,1783596639123182.406	,2692.50244140625,9626.0,2692.50244140625,57,NPU:3
PTA,1783596639123183.548	,2692.501953125,9626.0,2692.501953125,57,NPU:3
PTA+GE,1783596639123183.548	,2692.501953125,9626.0,2692.501953125,57,NPU:3
PTA,1783596639123184.129	,2692.501953125,9626.0,2692.501953125,57,NPU:3
PTA+GE,1783596639123184.129	,2692.501953125,9626.0,2692.501953125,57,NPU:3
PTA,1783596639123320.804	,2692.50244140625,9626.0,2692.50244140625,57,NPU:3
PTA+GE,1783596639123320.804	,2692.50244140625,9626.0,2692.50244140625,57,NPU:3
PTA,1783596639123507.223	,2692.5029296875,9626.0,2692.5029296875,57,NPU:3
PTA+GE,1783596639123507.223	,2692.5029296875,9626.0,2692.5029296875,57,NPU:3
PTA,1783596639123509.797	,2708.50390625,9626.0,2708.50390625,57,NPU:3
PTA+GE,1783596639123509.797	,2708.50390625,9626.0,2708.50390625,57,NPU:3
PTA,1783596639123535.776	,2692.5029296875,9626.0,2692.5029296875,57,NPU:3
PTA+GE,1783596639123535.776	,2692.5029296875,9626.0,2692.5029296875,57,NPU:3
PTA,1783596639123536.247	,2692.5029296875,9626.0,2692.5029296875,57,NPU:3
PTA+GE,1783596639123536.247	,2692.5029296875,9626.0,2692.5029296875,57,NPU:3
PTA,1783596639123638.870	,2692.50341796875,9626.0,2692.50341796875,57,NPU:3
PTA+GE,1783596639123638.870	,2692.50341796875,9626.0,2692.50341796875,57,NPU:3
PTA,1783596639123665.530	,2708.50390625,9626.0,2708.50390625,57,NPU:3
PTA+GE,1783596639123665.530	,2708.50390625,9626.0,2708.50390625,57,NPU:3
PTA,1783596639123701.214	,2692.50341796875,9626.0,2692.50341796875,57,NPU:3
PTA+GE,1783596639123701.214	,2692.50341796875,9626.0,2692.50341796875,57,NPU:3
PTA,1783596639123702.376	,2692.50341796875,9626.0,2692.50341796875,57,NPU:3
PTA+GE,1783596639123702.376	,2692.50341796875,9626.0,2692.50341796875,57,NPU:3
PTA,1783596639123705.951	,2692.5029296875,9626.0,2692.5029296875,57,NPU:3
PTA+GE,1783596639123705.951	,2692.5029296875,9626.0,2692.5029296875,57,NPU:3
PTA,1783596639123706.672	,2692.5029296875,9626.0,2692.5029296875,57,NPU:3
PTA+GE,1783596639123706.672	,2692.5029296875,9626.0,2692.5029296875,57,NPU:3
PTA,1783596639123761.815	,2692.50341796875,9626.0,2692.50341796875,57,NPU:3
PTA+GE,1783596639123761.815	,2692.50341796875,9626.0,2692.50341796875,57,NPU:3
PTA,1783596639123764.148	,2708.50390625,9626.0,2708.50390625,57,NPU:3
PTA+GE,1783596639123764.148	,2708.50390625,9626.0,2708.50390625,57,NPU:3
PTA,1783596639123789.707	,2692.50341796875,9626.0,2692.50341796875,57,NPU:3
PTA+GE,1783596639123789.707	,2692.50341796875,9626.0,2692.50341796875,57,NPU:3
PTA,1783596639123790.478	,2692.50341796875,9626.0,2692.50341796875,57,NPU:3
PTA+GE,1783596639123790.478	,2692.50341796875,9626.0,2692.50341796875,57,NPU:3
PTA,1783596639123793.743	,2692.5029296875,9626.0,2692.5029296875,57,NPU:3
PTA+GE,1783596639123793.743	,2692.5029296875,9626.0,2692.5029296875,57,NPU:3
PTA,1783596639123794.364	,2692.5029296875,9626.0,2692.5029296875,57,NPU:3
PTA+GE,1783596639123794.364	,2692.5029296875,9626.0,2692.5029296875,57,NPU:3
PTA,1783596639123795.435	,2692.50244140625,9626.0,2692.50244140625,57,NPU:3
PTA+GE,1783596639123795.435	,2692.50244140625,9626.0,2692.50244140625,57,NPU:3
PTA,1783596639123795.876	,2692.50244140625,9626.0,2692.50244140625,57,NPU:3
PTA+GE,1783596639123795.876	,2692.50244140625,9626.0,2692.50244140625,57,NPU:3
PTA,1783596639124174.003	,3076.50244140625,9626.0,3076.50244140625,57,NPU:3
PTA+GE,1783596639124174.003	,3076.50244140625,9626.0,3076.50244140625,57,NPU:3
PTA,1783596639124207.743	,6148.50439453125,9626.0,6148.50439453125,57,NPU:3
PTA+GE,1783596639124207.743	,6148.50439453125,9626.0,6148.50439453125,57,NPU:3
PTA,1783596639124237.648	,3076.50244140625,9626.0,3076.50244140625,57,NPU:3
PTA+GE,1783596639124237.648	,3076.50244140625,9626.0,3076.50244140625,57,NPU:3
PTA,1783596639124238.059	,3076.50244140625,9626.0,3076.50244140625,57,NPU:3
PTA+GE,1783596639124238.059	,3076.50244140625,9626.0,3076.50244140625,57,NPU:3
PTA,1783596639124318.740	,3204.50244140625,9626.0,3204.50244140625,57,NPU:3
PTA+GE,1783596639124318.740	,3204.50244140625,9626.0,3204.50244140625,57,NPU:3
PTA,1783596639124348.465	,4228.50439453125,9626.0,4228.50439453125,57,NPU:3
PTA+GE,1783596639124348.465	,4228.50439453125,9626.0,4228.50439453125,57,NPU:3
PTA,1783596639124374.944	,3204.50244140625,9626.0,3204.50244140625,57,NPU:3
PTA+GE,1783596639124374.944	,3204.50244140625,9626.0,3204.50244140625,57,NPU:3
PTA,1783596639124375.835	,3204.50244140625,9626.0,3204.50244140625,57,NPU:3
PTA+GE,1783596639124375.835	,3204.50244140625,9626.0,3204.50244140625,57,NPU:3
PTA,1783596639124453.852	,3332.50244140625,9626.0,3332.50244140625,57,NPU:3
PTA+GE,1783596639124453.852	,3332.50244140625,9626.0,3332.50244140625,57,NPU:3
PTA,1783596639124484.078	,4356.50439453125,9626.0,4356.50439453125,57,NPU:3
PTA+GE,1783596639124484.078	,4356.50439453125,9626.0,4356.50439453125,57,NPU:3
PTA,1783596639124509.186	,3332.50244140625,9626.0,3332.50244140625,57,NPU:3
PTA+GE,1783596639124509.186	,3332.50244140625,9626.0,3332.50244140625,57,NPU:3
PTA,1783596639124509.616	,3332.50244140625,9626.0,3332.50244140625,57,NPU:3
PTA+GE,1783596639124509.616	,3332.50244140625,9626.0,3332.50244140625,57,NPU:3
PTA,1783596639124586.011	,3716.50244140625,9626.0,3716.50244140625,57,NPU:3
PTA+GE,1783596639124586.011	,3716.50244140625,9626.0,3716.50244140625,57,NPU:3
PTA,1783596639124615.605	,6788.50439453125,9626.0,6788.50439453125,57,NPU:3
PTA+GE,1783596639124615.605	,6788.50439453125,9626.0,6788.50439453125,57,NPU:3
PTA,1783596639124640.983	,3716.50244140625,9626.0,3716.50244140625,57,NPU:3
PTA+GE,1783596639124640.983	,3716.50244140625,9626.0,3716.50244140625,57,NPU:3
PTA,1783596639124641.784	,3716.50244140625,9626.0,3716.50244140625,57,NPU:3
PTA+GE,1783596639124641.784	,3716.50244140625,9626.0,3716.50244140625,57,NPU:3
PTA,1783596639124644.769	,3716.501953125,9626.0,3716.501953125,57,NPU:3
PTA+GE,1783596639124644.769	,3716.501953125,9626.0,3716.501953125,57,NPU:3
PTA,1783596639124645.219	,3716.501953125,9626.0,3716.501953125,57,NPU:3
PTA+GE,1783596639124645.219	,3716.501953125,9626.0,3716.501953125,57,NPU:3
PTA,1783596639124647.042	,3332.501953125,9626.0,3332.501953125,57,NPU:3
PTA+GE,1783596639124647.042	,3332.501953125,9626.0,3332.501953125,57,NPU:3
PTA,1783596639124647.473	,3332.501953125,9626.0,3332.501953125,57,NPU:3
PTA+GE,1783596639124647.473	,3332.501953125,9626.0,3332.501953125,57,NPU:3
PTA,1783596639124648.454	,3204.501953125,9626.0,3204.501953125,57,NPU:3
PTA+GE,1783596639124648.454	,3204.501953125,9626.0,3204.501953125,57,NPU:3
PTA,1783596639124648.845	,3204.501953125,9626.0,3204.501953125,57,NPU:3
PTA+GE,1783596639124648.845	,3204.501953125,9626.0,3204.501953125,57,NPU:3
PTA,1783596639124649.846	,3076.501953125,9626.0,3076.501953125,57,NPU:3
PTA+GE,1783596639124649.846	,3076.501953125,9626.0,3076.501953125,57,NPU:3
PTA,1783596639124650.257	,3076.501953125,9626.0,3076.501953125,57,NPU:3
PTA+GE,1783596639124650.257	,3076.501953125,9626.0,3076.501953125,57,NPU:3
PTA,1783596639124651.379	,2692.501953125,9626.0,2692.501953125,57,NPU:3
PTA+GE,1783596639124651.379	,2692.501953125,9626.0,2692.501953125,57,NPU:3
PTA,1783596639124651.849	,2692.501953125,9626.0,2692.501953125,57,NPU:3
PTA+GE,1783596639124651.849	,2692.501953125,9626.0,2692.501953125,57,NPU:3
PTA,1783596639124652.981	,2692.50146484375,9626.0,2692.50146484375,57,NPU:3
PTA+GE,1783596639124652.981	,2692.50146484375,9626.0,2692.50146484375,57,NPU:3
PTA,1783596639124653.402	,2692.50146484375,9626.0,2692.50146484375,57,NPU:3
PTA+GE,1783596639124653.402	,2692.50146484375,9626.0,2692.50146484375,57,NPU:3
PTA,1783596639124654.333	,2692.5009765625,9626.0,2692.5009765625,57,NPU:3
PTA+GE,1783596639124654.333	,2692.5009765625,9626.0,2692.5009765625,57,NPU:3
PTA,1783596639124654.844	,2692.5009765625,9626.0,2692.5009765625,57,NPU:3
PTA+GE,1783596639124654.844	,2692.5009765625,9626.0,2692.5009765625,57,NPU:3
PTA,1783596639124744.518	,3076.5009765625,9626.0,3076.5009765625,57,NPU:3
PTA+GE,1783596639124744.518	,3076.5009765625,9626.0,3076.5009765625,57,NPU:3
PTA,1783596639124772.731	,3076.50146484375,9626.0,3076.50146484375,57,NPU:3
PTA+GE,1783596639124772.731	,3076.50146484375,9626.0,3076.50146484375,57,NPU:3
PTA,1783596639124797.968	,3076.5009765625,9626.0,3076.5009765625,57,NPU:3
PTA+GE,1783596639124797.968	,3076.5009765625,9626.0,3076.5009765625,57,NPU:3
PTA,1783596639124798.559	,3076.5009765625,9626.0,3076.5009765625,57,NPU:3
PTA+GE,1783596639124798.559	,3076.5009765625,9626.0,3076.5009765625,57,NPU:3
PTA,1783596639124935.044	,3204.5009765625,9626.0,3204.5009765625,57,NPU:3
PTA+GE,1783596639124935.044	,3204.5009765625,9626.0,3204.5009765625,57,NPU:3
PTA,1783596639124961.984	,3204.50146484375,9626.0,3204.50146484375,57,NPU:3
PTA+GE,1783596639124961.984	,3204.50146484375,9626.0,3204.50146484375,57,NPU:3
PTA,1783596639124994.012	,3204.5009765625,9626.0,3204.5009765625,57,NPU:3
PTA+GE,1783596639124994.012	,3204.5009765625,9626.0,3204.5009765625,57,NPU:3
PTA,1783596639124994.433	,3204.5009765625,9626.0,3204.5009765625,57,NPU:3
PTA+GE,1783596639124994.433	,3204.5009765625,9626.0,3204.5009765625,57,NPU:3
PTA,1783596639125125.069	,3332.5009765625,9626.0,3332.5009765625,57,NPU:3
PTA+GE,1783596639125125.069	,3332.5009765625,9626.0,3332.5009765625,57,NPU:3
PTA,1783596639125151.779	,3332.50146484375,9626.0,3332.50146484375,57,NPU:3
PTA+GE,1783596639125151.779	,3332.50146484375,9626.0,3332.50146484375,57,NPU:3
PTA,1783596639125179.811	,3332.5009765625,9626.0,3332.5009765625,57,NPU:3
PTA+GE,1783596639125179.811	,3332.5009765625,9626.0,3332.5009765625,57,NPU:3
PTA,1783596639125180.372	,3332.5009765625,9626.0,3332.5009765625,57,NPU:3
PTA+GE,1783596639125180.372	,3332.5009765625,9626.0,3332.5009765625,57,NPU:3
PTA,1783596639125525.109	,3716.5009765625,9626.0,3716.5009765625,57,NPU:3
PTA+GE,1783596639125525.109	,3716.5009765625,9626.0,3716.5009765625,57,NPU:3
PTA,1783596639125622.575	,3716.50146484375,9626.0,3716.50146484375,57,NPU:3
PTA+GE,1783596639125622.575	,3716.50146484375,9626.0,3716.50146484375,57,NPU:3
PTA,1783596639125695.795	,3716.5009765625,9626.0,3716.5009765625,57,NPU:3
PTA+GE,1783596639125695.795	,3716.5009765625,9626.0,3716.5009765625,57,NPU:3
PTA,1783596639125696.786	,3716.5009765625,9626.0,3716.5009765625,57,NPU:3
PTA+GE,1783596639125696.786	,3716.5009765625,9626.0,3716.5009765625,57,NPU:3
PTA,1783596639125860.311	,3722.5009765625,9626.0,3722.5009765625,57,NPU:3
PTA+GE,1783596639125860.311	,3722.5009765625,9626.0,3722.5009765625,57,NPU:3
PTA,1783596639125938.278	,3722.50146484375,9626.0,3722.50146484375,57,NPU:3
PTA+GE,1783596639125938.278	,3722.50146484375,9626.0,3722.50146484375,57,NPU:3
PTA,1783596639126016.495	,3722.5009765625,9626.0,3722.5009765625,57,NPU:3
PTA+GE,1783596639126016.495	,3722.5009765625,9626.0,3722.5009765625,57,NPU:3
PTA,1783596639126017.347	,3722.5009765625,9626.0,3722.5009765625,57,NPU:3
PTA+GE,1783596639126017.347	,3722.5009765625,9626.0,3722.5009765625,57,NPU:3
PTA,1783596639126205.539	,3728.5009765625,9626.0,3728.5009765625,57,NPU:3
PTA+GE,1783596639126205.539	,3728.5009765625,9626.0,3728.5009765625,57,NPU:3
PTA,1783596639126339.530	,3744.50146484375,9626.0,3744.50146484375,57,NPU:3
PTA+GE,1783596639126339.530	,3744.50146484375,9626.0,3744.50146484375,57,NPU:3
PTA,1783596639126434.212	,3728.5009765625,9626.0,3728.5009765625,57,NPU:3
PTA+GE,1783596639126434.212	,3728.5009765625,9626.0,3728.5009765625,57,NPU:3
PTA,1783596639126436.665	,3728.5009765625,9626.0,3728.5009765625,57,NPU:3
PTA+GE,1783596639126436.665	,3728.5009765625,9626.0,3728.5009765625,57,NPU:3
PTA,1783596639126441.082	,3722.5009765625,9626.0,3722.5009765625,57,NPU:3
PTA+GE,1783596639126441.082	,3722.5009765625,9626.0,3722.5009765625,57,NPU:3
PTA,1783596639126442.114	,3722.5009765625,9626.0,3722.5009765625,57,NPU:3
PTA+GE,1783596639126442.114	,3722.5009765625,9626.0,3722.5009765625,57,NPU:3
PTA,1783596639126729.014	,4490.5009765625,9626.0,4490.5009765625,57,NPU:3
PTA+GE,1783596639126729.014	,4490.5009765625,9626.0,4490.5009765625,57,NPU:3
PTA,1783596639126818.117	,4490.50146484375,9626.0,4490.50146484375,57,NPU:3
PTA+GE,1783596639126818.117	,4490.50146484375,9626.0,4490.50146484375,57,NPU:3
PTA,1783596639126915.383	,4490.5009765625,9626.0,4490.5009765625,57,NPU:3
PTA+GE,1783596639126915.383	,4490.5009765625,9626.0,4490.5009765625,57,NPU:3
PTA,1783596639126915.844	,4490.5009765625,9626.0,4490.5009765625,57,NPU:3
PTA+GE,1783596639126915.844	,4490.5009765625,9626.0,4490.5009765625,57,NPU:3
PTA,1783596639127711.086	,4362.5009765625,9626.0,4362.5009765625,57,NPU:3
PTA+GE,1783596639127711.086	,4362.5009765625,9626.0,4362.5009765625,57,NPU:3
PTA,1783596639127711.727	,4362.5009765625,9626.0,4362.5009765625,57,NPU:3
PTA+GE,1783596639127711.727	,4362.5009765625,9626.0,4362.5009765625,57,NPU:3
PTA,1783596639127713.159	,4234.5009765625,9626.0,4234.5009765625,57,NPU:3
PTA+GE,1783596639127713.159	,4234.5009765625,9626.0,4234.5009765625,57,NPU:3
PTA,1783596639127713.891	,4234.5009765625,9626.0,4234.5009765625,57,NPU:3
PTA+GE,1783596639127713.891	,4234.5009765625,9626.0,4234.5009765625,57,NPU:3
PTA,1783596639127724.166	,4106.5009765625,9626.0,4106.5009765625,57,NPU:3
PTA+GE,1783596639127724.166	,4106.5009765625,9626.0,4106.5009765625,57,NPU:3
PTA,1783596639127724.937	,4106.5009765625,9626.0,4106.5009765625,57,NPU:3
PTA+GE,1783596639127724.937	,4106.5009765625,9626.0,4106.5009765625,57,NPU:3
PTA,1783596639127728.192	,3978.5009765625,9626.0,3978.5009765625,57,NPU:3
PTA+GE,1783596639127728.192	,3978.5009765625,9626.0,3978.5009765625,57,NPU:3
PTA,1783596639127728.823	,3978.5009765625,9626.0,3978.5009765625,57,NPU:3
PTA+GE,1783596639127728.823	,3978.5009765625,9626.0,3978.5009765625,57,NPU:3
PTA,1783596639127730.495	,3594.5009765625,9626.0,3594.5009765625,57,NPU:3
PTA+GE,1783596639127730.495	,3594.5009765625,9626.0,3594.5009765625,57,NPU:3
PTA,1783596639127731.998	,3594.5009765625,9626.0,3594.5009765625,57,NPU:3
PTA+GE,1783596639127731.998	,3594.5009765625,9626.0,3594.5009765625,57,NPU:3
PTA,1783596639127733.139	,3210.5009765625,9626.0,3210.5009765625,57,NPU:3
PTA+GE,1783596639127733.139	,3210.5009765625,9626.0,3210.5009765625,57,NPU:3
PTA,1783596639127733.971	,3210.5009765625,9626.0,3210.5009765625,57,NPU:3
PTA+GE,1783596639127733.971	,3210.5009765625,9626.0,3210.5009765625,57,NPU:3
PTA,1783596639127736.825	,2826.5009765625,9626.0,2826.5009765625,57,NPU:3
PTA+GE,1783596639127736.825	,2826.5009765625,9626.0,2826.5009765625,57,NPU:3
PTA,1783596639127737.466	,2826.5009765625,9626.0,2826.5009765625,57,NPU:3
PTA+GE,1783596639127737.466	,2826.5009765625,9626.0,2826.5009765625,57,NPU:3
PTA,1783596639127974.141	,2832.5009765625,9626.0,2832.5009765625,57,NPU:3
PTA+GE,1783596639127974.141	,2832.5009765625,9626.0,2832.5009765625,57,NPU:3
PTA,1783596639127988.052	,2832.50146484375,9626.0,2832.50146484375,57,NPU:3
PTA+GE,1783596639127988.052	,2832.50146484375,9626.0,2832.50146484375,57,NPU:3
PTA,1783596639127996.084	,2832.5009765625,9626.0,2832.5009765625,57,NPU:3
PTA+GE,1783596639127996.084	,2832.5009765625,9626.0,2832.5009765625,57,NPU:3
PTA,1783596639127996.664	,2832.5009765625,9626.0,2832.5009765625,57,NPU:3
PTA+GE,1783596639127996.664	,2832.5009765625,9626.0,2832.5009765625,57,NPU:3
PTA,1783596639128261.081	,3216.5009765625,9626.0,3216.5009765625,57,NPU:3
PTA+GE,1783596639128261.081	,3216.5009765625,9626.0,3216.5009765625,57,NPU:3
PTA,1783596639128268.011	,3216.50146484375,9626.0,3216.50146484375,57,NPU:3
PTA+GE,1783596639128268.011	,3216.50146484375,9626.0,3216.50146484375,57,NPU:3
PTA,1783596639128273.259	,3216.5009765625,9626.0,3216.5009765625,57,NPU:3
PTA+GE,1783596639128273.259	,3216.5009765625,9626.0,3216.5009765625,57,NPU:3
PTA,1783596639128273.740	,3216.5009765625,9626.0,3216.5009765625,57,NPU:3
PTA+GE,1783596639128273.740	,3216.5009765625,9626.0,3216.5009765625,57,NPU:3
PTA,1783596639128305.277	,3344.5009765625,9626.0,3344.5009765625,57,NPU:3
PTA+GE,1783596639128305.277	,3344.5009765625,9626.0,3344.5009765625,57,NPU:3
PTA,1783596639128314.631	,3344.50146484375,9626.0,3344.50146484375,57,NPU:3
PTA+GE,1783596639128314.631	,3344.50146484375,9626.0,3344.50146484375,57,NPU:3
PTA,1783596639128326.659	,3344.5009765625,9626.0,3344.5009765625,57,NPU:3
PTA+GE,1783596639128326.659	,3344.5009765625,9626.0,3344.5009765625,57,NPU:3
PTA,1783596639128327.440	,3344.5009765625,9626.0,3344.5009765625,57,NPU:3
PTA+GE,1783596639128327.440	,3344.5009765625,9626.0,3344.5009765625,57,NPU:3
PTA,1783596639128359.529	,3472.5009765625,9626.0,3472.5009765625,57,NPU:3
PTA+GE,1783596639128359.529	,3472.5009765625,9626.0,3472.5009765625,57,NPU:3
PTA,1783596639128520.270	,3472.50146484375,9626.0,3472.50146484375,57,NPU:3
PTA+GE,1783596639128520.270	,3472.50146484375,9626.0,3472.50146484375,57,NPU:3
PTA,1783596639128593.079	,3472.5009765625,9626.0,3472.5009765625,57,NPU:3
PTA+GE,1783596639128593.079	,3472.5009765625,9626.0,3472.5009765625,57,NPU:3
PTA,1783596639128594.481	,3472.5009765625,9626.0,3472.5009765625,57,NPU:3
PTA+GE,1783596639128594.481	,3472.5009765625,9626.0,3472.5009765625,57,NPU:3
PTA,1783596639130117.254	,3466.5009765625,9626.0,3466.5009765625,57,NPU:3
PTA+GE,1783596639130117.254	,3466.5009765625,9626.0,3466.5009765625,57,NPU:3
PTA,1783596639130118.386	,3466.5009765625,9626.0,3466.5009765625,57,NPU:3
PTA+GE,1783596639130118.386	,3466.5009765625,9626.0,3466.5009765625,57,NPU:3
PTA,1783596639130141.771	,2698.5009765625,9626.0,2698.5009765625,57,NPU:3
PTA+GE,1783596639130141.771	,2698.5009765625,9626.0,2698.5009765625,57,NPU:3
PTA,1783596639130142.482	,2698.5009765625,9626.0,2698.5009765625,57,NPU:3
PTA+GE,1783596639130142.482	,2698.5009765625,9626.0,2698.5009765625,57,NPU:3
PTA,1783596639130145.517	,2692.5009765625,9626.0,2692.5009765625,57,NPU:3
PTA+GE,1783596639130145.517	,2692.5009765625,9626.0,2692.5009765625,57,NPU:3
PTA,1783596639130146.418	,2692.5009765625,9626.0,2692.5009765625,57,NPU:3
PTA+GE,1783596639130146.418	,2692.5009765625,9626.0,2692.5009765625,57,NPU:3
PTA,1783596639190032.930	,2692.50146484375,9626.0,2692.50146484375,57,NPU:3
PTA+GE,1783596639190032.930	,2692.50146484375,9626.0,2692.50146484375,57,NPU:3
PTA,1783596639190074.903	,2692.501953125,9626.0,2692.501953125,57,NPU:3
PTA+GE,1783596639190074.903	,2692.501953125,9626.0,2692.501953125,57,NPU:3
PTA,1783596639190112.630	,2692.50146484375,9626.0,2692.50146484375,57,NPU:3
PTA+GE,1783596639190112.630	,2692.50146484375,9626.0,2692.50146484375,57,NPU:3
PTA,1783596639190113.080	,2692.50146484375,9626.0,2692.50146484375,57,NPU:3
PTA+GE,1783596639190113.080	,2692.50146484375,9626.0,2692.50146484375,57,NPU:3
PTA,1783596639190184.507	,2692.501953125,9626.0,2692.501953125,57,NPU:3
PTA+GE,1783596639190184.507	,2692.501953125,9626.0,2692.501953125,57,NPU:3
PTA,1783596639190190.386	,2708.50244140625,9626.0,2708.50244140625,57,NPU:3
PTA+GE,1783596639190190.386	,2708.50244140625,9626.0,2708.50244140625,57,NPU:3
PTA,1783596639190230.727	,2692.501953125,9626.0,2692.501953125,57,NPU:3
PTA+GE,1783596639190230.727	,2692.501953125,9626.0,2692.501953125,57,NPU:3
PTA,1783596639190231.498	,2692.501953125,9626.0,2692.501953125,57,NPU:3
PTA+GE,1783596639190231.498	,2692.501953125,9626.0,2692.501953125,57,NPU:3
PTA,1783596639190235.103	,2692.50146484375,9626.0,2692.50146484375,57,NPU:3
PTA+GE,1783596639190235.103	,2692.50146484375,9626.0,2692.50146484375,57,NPU:3
PTA,1783596639190235.925	,2692.50146484375,9626.0,2692.50146484375,57,NPU:3
PTA+GE,1783596639190235.925	,2692.50146484375,9626.0,2692.50146484375,57,NPU:3
PTA,1783596639190390.747	,2692.501953125,9626.0,2692.501953125,57,NPU:3
PTA+GE,1783596639190390.747	,2692.501953125,9626.0,2692.501953125,57,NPU:3
PTA,1783596639190612.710	,2692.50244140625,9626.0,2692.50244140625,57,NPU:3
PTA+GE,1783596639190612.710	,2692.50244140625,9626.0,2692.50244140625,57,NPU:3
PTA,1783596639190616.626	,2708.50341796875,9626.0,2708.50341796875,57,NPU:3
PTA+GE,1783596639190616.626	,2708.50341796875,9626.0,2708.50341796875,57,NPU:3
PTA,1783596639190647.381	,2692.50244140625,9626.0,2692.50244140625,57,NPU:3
PTA+GE,1783596639190647.381	,2692.50244140625,9626.0,2692.50244140625,57,NPU:3
PTA,1783596639190647.993	,2692.50244140625,9626.0,2692.50244140625,57,NPU:3
PTA+GE,1783596639190647.993	,2692.50244140625,9626.0,2692.50244140625,57,NPU:3
PTA,1783596639190766.320	,2692.5029296875,9626.0,2692.5029296875,57,NPU:3
PTA+GE,1783596639190766.320	,2692.5029296875,9626.0,2692.5029296875,57,NPU:3
PTA,1783596639190796.986	,2708.50341796875,9626.0,2708.50341796875,57,NPU:3
PTA+GE,1783596639190796.986	,2708.50341796875,9626.0,2708.50341796875,57,NPU:3
PTA,1783596639190827.351	,2692.5029296875,9626.0,2692.5029296875,57,NPU:3
PTA+GE,1783596639190827.351	,2692.5029296875,9626.0,2692.5029296875,57,NPU:3
PTA,1783596639190828.012	,2692.5029296875,9626.0,2692.5029296875,57,NPU:3
PTA+GE,1783596639190828.012	,2692.5029296875,9626.0,2692.5029296875,57,NPU:3
PTA,1783596639190831.297	,2692.50244140625,9626.0,2692.50244140625,57,NPU:3
PTA+GE,1783596639190831.297	,2692.50244140625,9626.0,2692.50244140625,57,NPU:3
PTA,1783596639190832.319	,2692.50244140625,9626.0,2692.50244140625,57,NPU:3
PTA+GE,1783596639190832.319	,2692.50244140625,9626.0,2692.50244140625,57,NPU:3
PTA,1783596639190897.026	,2692.5029296875,9626.0,2692.5029296875,57,NPU:3
PTA+GE,1783596639190897.026	,2692.5029296875,9626.0,2692.5029296875,57,NPU:3
PTA,1783596639190899.810	,2708.50341796875,9626.0,2708.50341796875,57,NPU:3
PTA+GE,1783596639190899.810	,2708.50341796875,9626.0,2708.50341796875,57,NPU:3
PTA,1783596639190927.281	,2692.5029296875,9626.0,2692.5029296875,57,NPU:3
PTA+GE,1783596639190927.281	,2692.5029296875,9626.0,2692.5029296875,57,NPU:3
PTA,1783596639190927.672	,2692.5029296875,9626.0,2692.5029296875,57,NPU:3
PTA+GE,1783596639190927.672	,2692.5029296875,9626.0,2692.5029296875,57,NPU:3
PTA,1783596639190930.616	,2692.50244140625,9626.0,2692.50244140625,57,NPU:3
PTA+GE,1783596639190930.616	,2692.50244140625,9626.0,2692.50244140625,57,NPU:3
PTA,1783596639190931.077	,2692.50244140625,9626.0,2692.50244140625,57,NPU:3
PTA+GE,1783596639190931.077	,2692.50244140625,9626.0,2692.50244140625,57,NPU:3
PTA,1783596639190932.219	,2692.501953125,9626.0,2692.501953125,57,NPU:3
PTA+GE,1783596639190932.219	,2692.501953125,9626.0,2692.501953125,57,NPU:3
PTA,1783596639190932.629	,2692.501953125,9626.0,2692.501953125,57,NPU:3
PTA+GE,1783596639190932.629	,2692.501953125,9626.0,2692.501953125,57,NPU:3
PTA,1783596639191082.354	,2692.50244140625,9626.0,2692.50244140625,57,NPU:3
PTA+GE,1783596639191082.354	,2692.50244140625,9626.0,2692.50244140625,57,NPU:3
PTA,1783596639191285.348	,2692.5029296875,9626.0,2692.5029296875,57,NPU:3
PTA+GE,1783596639191285.348	,2692.5029296875,9626.0,2692.5029296875,57,NPU:3
PTA,1783596639191288.253	,2708.50390625,9626.0,2708.50390625,57,NPU:3
PTA+GE,1783596639191288.253	,2708.50390625,9626.0,2708.50390625,57,NPU:3
PTA,1783596639191320.321	,2692.5029296875,9626.0,2692.5029296875,57,NPU:3
PTA+GE,1783596639191320.321	,2692.5029296875,9626.0,2692.5029296875,57,NPU:3
PTA,1783596639191321.432	,2692.5029296875,9626.0,2692.5029296875,57,NPU:3
PTA+GE,1783596639191321.432	,2692.5029296875,9626.0,2692.5029296875,57,NPU:3
PTA,1783596639191442.524	,2692.50341796875,9626.0,2692.50341796875,57,NPU:3
PTA+GE,1783596639191442.524	,2692.50341796875,9626.0,2692.50341796875,57,NPU:3
PTA,1783596639191475.804	,2708.50390625,9626.0,2708.50390625,57,NPU:3
PTA+GE,1783596639191475.804	,2708.50390625,9626.0,2708.50390625,57,NPU:3
PTA,1783596639191509.144	,2692.50341796875,9626.0,2692.50341796875,57,NPU:3
PTA+GE,1783596639191509.144	,2692.50341796875,9626.0,2692.50341796875,57,NPU:3
PTA,1783596639191509.594	,2692.50341796875,9626.0,2692.50341796875,57,NPU:3
PTA+GE,1783596639191509.594	,2692.50341796875,9626.0,2692.50341796875,57,NPU:3
PTA,1783596639191512.619	,2692.5029296875,9626.0,2692.5029296875,57,NPU:3
PTA+GE,1783596639191512.619	,2692.5029296875,9626.0,2692.5029296875,57,NPU:3
PTA,1783596639191513.260	,2692.5029296875,9626.0,2692.5029296875,57,NPU:3
PTA+GE,1783596639191513.260	,2692.5029296875,9626.0,2692.5029296875,57,NPU:3
PTA,1783596639191572.459	,2692.50341796875,9626.0,2692.50341796875,57,NPU:3
PTA+GE,1783596639191572.459	,2692.50341796875,9626.0,2692.50341796875,57,NPU:3
PTA,1783596639191574.502	,2708.50390625,9626.0,2708.50390625,57,NPU:3
PTA+GE,1783596639191574.502	,2708.50390625,9626.0,2708.50390625,57,NPU:3
PTA,1783596639191610.355	,2692.50341796875,9626.0,2692.50341796875,57,NPU:3
PTA+GE,1783596639191610.355	,2692.50341796875,9626.0,2692.50341796875,57,NPU:3
PTA,1783596639191610.796	,2692.50341796875,9626.0,2692.50341796875,57,NPU:3
PTA+GE,1783596639191610.796	,2692.50341796875,9626.0,2692.50341796875,57,NPU:3
PTA,1783596639191613.530	,2692.5029296875,9626.0,2692.5029296875,57,NPU:3
PTA+GE,1783596639191613.530	,2692.5029296875,9626.0,2692.5029296875,57,NPU:3
PTA,1783596639191613.951	,2692.5029296875,9626.0,2692.5029296875,57,NPU:3
PTA+GE,1783596639191613.951	,2692.5029296875,9626.0,2692.5029296875,57,NPU:3
PTA,1783596639191615.083	,2692.50244140625,9626.0,2692.50244140625,57,NPU:3
PTA+GE,1783596639191615.083	,2692.50244140625,9626.0,2692.50244140625,57,NPU:3
PTA,1783596639191615.513	,2692.50244140625,9626.0,2692.50244140625,57,NPU:3
PTA+GE,1783596639191615.513	,2692.50244140625,9626.0,2692.50244140625,57,NPU:3
PTA,1783596639192028.222	,3076.50244140625,9626.0,3076.50244140625,57,NPU:3
PTA+GE,1783596639192028.222	,3076.50244140625,9626.0,3076.50244140625,57,NPU:3
PTA,1783596639192069.133	,6148.50439453125,9626.0,6148.50439453125,57,NPU:3
PTA+GE,1783596639192069.133	,6148.50439453125,9626.0,6148.50439453125,57,NPU:3
PTA,1783596639192099.910	,3076.50244140625,9626.0,3076.50244140625,57,NPU:3
PTA+GE,1783596639192099.910	,3076.50244140625,9626.0,3076.50244140625,57,NPU:3
PTA,1783596639192100.340	,3076.50244140625,9626.0,3076.50244140625,57,NPU:3
PTA+GE,1783596639192100.340	,3076.50244140625,9626.0,3076.50244140625,57,NPU:3
PTA,1783596639192198.157	,3204.50244140625,9626.0,3204.50244140625,57,NPU:3
PTA+GE,1783596639192198.157	,3204.50244140625,9626.0,3204.50244140625,57,NPU:3
PTA,1783596639192232.889	,4228.50439453125,9626.0,4228.50439453125,57,NPU:3
PTA+GE,1783596639192232.889	,4228.50439453125,9626.0,4228.50439453125,57,NPU:3
PTA,1783596639192273.880	,3204.50244140625,9626.0,3204.50244140625,57,NPU:3
PTA+GE,1783596639192273.880	,3204.50244140625,9626.0,3204.50244140625,57,NPU:3
PTA,1783596639192274.331	,3204.50244140625,9626.0,3204.50244140625,57,NPU:3
PTA+GE,1783596639192274.331	,3204.50244140625,9626.0,3204.50244140625,57,NPU:3
PTA,1783596639192364.887	,3332.50244140625,9626.0,3332.50244140625,57,NPU:3
PTA+GE,1783596639192364.887	,3332.50244140625,9626.0,3332.50244140625,57,NPU:3
PTA,1783596639192399.278	,4356.50439453125,9626.0,4356.50439453125,57,NPU:3
PTA+GE,1783596639192399.278	,4356.50439453125,9626.0,4356.50439453125,57,NPU:3
PTA,1783596639192429.053	,3332.50244140625,9626.0,3332.50244140625,57,NPU:3
PTA+GE,1783596639192429.053	,3332.50244140625,9626.0,3332.50244140625,57,NPU:3
PTA,1783596639192429.704	,3332.50244140625,9626.0,3332.50244140625,57,NPU:3
PTA+GE,1783596639192429.704	,3332.50244140625,9626.0,3332.50244140625,57,NPU:3
PTA,1783596639192519.639	,3716.50244140625,9626.0,3716.50244140625,57,NPU:3
PTA+GE,1783596639192519.639	,3716.50244140625,9626.0,3716.50244140625,57,NPU:3
PTA,1783596639192553.329	,6788.50439453125,9626.0,6788.50439453125,57,NPU:3
PTA+GE,1783596639192553.329	,6788.50439453125,9626.0,6788.50439453125,57,NPU:3
PTA,1783596639192581.932	,3716.50244140625,9626.0,3716.50244140625,57,NPU:3
PTA+GE,1783596639192581.932	,3716.50244140625,9626.0,3716.50244140625,57,NPU:3
PTA,1783596639192582.603	,3716.50244140625,9626.0,3716.50244140625,57,NPU:3
PTA+GE,1783596639192582.603	,3716.50244140625,9626.0,3716.50244140625,57,NPU:3
PTA,1783596639192585.037	,3716.501953125,9626.0,3716.501953125,57,NPU:3
PTA+GE,1783596639192585.037	,3716.501953125,9626.0,3716.501953125,57,NPU:3
PTA,1783596639192585.498	,3716.501953125,9626.0,3716.501953125,57,NPU:3
PTA+GE,1783596639192585.498	,3716.501953125,9626.0,3716.501953125,57,NPU:3
PTA,1783596639192587.441	,3332.501953125,9626.0,3332.501953125,57,NPU:3
PTA+GE,1783596639192587.441	,3332.501953125,9626.0,3332.501953125,57,NPU:3
PTA,1783596639192587.871	,3332.501953125,9626.0,3332.501953125,57,NPU:3
PTA+GE,1783596639192587.871	,3332.501953125,9626.0,3332.501953125,57,NPU:3
PTA,1783596639192589.253	,3204.501953125,9626.0,3204.501953125,57,NPU:3
PTA+GE,1783596639192589.253	,3204.501953125,9626.0,3204.501953125,57,NPU:3
PTA,1783596639192589.774	,3204.501953125,9626.0,3204.501953125,57,NPU:3
PTA+GE,1783596639192589.774	,3204.501953125,9626.0,3204.501953125,57,NPU:3
PTA,1783596639192591.416	,3076.501953125,9626.0,3076.501953125,57,NPU:3
PTA+GE,1783596639192591.416	,3076.501953125,9626.0,3076.501953125,57,NPU:3
PTA,1783596639192591.977	,3076.501953125,9626.0,3076.501953125,57,NPU:3
PTA+GE,1783596639192591.977	,3076.501953125,9626.0,3076.501953125,57,NPU:3
PTA,1783596639192593.169	,2692.501953125,9626.0,2692.501953125,57,NPU:3
PTA+GE,1783596639192593.169	,2692.501953125,9626.0,2692.501953125,57,NPU:3
PTA,1783596639192593.630	,2692.501953125,9626.0,2692.501953125,57,NPU:3
PTA+GE,1783596639192593.630	,2692.501953125,9626.0,2692.501953125,57,NPU:3
PTA,1783596639192595.192	,2692.50146484375,9626.0,2692.50146484375,57,NPU:3
PTA+GE,1783596639192595.192	,2692.50146484375,9626.0,2692.50146484375,57,NPU:3
PTA,1783596639192595.653	,2692.50146484375,9626.0,2692.50146484375,57,NPU:3
PTA+GE,1783596639192595.653	,2692.50146484375,9626.0,2692.50146484375,57,NPU:3
PTA,1783596639192598.157	,2692.5009765625,9626.0,2692.5009765625,57,NPU:3
PTA+GE,1783596639192598.157	,2692.5009765625,9626.0,2692.5009765625,57,NPU:3
PTA,1783596639192599.068	,2692.5009765625,9626.0,2692.5009765625,57,NPU:3
PTA+GE,1783596639192599.068	,2692.5009765625,9626.0,2692.5009765625,57,NPU:3
PTA,1783596639192698.347	,3076.5009765625,9626.0,3076.5009765625,57,NPU:3
PTA+GE,1783596639192698.347	,3076.5009765625,9626.0,3076.5009765625,57,NPU:3
PTA,1783596639192730.084	,3076.50146484375,9626.0,3076.50146484375,57,NPU:3
PTA+GE,1783596639192730.084	,3076.50146484375,9626.0,3076.50146484375,57,NPU:3
PTA,1783596639192761.121	,3076.5009765625,9626.0,3076.5009765625,57,NPU:3
PTA+GE,1783596639192761.121	,3076.5009765625,9626.0,3076.5009765625,57,NPU:3
PTA,1783596639192761.522	,3076.5009765625,9626.0,3076.5009765625,57,NPU:3
PTA+GE,1783596639192761.522	,3076.5009765625,9626.0,3076.5009765625,57,NPU:3
PTA,1783596639192905.938	,3204.5009765625,9626.0,3204.5009765625,57,NPU:3
PTA+GE,1783596639192905.938	,3204.5009765625,9626.0,3204.5009765625,57,NPU:3
PTA,1783596639192936.143	,3204.50146484375,9626.0,3204.50146484375,57,NPU:3
PTA+GE,1783596639192936.143	,3204.50146484375,9626.0,3204.50146484375,57,NPU:3
PTA,1783596639192966.549	,3204.5009765625,9626.0,3204.5009765625,57,NPU:3
PTA+GE,1783596639192966.549	,3204.5009765625,9626.0,3204.5009765625,57,NPU:3
PTA,1783596639192966.959	,3204.5009765625,9626.0,3204.5009765625,57,NPU:3
PTA+GE,1783596639192966.959	,3204.5009765625,9626.0,3204.5009765625,57,NPU:3
PTA,1783596639193102.212	,3332.5009765625,9626.0,3332.5009765625,57,NPU:3
PTA+GE,1783596639193102.212	,3332.5009765625,9626.0,3332.5009765625,57,NPU:3
PTA,1783596639193130.435	,3332.50146484375,9626.0,3332.50146484375,57,NPU:3
PTA+GE,1783596639193130.435	,3332.50146484375,9626.0,3332.50146484375,57,NPU:3
PTA,1783596639193160.409	,3332.5009765625,9626.0,3332.5009765625,57,NPU:3
PTA+GE,1783596639193160.409	,3332.5009765625,9626.0,3332.5009765625,57,NPU:3
PTA,1783596639193160.830	,3332.5009765625,9626.0,3332.5009765625,57,NPU:3
PTA+GE,1783596639193160.830	,3332.5009765625,9626.0,3332.5009765625,57,NPU:3
PTA,1783596639193382.803	,3716.5009765625,9626.0,3716.5009765625,57,NPU:3
PTA+GE,1783596639193382.803	,3716.5009765625,9626.0,3716.5009765625,57,NPU:3
PTA,1783596639193414.991	,3716.50146484375,9626.0,3716.50146484375,57,NPU:3
PTA+GE,1783596639193414.991	,3716.50146484375,9626.0,3716.50146484375,57,NPU:3
PTA,1783596639193444.195	,3716.5009765625,9626.0,3716.5009765625,57,NPU:3
PTA+GE,1783596639193444.195	,3716.5009765625,9626.0,3716.5009765625,57,NPU:3
PTA,1783596639193444.606	,3716.5009765625,9626.0,3716.5009765625,57,NPU:3
PTA+GE,1783596639193444.606	,3716.5009765625,9626.0,3716.5009765625,57,NPU:3
PTA,1783596639193510.434	,3722.5009765625,9626.0,3722.5009765625,57,NPU:3
PTA+GE,1783596639193510.434	,3722.5009765625,9626.0,3722.5009765625,57,NPU:3
PTA,1783596639193540.079	,3722.50146484375,9626.0,3722.50146484375,57,NPU:3
PTA+GE,1783596639193540.079	,3722.50146484375,9626.0,3722.50146484375,57,NPU:3
PTA,1783596639193576.113	,3722.5009765625,9626.0,3722.5009765625,57,NPU:3
PTA+GE,1783596639193576.113	,3722.5009765625,9626.0,3722.5009765625,57,NPU:3
PTA,1783596639193576.694	,3722.5009765625,9626.0,3722.5009765625,57,NPU:3
PTA+GE,1783596639193576.694	,3722.5009765625,9626.0,3722.5009765625,57,NPU:3
PTA,1783596639193649.072	,3728.5009765625,9626.0,3728.5009765625,57,NPU:3
PTA+GE,1783596639193649.072	,3728.5009765625,9626.0,3728.5009765625,57,NPU:3
PTA,1783596639193705.777	,3744.50146484375,9626.0,3744.50146484375,57,NPU:3
PTA+GE,1783596639193705.777	,3744.50146484375,9626.0,3744.50146484375,57,NPU:3
PTA,1783596639193734.610	,3728.5009765625,9626.0,3728.5009765625,57,NPU:3
PTA+GE,1783596639193734.610	,3728.5009765625,9626.0,3728.5009765625,57,NPU:3
PTA,1783596639193735.221	,3728.5009765625,9626.0,3728.5009765625,57,NPU:3
PTA+GE,1783596639193735.221	,3728.5009765625,9626.0,3728.5009765625,57,NPU:3
PTA,1783596639193739.127	,3722.5009765625,9626.0,3722.5009765625,57,NPU:3
PTA+GE,1783596639193739.127	,3722.5009765625,9626.0,3722.5009765625,57,NPU:3
PTA,1783596639193739.638	,3722.5009765625,9626.0,3722.5009765625,57,NPU:3
PTA+GE,1783596639193739.638	,3722.5009765625,9626.0,3722.5009765625,57,NPU:3
PTA,1783596639193852.377	,4490.5009765625,9626.0,4490.5009765625,57,NPU:3
PTA+GE,1783596639193852.377	,4490.5009765625,9626.0,4490.5009765625,57,NPU:3
PTA,1783596639193882.482	,4490.50146484375,9626.0,4490.50146484375,57,NPU:3
PTA+GE,1783596639193882.482	,4490.50146484375,9626.0,4490.50146484375,57,NPU:3
PTA,1783596639193908.571	,4490.5009765625,9626.0,4490.5009765625,57,NPU:3
PTA+GE,1783596639193908.571	,4490.5009765625,9626.0,4490.5009765625,57,NPU:3
PTA,1783596639193909.032	,4490.5009765625,9626.0,4490.5009765625,57,NPU:3
PTA+GE,1783596639193909.032	,4490.5009765625,9626.0,4490.5009765625,57,NPU:3
PTA,1783596639194451.335	,4362.5009765625,9626.0,4362.5009765625,57,NPU:3
PTA+GE,1783596639194451.335	,4362.5009765625,9626.0,4362.5009765625,57,NPU:3
PTA,1783596639194451.836	,4362.5009765625,9626.0,4362.5009765625,57,NPU:3
PTA+GE,1783596639194451.836	,4362.5009765625,9626.0,4362.5009765625,57,NPU:3
PTA,1783596639194453.288	,4234.5009765625,9626.0,4234.5009765625,57,NPU:3
PTA+GE,1783596639194453.288	,4234.5009765625,9626.0,4234.5009765625,57,NPU:3
PTA,1783596639194454.079	,4234.5009765625,9626.0,4234.5009765625,57,NPU:3
PTA+GE,1783596639194454.079	,4234.5009765625,9626.0,4234.5009765625,57,NPU:3
PTA,1783596639194457.324	,4106.5009765625,9626.0,4106.5009765625,57,NPU:3
PTA+GE,1783596639194457.324	,4106.5009765625,9626.0,4106.5009765625,57,NPU:3
PTA,1783596639194458.145	,4106.5009765625,9626.0,4106.5009765625,57,NPU:3
PTA+GE,1783596639194458.145	,4106.5009765625,9626.0,4106.5009765625,57,NPU:3
PTA,1783596639194460.088	,3978.5009765625,9626.0,3978.5009765625,57,NPU:3
PTA+GE,1783596639194460.088	,3978.5009765625,9626.0,3978.5009765625,57,NPU:3
PTA,1783596639194460.549	,3978.5009765625,9626.0,3978.5009765625,57,NPU:3
PTA+GE,1783596639194460.549	,3978.5009765625,9626.0,3978.5009765625,57,NPU:3
PTA,1783596639194462.812	,3594.5009765625,9626.0,3594.5009765625,57,NPU:3
PTA+GE,1783596639194462.812	,3594.5009765625,9626.0,3594.5009765625,57,NPU:3
PTA,1783596639194463.574	,3594.5009765625,9626.0,3594.5009765625,57,NPU:3
PTA+GE,1783596639194463.574	,3594.5009765625,9626.0,3594.5009765625,57,NPU:3
PTA,1783596639194464.986	,3210.5009765625,9626.0,3210.5009765625,57,NPU:3
PTA+GE,1783596639194464.986	,3210.5009765625,9626.0,3210.5009765625,57,NPU:3
PTA,1783596639194465.757	,3210.5009765625,9626.0,3210.5009765625,57,NPU:3
PTA+GE,1783596639194465.757	,3210.5009765625,9626.0,3210.5009765625,57,NPU:3
PTA,1783596639194468.040	,2826.5009765625,9626.0,2826.5009765625,57,NPU:3
PTA+GE,1783596639194468.040	,2826.5009765625,9626.0,2826.5009765625,57,NPU:3
PTA,1783596639194468.651	,2826.5009765625,9626.0,2826.5009765625,57,NPU:3
PTA+GE,1783596639194468.651	,2826.5009765625,9626.0,2826.5009765625,57,NPU:3
PTA,1783596639194696.082	,2832.5009765625,9626.0,2832.5009765625,57,NPU:3
PTA+GE,1783596639194696.082	,2832.5009765625,9626.0,2832.5009765625,57,NPU:3
PTA,1783596639194729.622	,2832.50146484375,9626.0,2832.50146484375,57,NPU:3
PTA+GE,1783596639194729.622	,2832.50146484375,9626.0,2832.50146484375,57,NPU:3
PTA,1783596639194744.935	,2832.5009765625,9626.0,2832.5009765625,57,NPU:3
PTA+GE,1783596639194744.935	,2832.5009765625,9626.0,2832.5009765625,57,NPU:3
PTA,1783596639194745.957	,2832.5009765625,9626.0,2832.5009765625,57,NPU:3
PTA+GE,1783596639194745.957	,2832.5009765625,9626.0,2832.5009765625,57,NPU:3
PTA,1783596639195196.963	,3216.5009765625,9626.0,3216.5009765625,57,NPU:3
PTA+GE,1783596639195196.963	,3216.5009765625,9626.0,3216.5009765625,57,NPU:3
PTA,1783596639195210.213	,3216.50146484375,9626.0,3216.50146484375,57,NPU:3
PTA+GE,1783596639195210.213	,3216.50146484375,9626.0,3216.50146484375,57,NPU:3
PTA,1783596639195217.694	,3216.5009765625,9626.0,3216.5009765625,57,NPU:3
PTA+GE,1783596639195217.694	,3216.5009765625,9626.0,3216.5009765625,57,NPU:3
PTA,1783596639195218.455	,3216.5009765625,9626.0,3216.5009765625,57,NPU:3
PTA+GE,1783596639195218.455	,3216.5009765625,9626.0,3216.5009765625,57,NPU:3
PTA,1783596639195237.564	,3344.5009765625,9626.0,3344.5009765625,57,NPU:3
PTA+GE,1783596639195237.564	,3344.5009765625,9626.0,3344.5009765625,57,NPU:3
PTA,1783596639195243.413	,3344.50146484375,9626.0,3344.50146484375,57,NPU:3
PTA+GE,1783596639195243.413	,3344.50146484375,9626.0,3344.50146484375,57,NPU:3
PTA,1783596639195249.482	,3344.5009765625,9626.0,3344.5009765625,57,NPU:3
PTA+GE,1783596639195249.482	,3344.5009765625,9626.0,3344.5009765625,57,NPU:3
PTA,1783596639195250.083	,3344.5009765625,9626.0,3344.5009765625,57,NPU:3
PTA+GE,1783596639195250.083	,3344.5009765625,9626.0,3344.5009765625,57,NPU:3
PTA,1783596639195266.027	,3472.5009765625,9626.0,3472.5009765625,57,NPU:3
PTA+GE,1783596639195266.027	,3472.5009765625,9626.0,3472.5009765625,57,NPU:3
PTA,1783596639195271.615	,3472.50146484375,9626.0,3472.50146484375,57,NPU:3
PTA+GE,1783596639195271.615	,3472.50146484375,9626.0,3472.50146484375,57,NPU:3
PTA,1783596639195283.823	,3472.5009765625,9626.0,3472.5009765625,57,NPU:3
PTA+GE,1783596639195283.823	,3472.5009765625,9626.0,3472.5009765625,57,NPU:3
PTA,1783596639195284.454	,3472.5009765625,9626.0,3472.5009765625,57,NPU:3
PTA+GE,1783596639195284.454	,3472.5009765625,9626.0,3472.5009765625,57,NPU:3
PTA,1783596639195892.055	,3466.5009765625,9626.0,3466.5009765625,57,NPU:3
PTA+GE,1783596639195892.055	,3466.5009765625,9626.0,3466.5009765625,57,NPU:3
PTA,1783596639195893.007	,3466.5009765625,9626.0,3466.5009765625,57,NPU:3
PTA+GE,1783596639195893.007	,3466.5009765625,9626.0,3466.5009765625,57,NPU:3
PTA,1783596639195903.382	,2698.5009765625,9626.0,2698.5009765625,57,NPU:3
PTA+GE,1783596639195903.382	,2698.5009765625,9626.0,2698.5009765625,57,NPU:3
PTA,1783596639195903.993	,2698.5009765625,9626.0,2698.5009765625,57,NPU:3
PTA+GE,1783596639195903.993	,2698.5009765625,9626.0,2698.5009765625,57,NPU:3
PTA,1783596639195906.387	,2692.5009765625,9626.0,2692.5009765625,57,NPU:3
PTA+GE,1783596639195906.387	,2692.5009765625,9626.0,2692.5009765625,57,NPU:3
PTA,1783596639195906.948	,2692.5009765625,9626.0,2692.5009765625,57,NPU:3
PTA+GE,1783596639195906.948	,2692.5009765625,9626.0,2692.5009765625,57,NPU:3
PTA,1783596639257837.856	,2692.50146484375,9626.0,2692.50146484375,57,NPU:3
PTA+GE,1783596639257837.856	,2692.50146484375,9626.0,2692.50146484375,57,NPU:3
PTA,1783596639257878.036	,2692.501953125,9626.0,2692.501953125,57,NPU:3
PTA+GE,1783596639257878.036	,2692.501953125,9626.0,2692.501953125,57,NPU:3
PTA,1783596639257911.766	,2692.50146484375,9626.0,2692.50146484375,57,NPU:3
PTA+GE,1783596639257911.766	,2692.50146484375,9626.0,2692.50146484375,57,NPU:3
PTA,1783596639257912.467	,2692.50146484375,9626.0,2692.50146484375,57,NPU:3
PTA+GE,1783596639257912.467	,2692.50146484375,9626.0,2692.50146484375,57,NPU:3
PTA,1783596639257990.745	,2692.501953125,9626.0,2692.501953125,57,NPU:3
PTA+GE,1783596639257990.745	,2692.501953125,9626.0,2692.501953125,57,NPU:3
PTA,1783596639257995.201	,2708.50244140625,9626.0,2708.50244140625,57,NPU:3
PTA+GE,1783596639257995.201	,2708.50244140625,9626.0,2708.50244140625,57,NPU:3
PTA,1783596639258023.794	,2692.501953125,9626.0,2692.501953125,57,NPU:3
PTA+GE,1783596639258023.794	,2692.501953125,9626.0,2692.501953125,57,NPU:3
PTA,1783596639258024.555	,2692.501953125,9626.0,2692.501953125,57,NPU:3
PTA+GE,1783596639258024.555	,2692.501953125,9626.0,2692.501953125,57,NPU:3
PTA,1783596639258028.201	,2692.50146484375,9626.0,2692.50146484375,57,NPU:3
PTA+GE,1783596639258028.201	,2692.50146484375,9626.0,2692.50146484375,57,NPU:3
PTA,1783596639258028.862	,2692.50146484375,9626.0,2692.50146484375,57,NPU:3
PTA+GE,1783596639258028.862	,2692.50146484375,9626.0,2692.50146484375,57,NPU:3
PTA,1783596639258174.190	,2692.501953125,9626.0,2692.501953125,57,NPU:3
PTA+GE,1783596639258174.190	,2692.501953125,9626.0,2692.501953125,57,NPU:3
PTA,1783596639258378.166	,2692.50244140625,9626.0,2692.50244140625,57,NPU:3
PTA+GE,1783596639258378.166	,2692.50244140625,9626.0,2692.50244140625,57,NPU:3
PTA,1783596639258381.861	,2708.50341796875,9626.0,2708.50341796875,57,NPU:3
PTA+GE,1783596639258381.861	,2708.50341796875,9626.0,2708.50341796875,57,NPU:3
PTA,1783596639258410.484	,2692.50244140625,9626.0,2692.50244140625,57,NPU:3
PTA+GE,1783596639258410.484	,2692.50244140625,9626.0,2692.50244140625,57,NPU:3
PTA,1783596639258411.436	,2692.50244140625,9626.0,2692.50244140625,57,NPU:3
PTA+GE,1783596639258411.436	,2692.50244140625,9626.0,2692.50244140625,57,NPU:3
PTA,1783596639258518.877	,2692.5029296875,9626.0,2692.5029296875,57,NPU:3
PTA+GE,1783596639258518.877	,2692.5029296875,9626.0,2692.5029296875,57,NPU:3
PTA,1783596639258545.436	,2708.50341796875,9626.0,2708.50341796875,57,NPU:3
PTA+GE,1783596639258545.436	,2708.50341796875,9626.0,2708.50341796875,57,NPU:3
PTA,1783596639258571.706	,2692.5029296875,9626.0,2692.5029296875,57,NPU:3
PTA+GE,1783596639258571.706	,2692.5029296875,9626.0,2692.5029296875,57,NPU:3
PTA,1783596639258572.427	,2692.5029296875,9626.0,2692.5029296875,57,NPU:3
PTA+GE,1783596639258572.427	,2692.5029296875,9626.0,2692.5029296875,57,NPU:3
PTA,1783596639258576.443	,2692.50244140625,9626.0,2692.50244140625,57,NPU:3
PTA+GE,1783596639258576.443	,2692.50244140625,9626.0,2692.50244140625,57,NPU:3
PTA,1783596639258577.164	,2692.50244140625,9626.0,2692.50244140625,57,NPU:3
PTA+GE,1783596639258577.164	,2692.50244140625,9626.0,2692.50244140625,57,NPU:3
PTA,1783596639258634.880	,2692.5029296875,9626.0,2692.5029296875,57,NPU:3
PTA+GE,1783596639258634.880	,2692.5029296875,9626.0,2692.5029296875,57,NPU:3
PTA,1783596639258637.595	,2708.50341796875,9626.0,2708.50341796875,57,NPU:3
PTA+GE,1783596639258637.595	,2708.50341796875,9626.0,2708.50341796875,57,NPU:3
PTA,1783596639258671.846	,2692.5029296875,9626.0,2692.5029296875,57,NPU:3
PTA+GE,1783596639258671.846	,2692.5029296875,9626.0,2692.5029296875,57,NPU:3
PTA,1783596639258672.517	,2692.5029296875,9626.0,2692.5029296875,57,NPU:3
PTA+GE,1783596639258672.517	,2692.5029296875,9626.0,2692.5029296875,57,NPU:3
PTA,1783596639258677.084	,2692.50244140625,9626.0,2692.50244140625,57,NPU:3
PTA+GE,1783596639258677.084	,2692.50244140625,9626.0,2692.50244140625,57,NPU:3
PTA,1783596639258677.685	,2692.50244140625,9626.0,2692.50244140625,57,NPU:3
PTA+GE,1783596639258677.685	,2692.50244140625,9626.0,2692.50244140625,57,NPU:3
PTA,1783596639258679.157	,2692.501953125,9626.0,2692.501953125,57,NPU:3
PTA+GE,1783596639258679.157	,2692.501953125,9626.0,2692.501953125,57,NPU:3
PTA,1783596639258679.778	,2692.501953125,9626.0,2692.501953125,57,NPU:3
PTA+GE,1783596639258679.778	,2692.501953125,9626.0,2692.501953125,57,NPU:3
PTA,1783596639258816.563	,2692.50244140625,9626.0,2692.50244140625,57,NPU:3
PTA+GE,1783596639258816.563	,2692.50244140625,9626.0,2692.50244140625,57,NPU:3
PTA,1783596639258993.348	,2692.5029296875,9626.0,2692.5029296875,57,NPU:3
PTA+GE,1783596639258993.348	,2692.5029296875,9626.0,2692.5029296875,57,NPU:3
PTA,1783596639258996.362	,2708.50390625,9626.0,2708.50390625,57,NPU:3
PTA+GE,1783596639258996.362	,2708.50390625,9626.0,2708.50390625,57,NPU:3
PTA,1783596639259022.462	,2692.5029296875,9626.0,2692.5029296875,57,NPU:3
PTA+GE,1783596639259022.462	,2692.5029296875,9626.0,2692.5029296875,57,NPU:3
PTA,1783596639259023.183	,2692.5029296875,9626.0,2692.5029296875,57,NPU:3
PTA+GE,1783596639259023.183	,2692.5029296875,9626.0,2692.5029296875,57,NPU:3
PTA,1783596639259130.904	,2692.50341796875,9626.0,2692.50341796875,57,NPU:3
PTA+GE,1783596639259130.904	,2692.50341796875,9626.0,2692.50341796875,57,NPU:3
PTA,1783596639259163.703	,2708.50390625,9626.0,2708.50390625,57,NPU:3
PTA+GE,1783596639259163.703	,2708.50390625,9626.0,2708.50390625,57,NPU:3
PTA,1783596639259189.622	,2692.50341796875,9626.0,2692.50341796875,57,NPU:3
PTA+GE,1783596639259189.622	,2692.50341796875,9626.0,2692.50341796875,57,NPU:3
PTA,1783596639259190.323	,2692.50341796875,9626.0,2692.50341796875,57,NPU:3
PTA+GE,1783596639259190.323	,2692.50341796875,9626.0,2692.50341796875,57,NPU:3
PTA,1783596639259194.119	,2692.5029296875,9626.0,2692.5029296875,57,NPU:3
PTA+GE,1783596639259194.119	,2692.5029296875,9626.0,2692.5029296875,57,NPU:3
PTA,1783596639259194.880	,2692.5029296875,9626.0,2692.5029296875,57,NPU:3
PTA+GE,1783596639259194.880	,2692.5029296875,9626.0,2692.5029296875,57,NPU:3
PTA,1783596639259249.893	,2692.50341796875,9626.0,2692.50341796875,57,NPU:3
PTA+GE,1783596639259249.893	,2692.50341796875,9626.0,2692.50341796875,57,NPU:3
PTA,1783596639259252.156	,2708.50390625,9626.0,2708.50390625,57,NPU:3
PTA+GE,1783596639259252.156	,2708.50390625,9626.0,2708.50390625,57,NPU:3
PTA,1783596639259277.083	,2692.50341796875,9626.0,2692.50341796875,57,NPU:3
PTA+GE,1783596639259277.083	,2692.50341796875,9626.0,2692.50341796875,57,NPU:3
PTA,1783596639259277.895	,2692.50341796875,9626.0,2692.50341796875,57,NPU:3
PTA+GE,1783596639259277.895	,2692.50341796875,9626.0,2692.50341796875,57,NPU:3
PTA,1783596639259281.029	,2692.5029296875,9626.0,2692.5029296875,57,NPU:3
PTA+GE,1783596639259281.029	,2692.5029296875,9626.0,2692.5029296875,57,NPU:3
PTA,1783596639259281.770	,2692.5029296875,9626.0,2692.5029296875,57,NPU:3
PTA+GE,1783596639259281.770	,2692.5029296875,9626.0,2692.5029296875,57,NPU:3
PTA,1783596639259283.102	,2692.50244140625,9626.0,2692.50244140625,57,NPU:3
PTA+GE,1783596639259283.102	,2692.50244140625,9626.0,2692.50244140625,57,NPU:3
PTA,1783596639259283.793	,2692.50244140625,9626.0,2692.50244140625,57,NPU:3
PTA+GE,1783596639259283.793	,2692.50244140625,9626.0,2692.50244140625,57,NPU:3
PTA,1783596639259632.817	,3076.50244140625,9626.0,3076.50244140625,57,NPU:3
PTA+GE,1783596639259632.817	,3076.50244140625,9626.0,3076.50244140625,57,NPU:3
PTA,1783596639259664.765	,6148.50439453125,9626.0,6148.50439453125,57,NPU:3
PTA+GE,1783596639259664.765	,6148.50439453125,9626.0,6148.50439453125,57,NPU:3
PTA,1783596639259690.613	,3076.50244140625,9626.0,3076.50244140625,57,NPU:3
PTA+GE,1783596639259690.613	,3076.50244140625,9626.0,3076.50244140625,57,NPU:3
PTA,1783596639259691.264	,3076.50244140625,9626.0,3076.50244140625,57,NPU:3
PTA+GE,1783596639259691.264	,3076.50244140625,9626.0,3076.50244140625,57,NPU:3
PTA,1783596639259787.659	,3204.50244140625,9626.0,3204.50244140625,57,NPU:3
PTA+GE,1783596639259787.659	,3204.50244140625,9626.0,3204.50244140625,57,NPU:3
PTA,1783596639259815.300	,4228.50439453125,9626.0,4228.50439453125,57,NPU:3
PTA+GE,1783596639259815.300	,4228.50439453125,9626.0,4228.50439453125,57,NPU:3
PTA,1783596639259840.899	,3204.50244140625,9626.0,3204.50244140625,57,NPU:3
PTA+GE,1783596639259840.899	,3204.50244140625,9626.0,3204.50244140625,57,NPU:3
PTA,1783596639259841.600	,3204.50244140625,9626.0,3204.50244140625,57,NPU:3
PTA+GE,1783596639259841.600	,3204.50244140625,9626.0,3204.50244140625,57,NPU:3
PTA,1783596639259930.643	,3332.50244140625,9626.0,3332.50244140625,57,NPU:3
PTA+GE,1783596639259930.643	,3332.50244140625,9626.0,3332.50244140625,57,NPU:3
PTA,1783596639259957.323	,4356.50439453125,9626.0,4356.50439453125,57,NPU:3
PTA+GE,1783596639259957.323	,4356.50439453125,9626.0,4356.50439453125,57,NPU:3
PTA,1783596639259982.511	,3332.50244140625,9626.0,3332.50244140625,57,NPU:3
PTA+GE,1783596639259982.511	,3332.50244140625,9626.0,3332.50244140625,57,NPU:3
PTA,1783596639259983.322	,3332.50244140625,9626.0,3332.50244140625,57,NPU:3
PTA+GE,1783596639259983.322	,3332.50244140625,9626.0,3332.50244140625,57,NPU:3
PTA,1783596639260077.153	,3716.50244140625,9626.0,3716.50244140625,57,NPU:3
PTA+GE,1783596639260077.153	,3716.50244140625,9626.0,3716.50244140625,57,NPU:3
PTA,1783596639260103.442	,6788.50439453125,9626.0,6788.50439453125,57,NPU:3
PTA+GE,1783596639260103.442	,6788.50439453125,9626.0,6788.50439453125,57,NPU:3
PTA,1783596639260128.079	,3716.50244140625,9626.0,3716.50244140625,57,NPU:3
PTA+GE,1783596639260128.079	,3716.50244140625,9626.0,3716.50244140625,57,NPU:3
PTA,1783596639260128.710	,3716.50244140625,9626.0,3716.50244140625,57,NPU:3
PTA+GE,1783596639260128.710	,3716.50244140625,9626.0,3716.50244140625,57,NPU:3
PTA,1783596639260132.346	,3716.501953125,9626.0,3716.501953125,57,NPU:3
PTA+GE,1783596639260132.346	,3716.501953125,9626.0,3716.501953125,57,NPU:3
PTA,1783596639260132.957	,3716.501953125,9626.0,3716.501953125,57,NPU:3
PTA+GE,1783596639260132.957	,3716.501953125,9626.0,3716.501953125,57,NPU:3
PTA,1783596639260135.460	,3332.501953125,9626.0,3332.501953125,57,NPU:3
PTA+GE,1783596639260135.460	,3332.501953125,9626.0,3332.501953125,57,NPU:3
PTA,1783596639260136.111	,3332.501953125,9626.0,3332.501953125,57,NPU:3
PTA+GE,1783596639260136.111	,3332.501953125,9626.0,3332.501953125,57,NPU:3
PTA,1783596639260137.824	,3204.501953125,9626.0,3204.501953125,57,NPU:3
PTA+GE,1783596639260137.824	,3204.501953125,9626.0,3204.501953125,57,NPU:3
PTA,1783596639260138.415	,3204.501953125,9626.0,3204.501953125,57,NPU:3
PTA+GE,1783596639260138.415	,3204.501953125,9626.0,3204.501953125,57,NPU:3
PTA,1783596639260139.987	,3076.501953125,9626.0,3076.501953125,57,NPU:3
PTA+GE,1783596639260139.987	,3076.501953125,9626.0,3076.501953125,57,NPU:3
PTA,1783596639260140.648	,3076.501953125,9626.0,3076.501953125,57,NPU:3
PTA+GE,1783596639260140.648	,3076.501953125,9626.0,3076.501953125,57,NPU:3
PTA,1783596639260142.721	,2692.501953125,9626.0,2692.501953125,57,NPU:3
PTA+GE,1783596639260142.721	,2692.501953125,9626.0,2692.501953125,57,NPU:3
PTA,1783596639260143.583	,2692.501953125,9626.0,2692.501953125,57,NPU:3
PTA+GE,1783596639260143.583	,2692.501953125,9626.0,2692.501953125,57,NPU:3
PTA,1783596639260145.325	,2692.50146484375,9626.0,2692.50146484375,57,NPU:3
PTA+GE,1783596639260145.325	,2692.50146484375,9626.0,2692.50146484375,57,NPU:3
PTA,1783596639260146.257	,2692.50146484375,9626.0,2692.50146484375,57,NPU:3
PTA+GE,1783596639260146.257	,2692.50146484375,9626.0,2692.50146484375,57,NPU:3
PTA,1783596639260147.929	,2692.5009765625,9626.0,2692.5009765625,57,NPU:3
PTA+GE,1783596639260147.929	,2692.5009765625,9626.0,2692.5009765625,57,NPU:3
PTA,1783596639260154.940	,2692.5009765625,9626.0,2692.5009765625,57,NPU:3
PTA+GE,1783596639260154.940	,2692.5009765625,9626.0,2692.5009765625,57,NPU:3
PTA,1783596639260251.184	,3076.5009765625,9626.0,3076.5009765625,57,NPU:3
PTA+GE,1783596639260251.184	,3076.5009765625,9626.0,3076.5009765625,57,NPU:3
PTA,1783596639260276.963	,3076.50146484375,9626.0,3076.50146484375,57,NPU:3
PTA+GE,1783596639260276.963	,3076.50146484375,9626.0,3076.50146484375,57,NPU:3
PTA,1783596639260308.119	,3076.5009765625,9626.0,3076.5009765625,57,NPU:3
PTA+GE,1783596639260308.119	,3076.5009765625,9626.0,3076.5009765625,57,NPU:3
PTA,1783596639260308.780	,3076.5009765625,9626.0,3076.5009765625,57,NPU:3
PTA+GE,1783596639260308.780	,3076.5009765625,9626.0,3076.5009765625,57,NPU:3
PTA,1783596639260443.202	,3204.5009765625,9626.0,3204.5009765625,57,NPU:3
PTA+GE,1783596639260443.202	,3204.5009765625,9626.0,3204.5009765625,57,NPU:3
PTA,1783596639260535.670	,3204.50146484375,9626.0,3204.50146484375,57,NPU:3
PTA+GE,1783596639260535.670	,3204.50146484375,9626.0,3204.50146484375,57,NPU:3
PTA,1783596639260620.417	,3204.5009765625,9626.0,3204.5009765625,57,NPU:3
PTA+GE,1783596639260620.417	,3204.5009765625,9626.0,3204.5009765625,57,NPU:3
PTA,1783596639260621.269	,3204.5009765625,9626.0,3204.5009765625,57,NPU:3
PTA+GE,1783596639260621.269	,3204.5009765625,9626.0,3204.5009765625,57,NPU:3
PTA,1783596639261048.820	,3332.5009765625,9626.0,3332.5009765625,57,NPU:3
PTA+GE,1783596639261048.820	,3332.5009765625,9626.0,3332.5009765625,57,NPU:3
PTA,1783596639261137.533	,3332.50146484375,9626.0,3332.50146484375,57,NPU:3
PTA+GE,1783596639261137.533	,3332.50146484375,9626.0,3332.50146484375,57,NPU:3
PTA,1783596639261222.981	,3332.5009765625,9626.0,3332.5009765625,57,NPU:3
PTA+GE,1783596639261222.981	,3332.5009765625,9626.0,3332.5009765625,57,NPU:3
PTA,1783596639261223.973	,3332.5009765625,9626.0,3332.5009765625,57,NPU:3
PTA+GE,1783596639261223.973	,3332.5009765625,9626.0,3332.5009765625,57,NPU:3
PTA,1783596639261829.100	,3716.5009765625,9626.0,3716.5009765625,57,NPU:3
PTA+GE,1783596639261829.100	,3716.5009765625,9626.0,3716.5009765625,57,NPU:3
PTA,1783596639261937.773	,3716.50146484375,9626.0,3716.50146484375,57,NPU:3
PTA+GE,1783596639261937.773	,3716.50146484375,9626.0,3716.50146484375,57,NPU:3
PTA,1783596639262016.671	,3716.5009765625,9626.0,3716.5009765625,57,NPU:3
PTA+GE,1783596639262016.671	,3716.5009765625,9626.0,3716.5009765625,57,NPU:3
PTA,1783596639262017.683	,3716.5009765625,9626.0,3716.5009765625,57,NPU:3
PTA+GE,1783596639262017.683	,3716.5009765625,9626.0,3716.5009765625,57,NPU:3
PTA,1783596639262245.614	,3722.5009765625,9626.0,3722.5009765625,57,NPU:3
PTA+GE,1783596639262245.614	,3722.5009765625,9626.0,3722.5009765625,57,NPU:3
PTA,1783596639262356.691	,3722.50146484375,9626.0,3722.50146484375,57,NPU:3
PTA+GE,1783596639262356.691	,3722.50146484375,9626.0,3722.50146484375,57,NPU:3
PTA,1783596639262456.831	,3722.5009765625,9626.0,3722.5009765625,57,NPU:3
PTA+GE,1783596639262456.831	,3722.5009765625,9626.0,3722.5009765625,57,NPU:3
PTA,1783596639262457.762	,3722.5009765625,9626.0,3722.5009765625,57,NPU:3
PTA+GE,1783596639262457.762	,3722.5009765625,9626.0,3722.5009765625,57,NPU:3
PTA,1783596639262648.148	,3728.5009765625,9626.0,3728.5009765625,57,NPU:3
PTA+GE,1783596639262648.148	,3728.5009765625,9626.0,3728.5009765625,57,NPU:3
PTA,1783596639262821.598	,3744.50146484375,9626.0,3744.50146484375,57,NPU:3
PTA+GE,1783596639262821.598	,3744.50146484375,9626.0,3744.50146484375,57,NPU:3
PTA,1783596639262924.202	,3728.5009765625,9626.0,3728.5009765625,57,NPU:3
PTA+GE,1783596639262924.202	,3728.5009765625,9626.0,3728.5009765625,57,NPU:3
PTA,1783596639262924.873	,3728.5009765625,9626.0,3728.5009765625,57,NPU:3
PTA+GE,1783596639262924.873	,3728.5009765625,9626.0,3728.5009765625,57,NPU:3
PTA,1783596639262930.822	,3722.5009765625,9626.0,3722.5009765625,57,NPU:3
PTA+GE,1783596639262930.822	,3722.5009765625,9626.0,3722.5009765625,57,NPU:3
PTA,1783596639262931.953	,3722.5009765625,9626.0,3722.5009765625,57,NPU:3
PTA+GE,1783596639262931.953	,3722.5009765625,9626.0,3722.5009765625,57,NPU:3
PTA,1783596639263325.744	,4490.5009765625,9626.0,4490.5009765625,57,NPU:3
PTA+GE,1783596639263325.744	,4490.5009765625,9626.0,4490.5009765625,57,NPU:3
PTA,1783596639263418.663	,4490.50146484375,9626.0,4490.50146484375,57,NPU:3
PTA+GE,1783596639263418.663	,4490.50146484375,9626.0,4490.50146484375,57,NPU:3
PTA,1783596639263522.399	,4490.5009765625,9626.0,4490.5009765625,57,NPU:3
PTA+GE,1783596639263522.399	,4490.5009765625,9626.0,4490.5009765625,57,NPU:3
PTA,1783596639263523.430	,4490.5009765625,9626.0,4490.5009765625,57,NPU:3
PTA+GE,1783596639263523.430	,4490.5009765625,9626.0,4490.5009765625,57,NPU:3
PTA,1783596639264287.876	,4362.5009765625,9626.0,4362.5009765625,57,NPU:3
PTA+GE,1783596639264287.876	,4362.5009765625,9626.0,4362.5009765625,57,NPU:3
PTA,1783596639264288.758	,4362.5009765625,9626.0,4362.5009765625,57,NPU:3
PTA+GE,1783596639264288.758	,4362.5009765625,9626.0,4362.5009765625,57,NPU:3
PTA,1783596639264290.620	,4234.5009765625,9626.0,4234.5009765625,57,NPU:3
PTA+GE,1783596639264290.620	,4234.5009765625,9626.0,4234.5009765625,57,NPU:3
PTA,1783596639264291.161	,4234.5009765625,9626.0,4234.5009765625,57,NPU:3
PTA+GE,1783596639264291.161	,4234.5009765625,9626.0,4234.5009765625,57,NPU:3
PTA,1783596639264293.345	,4106.5009765625,9626.0,4106.5009765625,57,NPU:3
PTA+GE,1783596639264293.345	,4106.5009765625,9626.0,4106.5009765625,57,NPU:3
PTA,1783596639264294.086	,4106.5009765625,9626.0,4106.5009765625,57,NPU:3
PTA+GE,1783596639264294.086	,4106.5009765625,9626.0,4106.5009765625,57,NPU:3
PTA,1783596639264296.029	,3978.5009765625,9626.0,3978.5009765625,57,NPU:3
PTA+GE,1783596639264296.029	,3978.5009765625,9626.0,3978.5009765625,57,NPU:3
PTA,1783596639264296.800	,3978.5009765625,9626.0,3978.5009765625,57,NPU:3
PTA+GE,1783596639264296.800	,3978.5009765625,9626.0,3978.5009765625,57,NPU:3
PTA,1783596639264298.793	,3594.5009765625,9626.0,3594.5009765625,57,NPU:3
PTA+GE,1783596639264298.793	,3594.5009765625,9626.0,3594.5009765625,57,NPU:3
PTA,1783596639264299.554	,3594.5009765625,9626.0,3594.5009765625,57,NPU:3
PTA+GE,1783596639264299.554	,3594.5009765625,9626.0,3594.5009765625,57,NPU:3
PTA,1783596639264301.247	,3210.5009765625,9626.0,3210.5009765625,57,NPU:3
PTA+GE,1783596639264301.247	,3210.5009765625,9626.0,3210.5009765625,57,NPU:3
PTA,1783596639264302.048	,3210.5009765625,9626.0,3210.5009765625,57,NPU:3
PTA+GE,1783596639264302.048	,3210.5009765625,9626.0,3210.5009765625,57,NPU:3
PTA,1783596639264304.501	,2826.5009765625,9626.0,2826.5009765625,57,NPU:3
PTA+GE,1783596639264304.501	,2826.5009765625,9626.0,2826.5009765625,57,NPU:3
PTA,1783596639264305.273	,2826.5009765625,9626.0,2826.5009765625,57,NPU:3
PTA+GE,1783596639264305.273	,2826.5009765625,9626.0,2826.5009765625,57,NPU:3
PTA,1783596639264502.148	,2832.5009765625,9626.0,2832.5009765625,57,NPU:3
PTA+GE,1783596639264502.148	,2832.5009765625,9626.0,2832.5009765625,57,NPU:3
PTA,1783596639264512.984	,2832.50146484375,9626.0,2832.50146484375,57,NPU:3
PTA+GE,1783596639264512.984	,2832.50146484375,9626.0,2832.50146484375,57,NPU:3
PTA,1783596639264520.856	,2832.5009765625,9626.0,2832.5009765625,57,NPU:3
PTA+GE,1783596639264520.856	,2832.5009765625,9626.0,2832.5009765625,57,NPU:3
PTA,1783596639264521.236	,2832.5009765625,9626.0,2832.5009765625,57,NPU:3
PTA+GE,1783596639264521.236	,2832.5009765625,9626.0,2832.5009765625,57,NPU:3
PTA,1783596639264753.384	,3216.5009765625,9626.0,3216.5009765625,57,NPU:3
PTA+GE,1783596639264753.384	,3216.5009765625,9626.0,3216.5009765625,57,NPU:3
PTA,1783596639264760.084	,3216.50146484375,9626.0,3216.50146484375,57,NPU:3
PTA+GE,1783596639264760.084	,3216.50146484375,9626.0,3216.50146484375,57,NPU:3
PTA,1783596639264767.015	,3216.5009765625,9626.0,3216.5009765625,57,NPU:3
PTA+GE,1783596639264767.015	,3216.5009765625,9626.0,3216.5009765625,57,NPU:3
PTA,1783596639264767.686	,3216.5009765625,9626.0,3216.5009765625,57,NPU:3
PTA+GE,1783596639264767.686	,3216.5009765625,9626.0,3216.5009765625,57,NPU:3
PTA,1783596639264783.109	,3344.5009765625,9626.0,3344.5009765625,57,NPU:3
PTA+GE,1783596639264783.109	,3344.5009765625,9626.0,3344.5009765625,57,NPU:3
PTA,1783596639264788.277	,3344.50146484375,9626.0,3344.50146484375,57,NPU:3
PTA+GE,1783596639264788.277	,3344.50146484375,9626.0,3344.50146484375,57,NPU:3
PTA,1783596639264794.536	,3344.5009765625,9626.0,3344.5009765625,57,NPU:3
PTA+GE,1783596639264794.536	,3344.5009765625,9626.0,3344.5009765625,57,NPU:3
PTA,1783596639264795.197	,3344.5009765625,9626.0,3344.5009765625,57,NPU:3
PTA+GE,1783596639264795.197	,3344.5009765625,9626.0,3344.5009765625,57,NPU:3
PTA,1783596639264810.800	,3472.5009765625,9626.0,3472.5009765625,57,NPU:3
PTA+GE,1783596639264810.800	,3472.5009765625,9626.0,3472.5009765625,57,NPU:3
PTA,1783596639264818.142	,3472.50146484375,9626.0,3472.50146484375,57,NPU:3
PTA+GE,1783596639264818.142	,3472.50146484375,9626.0,3472.50146484375,57,NPU:3
PTA,1783596639264824.621	,3472.5009765625,9626.0,3472.5009765625,57,NPU:3
PTA+GE,1783596639264824.621	,3472.5009765625,9626.0,3472.5009765625,57,NPU:3
PTA,1783596639264825.282	,3472.5009765625,9626.0,3472.5009765625,57,NPU:3
PTA+GE,1783596639264825.282	,3472.5009765625,9626.0,3472.5009765625,57,NPU:3
PTA,1783596639265414.456	,3466.5009765625,9626.0,3466.5009765625,57,NPU:3
PTA+GE,1783596639265414.456	,3466.5009765625,9626.0,3466.5009765625,57,NPU:3
PTA,1783596639265415.497	,3466.5009765625,9626.0,3466.5009765625,57,NPU:3
PTA+GE,1783596639265415.497	,3466.5009765625,9626.0,3466.5009765625,57,NPU:3
PTA,1783596639265426.053	,2698.5009765625,9626.0,2698.5009765625,57,NPU:3
PTA+GE,1783596639265426.053	,2698.5009765625,9626.0,2698.5009765625,57,NPU:3
PTA,1783596639265429.618	,2698.5009765625,9626.0,2698.5009765625,57,NPU:3
PTA+GE,1783596639265429.618	,2698.5009765625,9626.0,2698.5009765625,57,NPU:3
PTA,1783596639265432.563	,2692.5009765625,9626.0,2692.5009765625,57,NPU:3
PTA+GE,1783596639265432.563	,2692.5009765625,9626.0,2692.5009765625,57,NPU:3
PTA,1783596639265435.848	,2692.5009765625,9626.0,2692.5009765625,57,NPU:3
PTA+GE,1783596639265435.848	,2692.5009765625,9626.0,2692.5009765625,57,NPU:3
PTA,1783596639325392.956	,2692.50146484375,9626.0,2692.50146484375,57,NPU:3
PTA+GE,1783596639325392.956	,2692.50146484375,9626.0,2692.50146484375,57,NPU:3
PTA,1783596639325456.922	,2692.501953125,9626.0,2692.501953125,57,NPU:3
PTA+GE,1783596639325456.922	,2692.501953125,9626.0,2692.501953125,57,NPU:3
PTA,1783596639325492.936	,2692.50146484375,9626.0,2692.50146484375,57,NPU:3
PTA+GE,1783596639325492.936	,2692.50146484375,9626.0,2692.50146484375,57,NPU:3
PTA,1783596639325493.907	,2692.50146484375,9626.0,2692.50146484375,57,NPU:3
PTA+GE,1783596639325493.907	,2692.50146484375,9626.0,2692.50146484375,57,NPU:3
PTA,1783596639325579.896	,2692.501953125,9626.0,2692.501953125,57,NPU:3
PTA+GE,1783596639325579.896	,2692.501953125,9626.0,2692.501953125,57,NPU:3
PTA,1783596639325584.253	,2708.50244140625,9626.0,2708.50244140625,57,NPU:3
PTA+GE,1783596639325584.253	,2708.50244140625,9626.0,2708.50244140625,57,NPU:3
PTA,1783596639325614.148	,2692.501953125,9626.0,2692.501953125,57,NPU:3
PTA+GE,1783596639325614.148	,2692.501953125,9626.0,2692.501953125,57,NPU:3
PTA,1783596639325614.809	,2692.501953125,9626.0,2692.501953125,57,NPU:3
PTA+GE,1783596639325614.809	,2692.501953125,9626.0,2692.501953125,57,NPU:3
PTA,1783596639325618.995	,2692.50146484375,9626.0,2692.50146484375,57,NPU:3
PTA+GE,1783596639325618.995	,2692.50146484375,9626.0,2692.50146484375,57,NPU:3
PTA,1783596639325619.586	,2692.50146484375,9626.0,2692.50146484375,57,NPU:3
PTA+GE,1783596639325619.586	,2692.50146484375,9626.0,2692.50146484375,57,NPU:3
PTA,1783596639325787.287	,2692.501953125,9626.0,2692.501953125,57,NPU:3
PTA+GE,1783596639325787.287	,2692.501953125,9626.0,2692.501953125,57,NPU:3
PTA,1783596639326019.265	,2692.50244140625,9626.0,2692.50244140625,57,NPU:3
PTA+GE,1783596639326019.265	,2692.50244140625,9626.0,2692.50244140625,57,NPU:3
PTA,1783596639326022.920	,2708.50341796875,9626.0,2708.50341796875,57,NPU:3
PTA+GE,1783596639326022.920	,2708.50341796875,9626.0,2708.50341796875,57,NPU:3
PTA,1783596639326051.443	,2692.50244140625,9626.0,2692.50244140625,57,NPU:3
PTA+GE,1783596639326051.443	,2692.50244140625,9626.0,2692.50244140625,57,NPU:3
PTA,1783596639326052.134	,2692.50244140625,9626.0,2692.50244140625,57,NPU:3
PTA+GE,1783596639326052.134	,2692.50244140625,9626.0,2692.50244140625,57,NPU:3
PTA,1783596639326183.171	,2692.5029296875,9626.0,2692.5029296875,57,NPU:3
PTA+GE,1783596639326183.171	,2692.5029296875,9626.0,2692.5029296875,57,NPU:3
PTA,1783596639326216.050	,2708.50341796875,9626.0,2708.50341796875,57,NPU:3
PTA+GE,1783596639326216.050	,2708.50341796875,9626.0,2708.50341796875,57,NPU:3
PTA,1783596639326248.018	,2692.5029296875,9626.0,2692.5029296875,57,NPU:3
PTA+GE,1783596639326248.018	,2692.5029296875,9626.0,2692.5029296875,57,NPU:3
PTA,1783596639326248.729	,2692.5029296875,9626.0,2692.5029296875,57,NPU:3
PTA+GE,1783596639326248.729	,2692.5029296875,9626.0,2692.5029296875,57,NPU:3
PTA,1783596639326252.945	,2692.50244140625,9626.0,2692.50244140625,57,NPU:3
PTA+GE,1783596639326252.945	,2692.50244140625,9626.0,2692.50244140625,57,NPU:3
PTA,1783596639326253.606	,2692.50244140625,9626.0,2692.50244140625,57,NPU:3
PTA+GE,1783596639326253.606	,2692.50244140625,9626.0,2692.50244140625,57,NPU:3
PTA,1783596639326323.521	,2692.5029296875,9626.0,2692.5029296875,57,NPU:3
PTA+GE,1783596639326323.521	,2692.5029296875,9626.0,2692.5029296875,57,NPU:3
PTA,1783596639326326.486	,2708.50341796875,9626.0,2708.50341796875,57,NPU:3
PTA+GE,1783596639326326.486	,2708.50341796875,9626.0,2708.50341796875,57,NPU:3
PTA,1783596639326357.412	,2692.5029296875,9626.0,2692.5029296875,57,NPU:3
PTA+GE,1783596639326357.412	,2692.5029296875,9626.0,2692.5029296875,57,NPU:3
PTA,1783596639326358.093	,2692.5029296875,9626.0,2692.5029296875,57,NPU:3
PTA+GE,1783596639326358.093	,2692.5029296875,9626.0,2692.5029296875,57,NPU:3
PTA,1783596639326361.959	,2692.50244140625,9626.0,2692.50244140625,57,NPU:3
PTA+GE,1783596639326361.959	,2692.50244140625,9626.0,2692.50244140625,57,NPU:3
PTA,1783596639326362.600	,2692.50244140625,9626.0,2692.50244140625,57,NPU:3
PTA+GE,1783596639326362.600	,2692.50244140625,9626.0,2692.50244140625,57,NPU:3
PTA,1783596639326364.042	,2692.501953125,9626.0,2692.501953125,57,NPU:3
PTA+GE,1783596639326364.042	,2692.501953125,9626.0,2692.501953125,57,NPU:3
PTA,1783596639326364.713	,2692.501953125,9626.0,2692.501953125,57,NPU:3
PTA+GE,1783596639326364.713	,2692.501953125,9626.0,2692.501953125,57,NPU:3
PTA,1783596639326526.035	,2692.50244140625,9626.0,2692.50244140625,57,NPU:3
PTA+GE,1783596639326526.035	,2692.50244140625,9626.0,2692.50244140625,57,NPU:3
PTA,1783596639326730.712	,2692.5029296875,9626.0,2692.5029296875,57,NPU:3
PTA+GE,1783596639326730.712	,2692.5029296875,9626.0,2692.5029296875,57,NPU:3
PTA,1783596639326733.626	,2708.50390625,9626.0,2708.50390625,57,NPU:3
PTA+GE,1783596639326733.626	,2708.50390625,9626.0,2708.50390625,57,NPU:3
PTA,1783596639326766.145	,2692.5029296875,9626.0,2692.5029296875,57,NPU:3
PTA+GE,1783596639326766.145	,2692.5029296875,9626.0,2692.5029296875,57,NPU:3
PTA,1783596639326766.886	,2692.5029296875,9626.0,2692.5029296875,57,NPU:3
PTA+GE,1783596639326766.886	,2692.5029296875,9626.0,2692.5029296875,57,NPU:3
PTA,1783596639326893.526	,2692.50341796875,9626.0,2692.50341796875,57,NPU:3
PTA+GE,1783596639326893.526	,2692.50341796875,9626.0,2692.50341796875,57,NPU:3
PTA,1783596639326925.684	,2708.50390625,9626.0,2708.50390625,57,NPU:3
PTA+GE,1783596639326925.684	,2708.50390625,9626.0,2708.50390625,57,NPU:3
PTA,1783596639326957.962	,2692.50341796875,9626.0,2692.50341796875,57,NPU:3
PTA+GE,1783596639326957.962	,2692.50341796875,9626.0,2692.50341796875,57,NPU:3
PTA,1783596639326958.824	,2692.50341796875,9626.0,2692.50341796875,57,NPU:3
PTA+GE,1783596639326958.824	,2692.50341796875,9626.0,2692.50341796875,57,NPU:3
PTA,1783596639326962.169	,2692.5029296875,9626.0,2692.5029296875,57,NPU:3
PTA+GE,1783596639326962.169	,2692.5029296875,9626.0,2692.5029296875,57,NPU:3
PTA,1783596639326963.030	,2692.5029296875,9626.0,2692.5029296875,57,NPU:3
PTA+GE,1783596639326963.030	,2692.5029296875,9626.0,2692.5029296875,57,NPU:3
PTA,1783596639327037.572	,2692.50341796875,9626.0,2692.50341796875,57,NPU:3
PTA+GE,1783596639327037.572	,2692.50341796875,9626.0,2692.50341796875,57,NPU:3
PTA,1783596639327039.915	,2708.50390625,9626.0,2708.50390625,57,NPU:3
PTA+GE,1783596639327039.915	,2708.50390625,9626.0,2708.50390625,57,NPU:3
PTA,1783596639327074.537	,2692.50341796875,9626.0,2692.50341796875,57,NPU:3
PTA+GE,1783596639327074.537	,2692.50341796875,9626.0,2692.50341796875,57,NPU:3
PTA,1783596639327075.238	,2692.50341796875,9626.0,2692.50341796875,57,NPU:3
PTA+GE,1783596639327075.238	,2692.50341796875,9626.0,2692.50341796875,57,NPU:3
PTA,1783596639327078.614	,2692.5029296875,9626.0,2692.5029296875,57,NPU:3
PTA+GE,1783596639327078.614	,2692.5029296875,9626.0,2692.5029296875,57,NPU:3
PTA,1783596639327079.194	,2692.5029296875,9626.0,2692.5029296875,57,NPU:3
PTA+GE,1783596639327079.194	,2692.5029296875,9626.0,2692.5029296875,57,NPU:3
PTA,1783596639327080.596	,2692.50244140625,9626.0,2692.50244140625,57,NPU:3
PTA+GE,1783596639327080.596	,2692.50244140625,9626.0,2692.50244140625,57,NPU:3
PTA,1783596639327081.278	,2692.50244140625,9626.0,2692.50244140625,57,NPU:3
PTA+GE,1783596639327081.278	,2692.50244140625,9626.0,2692.50244140625,57,NPU:3
PTA,1783596639327510.471	,3076.50244140625,9626.0,3076.50244140625,57,NPU:3
PTA+GE,1783596639327510.471	,3076.50244140625,9626.0,3076.50244140625,57,NPU:3
PTA,1783596639327549.750	,6148.50439453125,9626.0,6148.50439453125,57,NPU:3
PTA+GE,1783596639327549.750	,6148.50439453125,9626.0,6148.50439453125,57,NPU:3
PTA,1783596639327584.172	,3076.50244140625,9626.0,3076.50244140625,57,NPU:3
PTA+GE,1783596639327584.172	,3076.50244140625,9626.0,3076.50244140625,57,NPU:3
PTA,1783596639327584.853	,3076.50244140625,9626.0,3076.50244140625,57,NPU:3
PTA+GE,1783596639327584.853	,3076.50244140625,9626.0,3076.50244140625,57,NPU:3
PTA,1783596639327696.730	,3204.50244140625,9626.0,3204.50244140625,57,NPU:3
PTA+GE,1783596639327696.730	,3204.50244140625,9626.0,3204.50244140625,57,NPU:3
PTA,1783596639327730.441	,4228.50439453125,9626.0,4228.50439453125,57,NPU:3
PTA+GE,1783596639327730.441	,4228.50439453125,9626.0,4228.50439453125,57,NPU:3
PTA,1783596639327760.606	,3204.50244140625,9626.0,3204.50244140625,57,NPU:3
PTA+GE,1783596639327760.606	,3204.50244140625,9626.0,3204.50244140625,57,NPU:3
PTA,1783596639327761.467	,3204.50244140625,9626.0,3204.50244140625,57,NPU:3
PTA+GE,1783596639327761.467	,3204.50244140625,9626.0,3204.50244140625,57,NPU:3
PTA,1783596639327872.854	,3332.50244140625,9626.0,3332.50244140625,57,NPU:3
PTA+GE,1783596639327872.854	,3332.50244140625,9626.0,3332.50244140625,57,NPU:3
PTA,1783596639327904.372	,4356.50439453125,9626.0,4356.50439453125,57,NPU:3
PTA+GE,1783596639327904.372	,4356.50439453125,9626.0,4356.50439453125,57,NPU:3
PTA,1783596639327936.099	,3332.50244140625,9626.0,3332.50244140625,57,NPU:3
PTA+GE,1783596639327936.099	,3332.50244140625,9626.0,3332.50244140625,57,NPU:3
PTA,1783596639327936.760	,3332.50244140625,9626.0,3332.50244140625,57,NPU:3
PTA+GE,1783596639327936.760	,3332.50244140625,9626.0,3332.50244140625,57,NPU:3
PTA,1783596639328042.539	,3716.50244140625,9626.0,3716.50244140625,57,NPU:3
PTA+GE,1783596639328042.539	,3716.50244140625,9626.0,3716.50244140625,57,NPU:3
PTA,1783596639328073.505	,6788.50439453125,9626.0,6788.50439453125,57,NPU:3
PTA+GE,1783596639328073.505	,6788.50439453125,9626.0,6788.50439453125,57,NPU:3
PTA,1783596639328105.373	,3716.50244140625,9626.0,3716.50244140625,57,NPU:3
PTA+GE,1783596639328105.373	,3716.50244140625,9626.0,3716.50244140625,57,NPU:3
PTA,1783596639328106.044	,3716.50244140625,9626.0,3716.50244140625,57,NPU:3
PTA+GE,1783596639328106.044	,3716.50244140625,9626.0,3716.50244140625,57,NPU:3
PTA,1783596639328109.519	,3716.501953125,9626.0,3716.501953125,57,NPU:3
PTA+GE,1783596639328109.519	,3716.501953125,9626.0,3716.501953125,57,NPU:3
PTA,1783596639328110.160	,3716.501953125,9626.0,3716.501953125,57,NPU:3
PTA+GE,1783596639328110.160	,3716.501953125,9626.0,3716.501953125,57,NPU:3
PTA,1783596639328112.724	,3332.501953125,9626.0,3332.501953125,57,NPU:3
PTA+GE,1783596639328112.724	,3332.501953125,9626.0,3332.501953125,57,NPU:3
PTA,1783596639328113.345	,3332.501953125,9626.0,3332.501953125,57,NPU:3
PTA+GE,1783596639328113.345	,3332.501953125,9626.0,3332.501953125,57,NPU:3
PTA,1783596639328115.117	,3204.501953125,9626.0,3204.501953125,57,NPU:3
PTA+GE,1783596639328115.117	,3204.501953125,9626.0,3204.501953125,57,NPU:3
PTA,1783596639328115.909	,3204.501953125,9626.0,3204.501953125,57,NPU:3
PTA+GE,1783596639328115.909	,3204.501953125,9626.0,3204.501953125,57,NPU:3
PTA,1783596639328117.802	,3076.501953125,9626.0,3076.501953125,57,NPU:3
PTA+GE,1783596639328117.802	,3076.501953125,9626.0,3076.501953125,57,NPU:3
PTA,1783596639328118.623	,3076.501953125,9626.0,3076.501953125,57,NPU:3
PTA+GE,1783596639328118.623	,3076.501953125,9626.0,3076.501953125,57,NPU:3
PTA,1783596639328120.396	,2692.501953125,9626.0,2692.501953125,57,NPU:3
PTA+GE,1783596639328120.396	,2692.501953125,9626.0,2692.501953125,57,NPU:3
PTA,1783596639328121.046	,2692.501953125,9626.0,2692.501953125,57,NPU:3
PTA+GE,1783596639328121.046	,2692.501953125,9626.0,2692.501953125,57,NPU:3
PTA,1783596639328122.489	,2692.50146484375,9626.0,2692.50146484375,57,NPU:3
PTA+GE,1783596639328122.489	,2692.50146484375,9626.0,2692.50146484375,57,NPU:3
PTA,1783596639328123.160	,2692.50146484375,9626.0,2692.50146484375,57,NPU:3
PTA+GE,1783596639328123.160	,2692.50146484375,9626.0,2692.50146484375,57,NPU:3
PTA,1783596639328125.002	,2692.5009765625,9626.0,2692.5009765625,57,NPU:3
PTA+GE,1783596639328125.002	,2692.5009765625,9626.0,2692.5009765625,57,NPU:3
PTA,1783596639328125.854	,2692.5009765625,9626.0,2692.5009765625,57,NPU:3
PTA+GE,1783596639328125.854	,2692.5009765625,9626.0,2692.5009765625,57,NPU:3
PTA,1783596639328244.862	,3076.5009765625,9626.0,3076.5009765625,57,NPU:3
PTA+GE,1783596639328244.862	,3076.5009765625,9626.0,3076.5009765625,57,NPU:3
PTA,1783596639328271.322	,3076.50146484375,9626.0,3076.50146484375,57,NPU:3
PTA+GE,1783596639328271.322	,3076.50146484375,9626.0,3076.50146484375,57,NPU:3
PTA,1783596639328299.604	,3076.5009765625,9626.0,3076.5009765625,57,NPU:3
PTA+GE,1783596639328299.604	,3076.5009765625,9626.0,3076.5009765625,57,NPU:3
PTA,1783596639328300.395	,3076.5009765625,9626.0,3076.5009765625,57,NPU:3
PTA+GE,1783596639328300.395	,3076.5009765625,9626.0,3076.5009765625,57,NPU:3
PTA,1783596639328451.853	,3204.5009765625,9626.0,3204.5009765625,57,NPU:3
PTA+GE,1783596639328451.853	,3204.5009765625,9626.0,3204.5009765625,57,NPU:3
PTA,1783596639328479.414	,3204.50146484375,9626.0,3204.50146484375,57,NPU:3
PTA+GE,1783596639328479.414	,3204.50146484375,9626.0,3204.50146484375,57,NPU:3
PTA,1783596639328507.716	,3204.5009765625,9626.0,3204.5009765625,57,NPU:3
PTA+GE,1783596639328507.716	,3204.5009765625,9626.0,3204.5009765625,57,NPU:3
PTA,1783596639328508.387	,3204.5009765625,9626.0,3204.5009765625,57,NPU:3
PTA+GE,1783596639328508.387	,3204.5009765625,9626.0,3204.5009765625,57,NPU:3
PTA,1783596639328649.289	,3332.5009765625,9626.0,3332.5009765625,57,NPU:3
PTA+GE,1783596639328649.289	,3332.5009765625,9626.0,3332.5009765625,57,NPU:3
PTA,1783596639328678.913	,3332.50146484375,9626.0,3332.50146484375,57,NPU:3
PTA+GE,1783596639328678.913	,3332.50146484375,9626.0,3332.50146484375,57,NPU:3
PTA,1783596639328708.257	,3332.5009765625,9626.0,3332.5009765625,57,NPU:3
PTA+GE,1783596639328708.257	,3332.5009765625,9626.0,3332.5009765625,57,NPU:3
PTA,1783596639328709.348	,3332.5009765625,9626.0,3332.5009765625,57,NPU:3
PTA+GE,1783596639328709.348	,3332.5009765625,9626.0,3332.5009765625,57,NPU:3
PTA,1783596639328934.606	,3716.5009765625,9626.0,3716.5009765625,57,NPU:3
PTA+GE,1783596639328934.606	,3716.5009765625,9626.0,3716.5009765625,57,NPU:3
PTA,1783596639328966.604	,3716.50146484375,9626.0,3716.50146484375,57,NPU:3
PTA+GE,1783596639328966.604	,3716.50146484375,9626.0,3716.50146484375,57,NPU:3
PTA,1783596639329008.557	,3716.5009765625,9626.0,3716.5009765625,57,NPU:3
PTA+GE,1783596639329008.557	,3716.5009765625,9626.0,3716.5009765625,57,NPU:3
PTA,1783596639329009.729	,3716.5009765625,9626.0,3716.5009765625,57,NPU:3
PTA+GE,1783596639329009.729	,3716.5009765625,9626.0,3716.5009765625,57,NPU:3
PTA,1783596639329083.449	,3722.5009765625,9626.0,3722.5009765625,57,NPU:3
PTA+GE,1783596639329083.449	,3722.5009765625,9626.0,3722.5009765625,57,NPU:3
PTA,1783596639329114.286	,3722.50146484375,9626.0,3722.50146484375,57,NPU:3
PTA+GE,1783596639329114.286	,3722.50146484375,9626.0,3722.50146484375,57,NPU:3
PTA,1783596639329145.863	,3722.5009765625,9626.0,3722.5009765625,57,NPU:3
PTA+GE,1783596639329145.863	,3722.5009765625,9626.0,3722.5009765625,57,NPU:3
PTA,1783596639329146.754	,3722.5009765625,9626.0,3722.5009765625,57,NPU:3
PTA+GE,1783596639329146.754	,3722.5009765625,9626.0,3722.5009765625,57,NPU:3
PTA,1783596639329225.152	,3728.5009765625,9626.0,3728.5009765625,57,NPU:3
PTA+GE,1783596639329225.152	,3728.5009765625,9626.0,3728.5009765625,57,NPU:3
PTA,1783596639329285.442	,3744.50146484375,9626.0,3744.50146484375,57,NPU:3
PTA+GE,1783596639329285.442	,3744.50146484375,9626.0,3744.50146484375,57,NPU:3
PTA,1783596639329317.440	,3728.5009765625,9626.0,3728.5009765625,57,NPU:3
PTA+GE,1783596639329317.440	,3728.5009765625,9626.0,3728.5009765625,57,NPU:3
PTA,1783596639329318.111	,3728.5009765625,9626.0,3728.5009765625,57,NPU:3
PTA+GE,1783596639329318.111	,3728.5009765625,9626.0,3728.5009765625,57,NPU:3
PTA,1783596639329322.408	,3722.5009765625,9626.0,3722.5009765625,57,NPU:3
PTA+GE,1783596639329322.408	,3722.5009765625,9626.0,3722.5009765625,57,NPU:3
PTA,1783596639329323.099	,3722.5009765625,9626.0,3722.5009765625,57,NPU:3
PTA+GE,1783596639329323.099	,3722.5009765625,9626.0,3722.5009765625,57,NPU:3
PTA,1783596639329440.795	,4490.5009765625,9626.0,4490.5009765625,57,NPU:3
PTA+GE,1783596639329440.795	,4490.5009765625,9626.0,4490.5009765625,57,NPU:3
PTA,1783596639329470.500	,4490.50146484375,9626.0,4490.50146484375,57,NPU:3
PTA+GE,1783596639329470.500	,4490.50146484375,9626.0,4490.50146484375,57,NPU:3
PTA,1783596639329500.575	,4490.5009765625,9626.0,4490.5009765625,57,NPU:3
PTA+GE,1783596639329500.575	,4490.5009765625,9626.0,4490.5009765625,57,NPU:3
PTA,1783596639329501.266	,4490.5009765625,9626.0,4490.5009765625,57,NPU:3
PTA+GE,1783596639329501.266	,4490.5009765625,9626.0,4490.5009765625,57,NPU:3
PTA,1783596639329981.526	,4362.5009765625,9626.0,4362.5009765625,57,NPU:3
PTA+GE,1783596639329981.526	,4362.5009765625,9626.0,4362.5009765625,57,NPU:3
PTA,1783596639329982.207	,4362.5009765625,9626.0,4362.5009765625,57,NPU:3
PTA+GE,1783596639329982.207	,4362.5009765625,9626.0,4362.5009765625,57,NPU:3
PTA,1783596639329983.359	,4234.5009765625,9626.0,4234.5009765625,57,NPU:3
PTA+GE,1783596639329983.359	,4234.5009765625,9626.0,4234.5009765625,57,NPU:3
PTA,1783596639329983.910	,4234.5009765625,9626.0,4234.5009765625,57,NPU:3
PTA+GE,1783596639329983.910	,4234.5009765625,9626.0,4234.5009765625,57,NPU:3
PTA,1783596639329986.163	,4106.5009765625,9626.0,4106.5009765625,57,NPU:3
PTA+GE,1783596639329986.163	,4106.5009765625,9626.0,4106.5009765625,57,NPU:3
PTA,1783596639329986.734	,4106.5009765625,9626.0,4106.5009765625,57,NPU:3
PTA+GE,1783596639329986.734	,4106.5009765625,9626.0,4106.5009765625,57,NPU:3
PTA,1783596639329987.956	,3978.5009765625,9626.0,3978.5009765625,57,NPU:3
PTA+GE,1783596639329987.956	,3978.5009765625,9626.0,3978.5009765625,57,NPU:3
PTA,1783596639329988.917	,3978.5009765625,9626.0,3978.5009765625,57,NPU:3
PTA+GE,1783596639329988.917	,3978.5009765625,9626.0,3978.5009765625,57,NPU:3
PTA,1783596639329990.529	,3594.5009765625,9626.0,3594.5009765625,57,NPU:3
PTA+GE,1783596639329990.529	,3594.5009765625,9626.0,3594.5009765625,57,NPU:3
PTA,1783596639329991.100	,3594.5009765625,9626.0,3594.5009765625,57,NPU:3
PTA+GE,1783596639329991.100	,3594.5009765625,9626.0,3594.5009765625,57,NPU:3
PTA,1783596639329992.232	,3210.5009765625,9626.0,3210.5009765625,57,NPU:3
PTA+GE,1783596639329992.232	,3210.5009765625,9626.0,3210.5009765625,57,NPU:3
PTA,1783596639329992.823	,3210.5009765625,9626.0,3210.5009765625,57,NPU:3
PTA+GE,1783596639329992.823	,3210.5009765625,9626.0,3210.5009765625,57,NPU:3
PTA,1783596639329994.095	,2826.5009765625,9626.0,2826.5009765625,57,NPU:3
PTA+GE,1783596639329994.095	,2826.5009765625,9626.0,2826.5009765625,57,NPU:3
PTA,1783596639329994.726	,2826.5009765625,9626.0,2826.5009765625,57,NPU:3
PTA+GE,1783596639329994.726	,2826.5009765625,9626.0,2826.5009765625,57,NPU:3
PTA,1783596639330186.223	,2832.5009765625,9626.0,2832.5009765625,57,NPU:3
PTA+GE,1783596639330186.223	,2832.5009765625,9626.0,2832.5009765625,57,NPU:3
PTA,1783596639330211.080	,2832.50146484375,9626.0,2832.50146484375,57,NPU:3
PTA+GE,1783596639330211.080	,2832.50146484375,9626.0,2832.50146484375,57,NPU:3
PTA,1783596639330229.368	,2832.5009765625,9626.0,2832.5009765625,57,NPU:3
PTA+GE,1783596639330229.368	,2832.5009765625,9626.0,2832.5009765625,57,NPU:3
PTA,1783596639330231.040	,2832.5009765625,9626.0,2832.5009765625,57,NPU:3
PTA+GE,1783596639330231.040	,2832.5009765625,9626.0,2832.5009765625,57,NPU:3
PTA,1783596639330725.592	,3216.5009765625,9626.0,3216.5009765625,57,NPU:3
PTA+GE,1783596639330725.592	,3216.5009765625,9626.0,3216.5009765625,57,NPU:3
PTA,1783596639330739.653	,3216.50146484375,9626.0,3216.50146484375,57,NPU:3
PTA+GE,1783596639330739.653	,3216.50146484375,9626.0,3216.50146484375,57,NPU:3
PTA,1783596639330749.558	,3216.5009765625,9626.0,3216.5009765625,57,NPU:3
PTA+GE,1783596639330749.558	,3216.5009765625,9626.0,3216.5009765625,57,NPU:3
PTA,1783596639330750.499	,3216.5009765625,9626.0,3216.5009765625,57,NPU:3
PTA+GE,1783596639330750.499	,3216.5009765625,9626.0,3216.5009765625,57,NPU:3
PTA,1783596639330775.887	,3344.5009765625,9626.0,3344.5009765625,57,NPU:3
PTA+GE,1783596639330775.887	,3344.5009765625,9626.0,3344.5009765625,57,NPU:3
PTA,1783596639330785.812	,3344.50146484375,9626.0,3344.50146484375,57,NPU:3
PTA+GE,1783596639330785.812	,3344.50146484375,9626.0,3344.50146484375,57,NPU:3
PTA,1783596639330814.675	,3344.5009765625,9626.0,3344.5009765625,57,NPU:3
PTA+GE,1783596639330814.675	,3344.5009765625,9626.0,3344.5009765625,57,NPU:3
PTA,1783596639330816.408	,3344.5009765625,9626.0,3344.5009765625,57,NPU:3
PTA+GE,1783596639330816.408	,3344.5009765625,9626.0,3344.5009765625,57,NPU:3
PTA,1783596639330840.534	,3472.5009765625,9626.0,3472.5009765625,57,NPU:3
PTA+GE,1783596639330840.534	,3472.5009765625,9626.0,3472.5009765625,57,NPU:3
PTA,1783596639330850.138	,3472.50146484375,9626.0,3472.50146484375,57,NPU:3
PTA+GE,1783596639330850.138	,3472.50146484375,9626.0,3472.50146484375,57,NPU:3
PTA,1783596639330860.304	,3472.5009765625,9626.0,3472.5009765625,57,NPU:3
PTA+GE,1783596639330860.304	,3472.5009765625,9626.0,3472.5009765625,57,NPU:3
PTA,1783596639330861.996	,3472.5009765625,9626.0,3472.5009765625,57,NPU:3
PTA+GE,1783596639330861.996	,3472.5009765625,9626.0,3472.5009765625,57,NPU:3
PTA,1783596639331421.295	,3466.5009765625,9626.0,3466.5009765625,57,NPU:3
PTA+GE,1783596639331421.295	,3466.5009765625,9626.0,3466.5009765625,57,NPU:3
PTA,1783596639331421.996	,3466.5009765625,9626.0,3466.5009765625,57,NPU:3
PTA+GE,1783596639331421.996	,3466.5009765625,9626.0,3466.5009765625,57,NPU:3
PTA,1783596639331427.444	,2698.5009765625,9626.0,2698.5009765625,57,NPU:3
PTA+GE,1783596639331427.444	,2698.5009765625,9626.0,2698.5009765625,57,NPU:3
PTA,1783596639331427.935	,2698.5009765625,9626.0,2698.5009765625,57,NPU:3
PTA+GE,1783596639331427.935	,2698.5009765625,9626.0,2698.5009765625,57,NPU:3
PTA,1783596639331429.657	,2692.5009765625,9626.0,2692.5009765625,57,NPU:3
PTA+GE,1783596639331429.657	,2692.5009765625,9626.0,2692.5009765625,57,NPU:3
PTA,1783596639331430.448	,2692.5009765625,9626.0,2692.5009765625,57,NPU:3
PTA+GE,1783596639331430.448	,2692.5009765625,9626.0,2692.5009765625,57,NPU:3
